Sample,Peak,Intensity,Frequency,Key,Tuning
bagpipe_36,1,1.000,1045.74,48,-1
bagpipe_36,2,0.884,1308.18,88,-14
bagpipe_36,3,0.846,915.189,82,-32
bagpipe_36,4,0.796,261.098,60,-3
bagpipe_36,5,0.659,522.196,72,-3
bagpipe_36,6,0.621,391.647,67,-2
bagpipe_36,7,0.548,784.64,79,1
bagpipe_36,8,0.310,130.549,48,-3
bagpipe_36,9,0.299,1569.28,91,1
bagpipe_36,10,0.298,1176.29,86,2
bagpipe_36,11,0.248,1699.83,92,40
bagpipe_36,12,0.241,1830.38,94,-32
bagpipe_36,13,0.229,1438.73,90,-49
bagpipe_36,14,0.180,1049.78,84,5
bagpipe_36,15,0.164,654.091,76,-14
bagpipe_36,16,0.162,1041.7,84,-8
bagpipe_36,17,0.157,2092.82,96,0
bagpipe_36,18,0.142,257.06,60,-30
bagpipe_36,19,0.138,2223.37,97,5
bagpipe_36,20,0.131,265.136,60,23
bagpipe_36,21,0.114,1301.45,88,-23
bagpipe_36,22,0.113,1313.57,88,-7
bagpipe_36,23,0.088,1053.81,84,12
bagpipe_36,24,0.079,907.114,82,-47
bagpipe_36,25,0.076,528.925,72,19
bagpipe_36,26,0.073,1037.66,84,-15
bagpipe_36,27,0.072,790.023,79,13
bagpipe_36,28,0.068,253.023,59,42
bagpipe_36,29,0.068,1297.42,88,-28
bagpipe_36,30,0.066,1317.6,88,-1
bagpipe_36,31,0.064,1960.93,95,-13
bagpipe_36,32,0.063,269.173,60,49
bagpipe_36,33,0.058,777.911,79,-13
bagpipe_36,34,0.058,1057.85,84,19
bagpipe_36,35,0.056,923.264,82,-17
bagpipe_36,36,0.056,3008.01,102,28
bagpipe_36,37,0.056,1565.24,91,-3
bagpipe_36,38,0.055,2746.91,101,-29
bagpipe_36,39,0.052,903.076,81,45
bagpipe_36,40,0.051,1293.38,88,-33
bagpipe_37,1,1.000,415.873,68,2
bagpipe_37,2,0.629,1384.9,89,-15
bagpipe_37,3,0.490,1107.65,85,-2
bagpipe_37,4,0.477,553.151,73,-4
bagpipe_37,5,0.419,1800.77,93,40
bagpipe_37,6,0.314,830.399,80,0
bagpipe_37,7,0.313,275.903,61,-8
bagpipe_37,8,0.235,137.278,49,-16
bagpipe_37,9,0.190,969.024,83,-33
bagpipe_37,10,0.166,1246.27,87,2
bagpipe_37,11,0.160,1939.39,95,-32
bagpipe_37,12,0.128,409.143,68,-26
bagpipe_37,13,0.127,421.256,68,25
bagpipe_37,14,0.125,1523.52,91,-50
bagpipe_37,15,0.124,691.775,77,-17
bagpipe_37,16,0.078,2216.64,97,-1
bagpipe_37,17,0.078,425.294,68,41
bagpipe_37,18,0.075,405.106,68,-43
bagpipe_37,19,0.066,1102.26,85,-10
bagpipe_37,20,0.060,1662.14,92,1
bagpipe_37,21,0.056,1392.97,89,-5
bagpipe_37,22,0.055,429.331,69,-42
bagpipe_37,23,0.055,1114.38,85,9
bagpipe_37,24,0.053,401.068,67,40
bagpipe_37,25,0.053,2355.27,98,4
bagpipe_37,26,0.050,141.316,49,34
bagpipe_38,1,1.000,733.497,78,-15
bagpipe_38,2,0.634,440.098,69,0
bagpipe_38,3,0.417,1320.29,88,2
bagpipe_38,4,0.400,586.798,74,-2
bagpipe_38,5,0.211,146.699,50,-2
bagpipe_38,6,0.207,880.197,81,0
bagpipe_38,7,0.178,729.46,78,-25
bagpipe_38,8,0.168,1026.9,84,-33
bagpipe_38,9,0.161,737.535,78,-6
bagpipe_38,10,0.156,2055.14,96,-32
bagpipe_38,11,0.116,1761.74,93,2
bagpipe_38,12,0.089,1613.69,91,50
bagpipe_38,13,0.088,2348.54,98,-1
bagpipe_38,14,0.087,2201.84,97,-12
bagpipe_38,15,0.086,444.136,69,16
bagpipe_38,16,0.084,725.422,78,-34
bagpipe_38,17,0.080,741.572,78,4
bagpipe_38,18,0.077,293.399,62,-2
bagpipe_38,19,0.070,590.835,74,10
bagpipe_38,20,0.067,582.76,74,-14
bagpipe_38,21,0.058,432.023,69,-32
bagpipe_38,22,0.057,721.384,78,-44
bagpipe_38,23,0.057,1468.34,90,-14
bagpipe_38,24,0.055,1314.91,88,-5
bagpipe_38,25,0.051,745.61,78,13
bagpipe_39,1,1.000,1088.81,85,-31
bagpipe_39,2,0.649,621.79,75,-1
bagpipe_39,3,0.439,154.775,51,-9
bagpipe_39,4,0.421,777.911,79,-13
bagpipe_39,5,0.365,465.67,70,-2
bagpipe_39,6,0.313,1243.58,87,-1
bagpipe_39,7,0.246,310.895,63,-1
bagpipe_39,8,0.207,1555.82,91,-13
bagpipe_39,9,0.175,1399.7,89,3
bagpipe_39,10,0.133,2021.49,95,40
bagpipe_39,11,0.133,1094.19,85,-23
bagpipe_39,12,0.120,617.753,75,-13
bagpipe_39,13,0.117,1082.08,85,-42
bagpipe_39,14,0.115,1710.6,93,-49
bagpipe_39,15,0.114,625.828,75,10
bagpipe_39,16,0.111,2177.61,97,-31
bagpipe_39,17,0.107,932.685,82,1
bagpipe_39,18,0.078,1098.23,85,-16
bagpipe_39,19,0.077,158.812,51,36
bagpipe_39,20,0.076,1866.72,94,2
bagpipe_39,21,0.074,1078.04,85,-49
bagpipe_39,22,0.074,150.737,50,45
bagpipe_39,23,0.062,1247.62,87,4
bagpipe_39,24,0.059,2332.39,98,-13
bagpipe_39,25,0.055,629.865,75,21
bagpipe_39,26,0.054,1102.26,85,-10
bagpipe_39,27,0.053,771.181,79,-29
bagpipe_39,28,0.051,783.294,79,-2
bagpipe_39,29,0.051,613.715,75,-24
bagpipe_39,30,0.051,1074,84,45
bagpipe_39,31,0.050,1239.54,87,-7
bagpipe_40,1,1.000,1153.41,86,-32
bagpipe_40,2,0.735,164.196,52,-7
bagpipe_40,3,0.488,328.391,64,-7
bagpipe_40,4,0.473,823.67,80,-15
bagpipe_40,5,0.436,659.474,76,1
bagpipe_40,6,0.411,1317.6,88,-1
bagpipe_40,7,0.375,493.933,71,0
bagpipe_40,8,0.247,1647.34,92,-15
bagpipe_40,9,0.211,2306.81,98,-32
bagpipe_40,10,0.130,160.158,52,-50
bagpipe_40,11,0.127,1158.79,86,-24
bagpipe_40,12,0.116,168.233,52,36
bagpipe_40,13,0.114,1483.14,90,4
bagpipe_40,14,0.113,987.866,83,0
bagpipe_40,15,0.106,2142.62,96,41
bagpipe_40,16,0.105,1812.88,94,-49
bagpipe_40,17,0.097,1146.68,86,-42
bagpipe_40,18,0.092,819.633,80,-23
bagpipe_40,19,0.078,1977.08,95,1
bagpipe_40,20,0.077,1321.64,88,4
bagpipe_40,21,0.076,1162.83,86,-18
bagpipe_40,22,0.073,827.708,80,-6
bagpipe_40,23,0.069,2471.01,99,-13
bagpipe_40,24,0.066,1313.57,88,-7
bagpipe_40,25,0.064,156.12,51,6
bagpipe_40,26,0.061,1141.29,86,-50
bagpipe_40,27,0.058,172.271,53,-23
bagpipe_40,28,0.058,652.745,76,-17
bagpipe_40,29,0.057,664.858,76,15
bagpipe_40,30,0.057,323.008,64,-35
bagpipe_40,31,0.055,1166.87,86,-12
bagpipe_41,1,1.000,523.542,72,1
bagpipe_41,2,0.898,1047.08,84,1
bagpipe_41,3,0.798,697.159,77,-3
bagpipe_41,4,0.736,1222.05,87,-32
bagpipe_41,5,0.572,1570.63,91,3
bagpipe_41,6,0.567,873.467,81,-13
bagpipe_41,7,0.559,348.579,65,-3
bagpipe_41,8,0.558,1920.55,95,-49
bagpipe_41,9,0.348,2444.09,99,-32
bagpipe_41,10,0.309,2094.17,96,1
bagpipe_41,11,0.282,2619.06,100,-12
bagpipe_41,12,0.236,1744.24,93,-16
bagpipe_41,13,0.196,2792.67,101,-1
bagpipe_41,14,0.196,1395.66,89,-2
bagpipe_41,15,0.182,2269.13,97,40
bagpipe_41,16,0.154,1043.05,84,-6
bagpipe_41,17,0.153,3142.6,103,4
bagpipe_41,18,0.144,4014.72,107,28
bagpipe_41,19,0.141,1051.12,84,8
bagpipe_41,20,0.134,528.925,72,19
bagpipe_41,21,0.122,2967.64,102,4
bagpipe_41,22,0.120,691.775,77,-17
bagpipe_41,23,0.117,3317.56,104,-3
bagpipe_41,24,0.114,866.738,81,-26
bagpipe_41,25,0.110,516.813,72,-21
bagpipe_41,26,0.106,703.888,77,13
bagpipe_41,27,0.101,3841.1,107,-49
bagpipe_41,28,0.101,878.851,81,-2
bagpipe_41,29,0.093,3491.18,105,-14
bagpipe_41,30,0.092,1227.43,87,-24
bagpipe_41,31,0.089,1565.24,91,-3
bagpipe_41,32,0.084,1749.63,93,-10
bagpipe_41,33,0.079,1215.32,87,-41
bagpipe_41,34,0.078,532.963,72,32
bagpipe_41,35,0.078,4189.68,108,2
bagpipe_41,36,0.073,1925.93,95,-44
bagpipe_41,37,0.072,1577.36,91,10
bagpipe_41,38,0.071,1039.01,84,-12
bagpipe_41,39,0.070,862.7,81,-34
bagpipe_41,40,0.068,1055.16,84,14
bagpipe_41,41,0.068,687.738,77,-27
bagpipe_41,42,0.066,1913.82,94,45
bagpipe_41,43,0.065,4888.19,111,-32
bagpipe_41,44,0.065,512.775,72,-35
bagpipe_41,45,0.061,707.926,77,23
bagpipe_41,46,0.059,882.888,81,6
bagpipe_41,47,0.059,174.963,53,3
bagpipe_41,48,0.058,3666.14,106,-30
bagpipe_41,49,0.054,1231.47,87,-18
bagpipe_41,50,0.053,537.001,72,45
bagpipe_42,1,1.000,368.767,66,-6
bagpipe_42,2,0.879,1849.22,94,-14
bagpipe_42,3,0.819,924.61,82,-14
bagpipe_42,4,0.792,184.384,54,-6
bagpipe_42,5,0.619,1664.84,92,4
bagpipe_42,6,0.556,2034.95,96,-49
bagpipe_42,7,0.545,738.881,78,-3
bagpipe_42,8,0.393,554.497,73,0
bagpipe_42,9,0.380,2219.33,97,1
bagpipe_42,10,0.298,2403.72,98,40
bagpipe_42,11,0.287,2589.45,100,-32
bagpipe_42,12,0.181,3329.67,104,4
bagpipe_42,13,0.173,1108.99,85,0
bagpipe_42,14,0.156,1853.26,94,-11
bagpipe_42,15,0.145,180.346,54,-44
bagpipe_42,16,0.143,3884.17,107,-30
bagpipe_42,17,0.135,4069.9,108,-49
bagpipe_42,18,0.133,1845.18,94,-18
bagpipe_42,19,0.130,188.421,54,32
bagpipe_42,20,0.128,1479.11,90,-1
bagpipe_42,21,0.124,363.384,66,-31
bagpipe_42,22,0.120,2773.83,101,-12
bagpipe_42,23,0.114,742.918,78,7
bagpipe_42,24,0.108,375.497,66,26
bagpipe_42,25,0.089,1294.72,88,-32
bagpipe_42,26,0.081,3699.79,106,-14
bagpipe_42,27,0.080,734.843,78,-12
bagpipe_42,28,0.076,2028.22,95,46
bagpipe_42,29,0.074,1857.3,94,-7
bagpipe_42,30,0.074,359.346,65,49
bagpipe_42,31,0.072,176.308,53,17
bagpipe_42,32,0.071,2040.33,96,-44
bagpipe_42,33,0.067,2959.56,102,0
bagpipe_42,34,0.066,1841.15,94,-22
bagpipe_42,35,0.065,916.535,82,-30
bagpipe_42,36,0.064,192.459,55,-32
bagpipe_42,37,0.064,2215.3,97,-2
bagpipe_42,38,0.063,379.534,66,44
bagpipe_42,39,0.063,2223.37,97,5
bagpipe_42,40,0.060,932.685,82,1
bagpipe_42,41,0.060,4254.28,108,28
bagpipe_42,42,0.060,3514.06,105,-3
bagpipe_42,43,0.054,1658.11,92,-3
bagpipe_42,44,0.051,355.309,65,30
bagpipe_42,45,0.051,746.956,78,16
bagpipe_43,1,1.000,783.294,79,-2
bagpipe_43,2,0.669,195.151,55,-7
bagpipe_43,3,0.667,979.791,83,-14
bagpipe_43,4,0.544,391.647,67,-2
bagpipe_43,5,0.493,1959.58,95,-14
bagpipe_43,6,0.307,586.798,74,-2
bagpipe_43,7,0.227,2154.73,97,-50
bagpipe_43,8,0.211,1763.08,93,3
bagpipe_43,9,0.173,787.332,79,7
bagpipe_43,10,0.151,779.257,79,-10
bagpipe_43,11,0.148,2351.23,98,1
bagpipe_43,12,0.137,1566.59,91,-2
bagpipe_43,13,0.134,2547.72,99,40
bagpipe_43,14,0.134,3527.52,105,4
bagpipe_43,15,0.118,199.188,55,28
bagpipe_43,16,0.110,1174.94,86,0
bagpipe_43,17,0.107,191.113,55,-44
bagpipe_43,18,0.101,387.609,67,-19
bagpipe_43,19,0.097,1955.54,95,-18
bagpipe_43,20,0.093,985.174,83,-5
bagpipe_43,21,0.087,3135.87,103,0
bagpipe_43,22,0.086,3331.02,104,4
bagpipe_43,23,0.084,791.369,79,16
bagpipe_43,24,0.081,1963.62,95,-10
bagpipe_43,25,0.081,973.061,83,-26
bagpipe_43,26,0.079,395.685,67,16
bagpipe_43,27,0.071,775.219,79,-19
bagpipe_43,28,0.059,4115.66,108,-29
bagpipe_43,29,0.057,795.407,79,25
bagpipe_43,30,0.055,203.226,56,-37
bagpipe_43,31,0.054,989.212,83,3
bagpipe_43,32,0.051,187.075,54,19
bagpipe_44,1,1.000,830.399,80,0
bagpipe_44,2,0.736,414.527,68,-3
bagpipe_44,3,0.605,1868.06,94,3
bagpipe_44,4,0.557,1037.66,84,-15
bagpipe_44,5,0.514,207.263,56,-3
bagpipe_44,6,0.457,2075.33,96,-15
bagpipe_44,7,0.350,2283.94,98,-49
bagpipe_44,8,0.298,2698.46,100,40
bagpipe_44,9,0.251,1244.93,87,1
bagpipe_44,10,0.247,623.136,75,2
bagpipe_44,11,0.219,2491.2,99,2
bagpipe_44,12,0.152,3737.47,106,4
bagpipe_44,13,0.130,1660.8,92,0
bagpipe_44,14,0.129,410.489,68,-20
bagpipe_44,15,0.125,4359.26,109,-30
bagpipe_44,16,0.122,2905.73,102,-32
bagpipe_44,17,0.113,4567.87,110,-49
bagpipe_44,18,0.093,3321.6,104,0
bagpipe_44,19,0.091,822.324,80,-17
bagpipe_44,20,0.082,1864.02,94,-1
bagpipe_44,21,0.075,839.821,80,19
bagpipe_44,22,0.073,4152,108,-14
bagpipe_44,23,0.073,3528.86,105,4
bagpipe_44,24,0.068,212.647,56,41
bagpipe_44,25,0.062,422.602,68,30
bagpipe_44,26,0.062,406.452,68,-37
bagpipe_44,27,0.060,3944.73,107,-3
bagpipe_44,28,0.056,818.287,80,-26
bagpipe_44,29,0.054,2071.29,96,-18
bagpipe_44,30,0.054,1452.19,90,-33
bagpipe_44,31,0.053,843.858,80,27
bagpipe_44,32,0.053,200.534,55,40
bagpipe_45,1,1.000,219.376,57,-5
bagpipe_45,2,0.998,878.851,81,-2
bagpipe_45,3,0.696,438.752,69,-5
bagpipe_45,4,0.457,1098.23,85,-16
bagpipe_45,5,0.456,1979.77,95,4
bagpipe_45,6,0.335,2199.15,97,-14
bagpipe_45,7,0.307,2419.87,99,-49
bagpipe_45,8,0.293,659.474,76,1
bagpipe_45,9,0.273,2639.24,100,1
bagpipe_45,10,0.192,1318.95,88,1
bagpipe_45,11,0.161,1759.05,93,-1
bagpipe_45,12,0.146,223.414,57,27
bagpipe_45,13,0.130,3519.44,105,0
bagpipe_45,14,0.127,2859.97,101,41
bagpipe_45,15,0.126,873.467,81,-13
bagpipe_45,16,0.112,3959.54,107,4
bagpipe_45,17,0.104,885.58,81,11
bagpipe_45,18,0.104,3738.82,106,4
bagpipe_45,19,0.091,211.301,56,30
bagpipe_45,20,0.082,433.369,69,-26
bagpipe_45,21,0.080,445.482,69,21
bagpipe_45,22,0.076,869.43,81,-21
bagpipe_45,23,0.073,1092.84,85,-25
bagpipe_45,24,0.070,227.451,58,-42
bagpipe_45,25,0.069,1104.96,85,-6
bagpipe_45,26,0.065,1539.67,91,-32
bagpipe_45,27,0.062,889.618,81,19
bagpipe_45,28,0.061,207.263,56,-3
bagpipe_45,29,0.059,1985.15,95,8
bagpipe_45,30,0.056,1973.04,95,-2
bagpipe_45,31,0.056,663.512,76,11
bagpipe_45,32,0.053,865.392,81,-29
bagpipe_46,1,1.000,465.67,70,-2
bagpipe_46,2,0.999,1164.17,86,-16
bagpipe_46,3,0.740,2096.86,96,3
bagpipe_46,4,0.735,931.339,82,-2
bagpipe_46,5,0.510,2563.88,100,-49
bagpipe_46,6,0.501,2329.69,98,-15
bagpipe_46,7,0.471,232.835,58,-2
bagpipe_46,8,0.378,3029.54,102,40
bagpipe_46,9,0.292,698.505,77,0
bagpipe_46,10,0.267,2796.71,101,2
bagpipe_46,11,0.240,3262.38,104,-32
bagpipe_46,12,0.197,1398.36,89,2
bagpipe_46,13,0.185,461.632,70,-17
bagpipe_46,14,0.161,469.707,70,13
bagpipe_46,15,0.146,4195.07,108,4
bagpipe_46,16,0.122,1158.79,86,-24
bagpipe_46,17,0.114,1170.9,86,-6
bagpipe_46,18,0.112,4893.57,111,-30
bagpipe_46,19,0.112,3495.21,105,-12
bagpipe_46,20,0.107,2092.82,96,0
bagpipe_46,21,0.107,925.956,82,-12
bagpipe_46,22,0.106,5127.75,112,-49
bagpipe_46,23,0.094,4660.73,110,-14
bagpipe_46,24,0.090,457.595,70,-32
bagpipe_46,25,0.086,1631.19,92,-32
bagpipe_46,26,0.084,938.069,82,11
bagpipe_46,27,0.083,1864.02,94,-1
bagpipe_46,28,0.081,473.745,70,28
bagpipe_46,29,0.080,3728.05,106,-1
bagpipe_46,30,0.074,1154.75,86,-30
bagpipe_46,31,0.070,5360.59,112,28
bagpipe_46,32,0.067,1174.94,86,0
bagpipe_46,33,0.065,3962.23,107,5
bagpipe_46,34,0.065,2569.26,100,-45
bagpipe_46,35,0.064,2104.93,96,10
bagpipe_46,36,0.064,3025.51,102,38
bagpipe_46,37,0.063,2557.15,99,47
bagpipe_46,38,0.061,2324.31,98,-19
bagpipe_46,39,0.060,921.918,82,-19
bagpipe_46,40,0.058,453.557,70,-47
bagpipe_46,41,0.057,226.106,57,47
bagpipe_46,42,0.057,2088.78,96,-3
bagpipe_46,43,0.057,3033.58,102,43
bagpipe_46,44,0.054,477.783,70,43
bagpipe_46,45,0.051,942.106,82,18
bagpipe_46,46,0.050,702.542,77,10
bagpipe_46,47,0.050,1150.72,86,-36
bagpipe_47,1,1.000,246.294,59,-5
bagpipe_47,2,0.642,986.52,83,-2
bagpipe_47,3,0.582,1234.16,87,-14
bagpipe_47,4,0.505,493.933,71,0
bagpipe_47,5,0.354,2468.32,99,-14
bagpipe_47,6,0.288,2220.68,97,3
bagpipe_47,7,0.236,2715.96,101,-49
bagpipe_47,8,0.161,1481.8,90,2
bagpipe_47,9,0.145,242.256,59,-33
bagpipe_47,10,0.114,2963.6,102,2
bagpipe_47,11,0.109,489.895,71,-14
bagpipe_47,12,0.102,3950.12,107,0
bagpipe_47,13,0.082,740.226,78,1
bagpipe_47,14,0.081,254.369,60,-49
bagpipe_47,15,0.077,497.971,71,14
bagpipe_47,16,0.077,4197.76,108,5
bagpipe_47,17,0.075,238.218,58,38
bagpipe_47,18,0.059,4445.4,109,4
bagpipe_47,19,0.056,993.249,83,10
bagpipe_47,20,0.056,1240.89,87,-5
bagpipe_47,21,0.052,485.858,71,-28
bagpipe_47,22,0.052,258.406,60,-21
bagpipe_48,1,1.000,784.64,79,1
bagpipe_48,2,0.877,1045.74,84,-1
bagpipe_48,3,0.650,2092.82,96,0
bagpipe_48,4,0.538,1830.38,94,-32
bagpipe_48,5,0.487,2615.02,100,-15
bagpipe_48,6,0.461,261.098,60,-3
bagpipe_48,7,0.450,1569.28,91,1
bagpipe_48,8,0.413,522.196,72,-3
bagpipe_48,9,0.302,2353.92,98,3
bagpipe_48,10,0.185,3401,104,40
bagpipe_48,11,0.172,3662.1,106,-31
bagpipe_48,12,0.156,1049.78,84,5
bagpipe_48,13,0.143,1041.7,84,-8
bagpipe_48,14,0.117,2877.46,102,-49
bagpipe_48,15,0.117,4185.64,108,0
bagpipe_48,16,0.100,1308.18,88,-14
bagpipe_48,17,0.100,3138.56,103,1
bagpipe_48,18,0.099,777.911,79,-13
bagpipe_48,19,0.084,257.06,60,-30
bagpipe_48,20,0.082,2098.21,96,4
bagpipe_48,21,0.081,1565.24,91,-3
bagpipe_48,22,0.074,1053.81,84,12
bagpipe_48,23,0.072,265.136,60,23
bagpipe_48,24,0.072,4446.74,109,5
bagpipe_48,25,0.071,1037.66,84,-15
bagpipe_48,26,0.070,1573.32,91,6
bagpipe_48,27,0.068,794.061,79,22
bagpipe_48,28,0.067,2086.09,96,-6
bagpipe_48,29,0.065,3923.2,107,-12
bagpipe_48,30,0.062,2609.63,100,-18
bagpipe_48,31,0.061,773.873,79,-22
bagpipe_48,32,0.059,2621.75,100,-10
bagpipe_48,33,0.057,2357.96,98,6
bagpipe_48,34,0.053,1057.85,84,19
bagpipe_48,35,0.050,2102.24,96,8
bagpipe_49,1,1.000,830.399,80,0
bagpipe_49,2,0.804,2771.14,101,-14
bagpipe_49,3,0.592,1107.65,85,-2
bagpipe_49,4,0.541,2216.64,97,-1
bagpipe_49,5,0.501,1939.39,95,-32
bagpipe_49,6,0.418,553.151,73,-4
bagpipe_49,7,0.404,275.903,61,-8
bagpipe_49,8,0.391,1662.14,92,1
bagpipe_49,9,0.314,3602.88,105,40
bagpipe_49,10,0.303,2493.89,99,3
bagpipe_49,11,0.217,3880.13,107,-31
bagpipe_49,12,0.147,2775.18,101,-12
bagpipe_49,13,0.141,3325.64,104,2
bagpipe_49,14,0.128,825.016,80,-12
bagpipe_49,15,0.125,2767.1,101,-17
bagpipe_49,16,0.124,3048.39,103,-49
bagpipe_49,17,0.116,1384.9,89,-15
bagpipe_49,18,0.116,4434.63,109,0
bagpipe_49,19,0.110,837.129,80,14
bagpipe_49,20,0.103,2220.68,97,3
bagpipe_49,21,0.101,4157.38,108,-12
bagpipe_49,22,0.079,2212.6,97,-4
bagpipe_49,23,0.076,820.978,80,-20
bagpipe_49,24,0.075,1102.26,85,-10
bagpipe_49,25,0.072,1935.36,95,-36
bagpipe_49,26,0.070,4711.88,110,5
bagpipe_49,27,0.066,841.166,80,22
bagpipe_49,28,0.066,2763.06,101,-19
bagpipe_49,29,0.063,2779.21,101,-9
bagpipe_49,30,0.057,1114.38,85,9
bagpipe_49,31,0.055,547.768,73,-21
bagpipe_49,32,0.054,816.941,80,-29
bagpipe_49,33,0.053,3598.85,105,38
bagpipe_49,34,0.052,270.519,61,-42
bagpipe_49,35,0.051,3606.92,105,42
bagpipe_49,36,0.050,282.632,61,34
bagpipe_50,1,1.000,1466.99,90,-15
bagpipe_50,2,0.283,1173.6,86,-2
bagpipe_50,3,0.256,586.798,74,-2
bagpipe_50,4,0.248,2055.14,96,-32
bagpipe_50,5,0.220,880.197,81,0
bagpipe_50,6,0.133,2641.94,100,3
bagpipe_50,7,0.133,1461.61,90,-22
bagpipe_50,8,0.130,1473.72,90,-7
bagpipe_50,9,0.112,3230.08,104,-49
bagpipe_50,10,0.100,1761.74,93,2
bagpipe_50,11,0.079,1457.57,90,-26
bagpipe_50,12,0.078,1477.76,90,-3
bagpipe_50,13,0.059,3816.88,106,40
bagpipe_50,14,0.057,1453.54,90,-31
bagpipe_50,15,0.054,1481.8,90,2
bagpipe_50,16,0.054,2935.33,102,-14
bagpipe_50,17,0.053,2348.54,98,-1
bagpipe_51,1,1.000,1243.58,87,-1
bagpipe_51,2,0.907,621.79,75,-1
bagpipe_51,3,0.726,932.685,82,1
bagpipe_51,4,0.703,2177.61,97,-31
bagpipe_51,5,0.532,1554.48,91,-15
bagpipe_51,6,0.503,2488.51,99,0
bagpipe_51,7,0.446,3110.3,103,-14
bagpipe_51,8,0.267,310.895,63,-1
bagpipe_51,9,0.217,4355.22,109,-31
bagpipe_51,10,0.210,3421.19,105,-49
bagpipe_51,11,0.195,2799.4,101,3
bagpipe_51,12,0.175,4044.33,107,40
bagpipe_51,13,0.142,1239.54,87,-7
bagpipe_51,14,0.130,625.828,75,10
bagpipe_51,15,0.122,936.723,82,8
bagpipe_51,16,0.120,928.648,82,-7
bagpipe_51,17,0.101,2484.47,99,-3
bagpipe_51,18,0.098,1866.72,94,2
bagpipe_51,19,0.093,2183,97,-27
bagpipe_51,20,0.092,2170.88,97,-37
bagpipe_51,21,0.090,3733.43,106,2
bagpipe_51,22,0.085,1251.66,87,10
bagpipe_51,23,0.078,613.715,75,-24
bagpipe_51,24,0.072,1235.51,87,-13
bagpipe_51,25,0.072,3106.26,103,-16
bagpipe_51,26,0.072,2492.54,99,2
bagpipe_51,27,0.068,3114.33,103,-12
bagpipe_51,28,0.067,629.865,75,21
bagpipe_51,29,0.066,1549.09,91,-21
bagpipe_51,30,0.065,940.761,82,16
bagpipe_51,31,0.058,924.61,82,-14
bagpipe_51,32,0.058,2187.03,97,-24
bagpipe_51,33,0.054,4666.12,110,-12
bagpipe_51,34,0.052,609.677,75,-35
bagpipe_51,35,0.051,1231.47,87,-18
bagpipe_51,36,0.051,1561.2,91,-7
bagpipe_51,37,0.051,1255.69,87,15
bagpipe_52,1,1.000,1317.6,88,-1
bagpipe_52,2,0.984,2306.81,98,-32
bagpipe_52,3,0.562,987.866,83,0
bagpipe_52,4,0.499,658.129,76,-3
bagpipe_52,5,0.453,1647.34,92,-15
bagpipe_52,6,0.355,3296.03,104,-14
bagpipe_52,7,0.352,2636.55,100,0
bagpipe_52,8,0.331,328.391,64,-7
bagpipe_52,9,0.211,2310.85,98,-29
bagpipe_52,10,0.185,2302.78,98,-35
bagpipe_52,11,0.176,3625.76,106,-49
bagpipe_52,12,0.130,4614.98,110,-31
bagpipe_52,13,0.121,1313.57,88,-7
bagpipe_52,14,0.117,4283.89,108,40
bagpipe_52,15,0.104,2314.89,98,-26
bagpipe_52,16,0.102,2966.29,102,4
bagpipe_52,17,0.094,2298.74,98,-38
bagpipe_52,18,0.080,1977.08,95,1
bagpipe_52,19,0.074,1325.68,88,9
bagpipe_52,20,0.065,982.482,83,-9
bagpipe_52,21,0.065,3955.5,107,2
bagpipe_52,22,0.064,2294.7,98,-41
bagpipe_52,23,0.062,652.745,76,-17
bagpipe_52,24,0.062,2318.93,98,-23
bagpipe_52,25,0.061,2640.59,100,2
bagpipe_52,26,0.061,1643.3,92,-19
bagpipe_52,27,0.059,2632.51,100,-3
bagpipe_52,28,0.058,1308.18,88,-14
bagpipe_52,29,0.055,994.595,83,12
bagpipe_52,30,0.053,664.858,76,15
bagpipe_53,1,1.000,1395.66,89,-2
bagpipe_53,2,0.782,348.579,65,-3
bagpipe_53,3,0.687,1745.59,93,-14
bagpipe_53,4,0.652,697.159,77,-3
bagpipe_53,5,0.540,3142.6,103,4
bagpipe_53,6,0.412,3491.18,105,-14
bagpipe_53,7,0.375,1047.08,84,1
bagpipe_53,8,0.302,2094.17,96,1
bagpipe_53,9,0.187,3841.1,107,-49
bagpipe_53,10,0.157,4189.68,108,2
bagpipe_53,11,0.138,344.542,65,-23
bagpipe_53,12,0.131,352.617,65,17
bagpipe_53,13,0.124,6285.2,115,4
bagpipe_53,14,0.118,1390.28,89,-8
bagpipe_53,15,0.118,4539.61,109,40
bagpipe_53,16,0.117,5586.69,113,0
bagpipe_53,17,0.113,5935.27,114,4
bagpipe_53,18,0.107,1402.39,89,7
bagpipe_53,19,0.094,2792.67,101,-1
bagpipe_53,20,0.082,691.775,77,-17
bagpipe_53,21,0.080,703.888,77,13
bagpipe_53,22,0.074,1386.24,89,-13
bagpipe_53,23,0.070,3147.98,103,7
bagpipe_53,24,0.069,1737.51,93,-22
bagpipe_53,25,0.067,6633.77,116,-3
bagpipe_53,26,0.067,340.504,65,-44
bagpipe_53,27,0.065,1043.05,84,-6
bagpipe_53,28,0.064,4888.19,111,-32
bagpipe_53,29,0.064,356.655,65,36
bagpipe_53,30,0.062,1406.43,89,12
bagpipe_53,31,0.061,3487.14,105,-16
bagpipe_53,32,0.059,1753.66,93,-6
bagpipe_53,33,0.057,8729.29,121,-28
bagpipe_53,34,0.056,3135.87,103,0
bagpipe_53,35,0.055,7332.28,118,-30
bagpipe_53,36,0.055,1051.12,84,8
bagpipe_53,37,0.054,8030.78,119,28
bagpipe_53,38,0.052,1382.2,89,-18
bagpipe_53,39,0.050,6983.7,117,-14
bagpipe_54,1,1.000,1849.22,94,-14
bagpipe_54,2,0.915,1479.11,90,-1
bagpipe_54,3,0.892,368.767,66,-6
bagpipe_54,4,0.648,738.881,78,-3
bagpipe_54,5,0.465,3329.67,104,4
bagpipe_54,6,0.326,3699.79,106,-14
bagpipe_54,7,0.240,2219.33,97,1
bagpipe_54,8,0.233,4068.55,108,-49
bagpipe_54,9,0.226,1108.99,85,0
bagpipe_54,10,0.162,1483.14,90,4
bagpipe_54,11,0.136,1475.07,90,-6
bagpipe_54,12,0.121,4808.78,110,40
bagpipe_54,13,0.115,2959.56,102,0
bagpipe_54,14,0.115,363.384,66,-31
bagpipe_54,15,0.112,6659.35,116,4
bagpipe_54,16,0.110,4438.67,109,1
bagpipe_54,17,0.102,375.497,66,26
bagpipe_54,18,0.093,5919.12,114,0
bagpipe_54,19,0.092,1857.3,94,-7
bagpipe_54,20,0.089,6289.23,115,5
bagpipe_54,21,0.086,1841.15,94,-22
bagpipe_54,22,0.079,1487.18,90,8
bagpipe_54,23,0.077,733.497,78,-15
bagpipe_54,24,0.072,1471.03,90,-10
bagpipe_54,25,0.068,359.346,65,49
bagpipe_54,26,0.067,745.61,78,13
bagpipe_54,27,0.062,379.534,66,44
bagpipe_54,28,0.059,3335.06,104,7
bagpipe_54,29,0.059,1861.33,94,-3
bagpipe_54,30,0.058,7399.57,118,-14
bagpipe_54,31,0.057,1837.11,94,-26
bagpipe_54,32,0.056,7769.69,119,-29
bagpipe_54,33,0.053,3322.94,104,0
bagpipe_54,34,0.051,1491.22,90,13
bagpipe_55,1,1.000,1567.93,91,0
bagpipe_55,2,0.785,783.294,79,-2
bagpipe_55,3,0.698,1959.58,95,-14
bagpipe_55,4,0.438,391.647,67,-2
bagpipe_55,5,0.425,3527.52,105,4
bagpipe_55,6,0.280,3919.16,107,-14
bagpipe_55,7,0.203,2351.23,98,1
bagpipe_55,8,0.165,4310.81,109,-49
bagpipe_55,9,0.144,1174.94,86,0
bagpipe_55,10,0.137,787.332,79,7
bagpipe_55,11,0.130,1573.32,91,6
bagpipe_55,12,0.128,779.257,79,-10
bagpipe_55,13,0.124,1561.2,91,-7
bagpipe_55,14,0.098,4703.8,110,2
bagpipe_55,15,0.091,5095.45,111,40
bagpipe_55,16,0.085,6663.38,116,5
bagpipe_55,17,0.083,7055.03,117,4
bagpipe_55,18,0.077,6271.74,115,0
bagpipe_55,19,0.076,1557.17,91,-12
bagpipe_55,20,0.074,1577.36,91,10
bagpipe_55,21,0.071,3135.87,103,0
bagpipe_55,22,0.067,791.369,79,16
bagpipe_55,23,0.065,3531.55,105,6
bagpipe_55,24,0.064,1951.51,95,-21
bagpipe_55,25,0.063,775.219,79,-19
bagpipe_55,26,0.060,1967.66,95,-7
bagpipe_55,27,0.053,1581.39,91,15
bagpipe_55,28,0.052,1553.13,91,-16
bagpipe_55,29,0.051,8231.32,120,-29
bagpipe_56,1,1.000,414.527,68,-3
bagpipe_56,2,0.716,830.399,80,0
bagpipe_56,3,0.551,1660.8,92,0
bagpipe_56,4,0.490,2075.33,96,-15
bagpipe_56,5,0.332,3737.47,106,4
bagpipe_56,6,0.266,4152,108,-14
bagpipe_56,7,0.204,1244.93,87,1
bagpipe_56,8,0.196,4567.87,110,-49
bagpipe_56,9,0.172,418.564,68,14
bagpipe_56,10,0.165,410.489,68,-20
bagpipe_56,11,0.129,4982.4,111,2
bagpipe_56,12,0.111,5398.27,112,40
bagpipe_56,13,0.093,835.783,80,11
bagpipe_56,14,0.089,823.67,80,-15
bagpipe_56,15,0.084,422.602,68,30
bagpipe_56,16,0.080,406.452,68,-37
bagpipe_56,17,0.073,1666.18,92,5
bagpipe_56,18,0.066,2491.2,99,2
bagpipe_56,19,0.066,7059.07,117,5
bagpipe_56,20,0.064,6643.2,116,0
bagpipe_56,21,0.063,1654.07,92,-7
bagpipe_56,22,0.059,2082.06,96,-9
bagpipe_56,23,0.059,3321.6,104,0
bagpipe_56,24,0.055,839.821,80,19
bagpipe_56,25,0.055,426.64,68,47
bagpipe_56,26,0.054,5812.8,114,-32
bagpipe_56,27,0.053,402.414,67,45
bagpipe_56,28,0.052,819.633,80,-23
bagpipe_56,29,0.051,4156.04,108,-12
bagpipe_57,1,1.000,1759.05,93,-1
bagpipe_57,2,0.787,2199.15,97,-14
bagpipe_57,3,0.668,438.752,69,-5
bagpipe_57,4,0.561,878.851,81,-2
bagpipe_57,5,0.337,3958.19,107,3
bagpipe_57,6,0.284,4398.29,109,-14
bagpipe_57,7,0.258,1318.95,88,1
bagpipe_57,8,0.214,4838.39,111,-49
bagpipe_57,9,0.173,1763.08,93,3
bagpipe_57,10,0.167,1755.01,93,-5
bagpipe_57,11,0.167,2639.24,100,1
bagpipe_57,12,0.115,5278.49,112,1
bagpipe_57,13,0.092,7917.73,119,3
bagpipe_57,14,0.090,7038.88,117,0
bagpipe_57,15,0.086,1767.12,93,7
bagpipe_57,16,0.084,433.369,69,-26
bagpipe_57,17,0.084,1750.97,93,-9
bagpipe_57,18,0.081,3518.09,105,-1
bagpipe_57,19,0.081,5718.59,113,40
bagpipe_57,20,0.079,7477.63,118,4
bagpipe_57,21,0.074,445.482,69,21
bagpipe_57,22,0.074,2191.07,97,-21
bagpipe_57,23,0.064,2207.22,97,-8
bagpipe_57,24,0.059,1771.16,93,11
bagpipe_57,25,0.055,1746.93,93,-13
bagpipe_57,26,0.053,8357.83,120,-3
bagpipe_57,27,0.052,9238.03,122,-30
bagpipe_57,28,0.050,429.331,69,-42
bagpipe_58,1,1.000,465.67,70,-2
bagpipe_58,2,0.651,931.339,82,-2
bagpipe_58,3,0.524,2329.69,98,-15
bagpipe_58,4,0.328,4195.07,108,4
bagpipe_58,5,0.321,1864.02,94,-1
bagpipe_58,6,0.228,2796.71,101,2
bagpipe_58,7,0.177,461.632,70,-17
bagpipe_58,8,0.169,5593.42,113,2
bagpipe_58,9,0.161,469.707,70,13
bagpipe_58,10,0.133,4660.73,110,-14
bagpipe_58,11,0.133,6059.09,114,40
bagpipe_58,12,0.117,1398.36,89,2
bagpipe_58,13,0.097,5126.4,112,-49
bagpipe_58,14,0.091,3728.05,106,-1
bagpipe_58,15,0.085,457.595,70,-32
bagpipe_58,16,0.083,925.956,82,-12
bagpipe_58,17,0.079,473.745,70,28
bagpipe_58,18,0.074,9788.49,123,-29
bagpipe_58,19,0.073,8390.13,120,4
bagpipe_58,20,0.068,7458.79,118,0
bagpipe_58,21,0.065,938.069,82,11
bagpipe_58,22,0.064,4191.03,108,2
bagpipe_58,23,0.063,6526.11,116,-31
bagpipe_58,24,0.057,9322.82,122,-14
bagpipe_58,25,0.055,453.557,70,-47
bagpipe_58,26,0.053,477.783,70,43
bagpipe_59,1,1.000,1974.39,95,-1
bagpipe_59,2,0.841,2468.32,99,-14
bagpipe_59,3,0.692,492.587,71,-5
bagpipe_59,4,0.683,986.52,83,-2
bagpipe_59,5,0.309,4444.05,109,4
bagpipe_59,6,0.208,1480.45,90,1
bagpipe_59,7,0.207,5430.57,113,-49
bagpipe_59,8,0.194,4936.64,111,-14
bagpipe_59,9,0.178,1978.42,95,3
bagpipe_59,10,0.176,2962.25,102,1
bagpipe_59,11,0.154,1970.35,95,-5
bagpipe_59,12,0.127,5924.5,114,1
bagpipe_59,13,0.103,8888.1,121,4
bagpipe_59,14,0.099,6418.44,115,40
bagpipe_59,15,0.094,7900.23,119,0
bagpipe_59,16,0.089,1982.46,95,6
bagpipe_59,17,0.088,487.204,71,-24
bagpipe_59,18,0.088,3950.12,107,0
bagpipe_59,19,0.083,981.137,83,-12
bagpipe_59,20,0.080,499.316,71,19
bagpipe_59,21,0.079,8394.17,120,5
bagpipe_59,22,0.078,1966.31,95,-8
bagpipe_59,23,0.075,2460.24,99,-20
bagpipe_59,24,0.074,2476.39,99,-9
bagpipe_59,25,0.063,993.249,83,10
bagpipe_59,26,0.058,1986.5,95,10
bagpipe_59,27,0.052,1962.27,95,-12
bagpipe_59,28,0.052,483.166,71,-38
bagpipe_59,29,0.051,2456.21,99,-23
bagpipe_60,1,1.000,2092.82,96,0
bagpipe_60,2,0.873,1569.28,91,1
bagpipe_60,3,0.560,5231.38,112,-14
bagpipe_60,4,0.511,4184.3,108,-1
bagpipe_60,5,0.419,1045.74,84,-1
bagpipe_60,6,0.308,522.196,72,-3
bagpipe_60,7,0.306,3662.1,106,-31
bagpipe_60,8,0.260,3138.56,103,1
bagpipe_60,9,0.231,2615.02,100,-15
bagpipe_60,10,0.172,6277.12,115,1
bagpipe_60,11,0.160,7324.2,118,-31
bagpipe_60,12,0.142,5754.92,114,-49
bagpipe_60,13,0.136,2098.21,96,4
bagpipe_60,14,0.129,2086.09,96,-6
bagpipe_60,15,0.107,6800.66,116,40
bagpipe_60,16,0.102,4707.84,110,3
bagpipe_60,17,0.086,5235.42,112,-13
bagpipe_60,18,0.080,1562.55,91,-6
bagpipe_60,19,0.079,2102.24,96,8
bagpipe_60,20,0.075,2082.06,96,-9
bagpipe_60,21,0.072,1041.7,84,-8
bagpipe_60,22,0.071,1049.78,84,5
bagpipe_60,23,0.068,7847.75,119,-12
bagpipe_60,24,0.066,4178.91,108,-3
bagpipe_60,25,0.062,4191.03,108,2
bagpipe_60,26,0.061,1578.7,91,12
bagpipe_60,27,0.054,5223.31,112,-17
bagpipe_60,28,0.053,2106.28,96,11
bagpipe_60,29,0.052,2078.02,96,-12
bagpipe_61,1,1.000,2216.64,97,-1
bagpipe_61,2,0.899,1662.14,92,1
bagpipe_61,3,0.742,5543.62,113,-14
bagpipe_61,4,0.660,4434.63,109,0
bagpipe_61,5,0.509,3325.64,104,2
bagpipe_61,6,0.481,3880.13,107,-31
bagpipe_61,7,0.355,2771.14,101,-14
bagpipe_61,8,0.350,553.151,73,-4
bagpipe_61,9,0.316,1107.65,85,-2
bagpipe_61,10,0.235,6652.62,116,2
bagpipe_61,11,0.188,6098.12,115,-49
bagpipe_61,12,0.166,7761.61,119,-31
bagpipe_61,13,0.137,5539.59,113,-15
bagpipe_61,14,0.129,4430.59,109,-2
bagpipe_61,15,0.115,4989.13,111,4
bagpipe_61,16,0.109,7205.77,117,40
bagpipe_61,17,0.108,1656.76,92,-5
bagpipe_61,18,0.106,4438.67,109,1
bagpipe_61,19,0.098,5547.66,113,-12
bagpipe_61,20,0.095,2224.72,97,6
bagpipe_61,21,0.094,8316.11,120,-12
bagpipe_61,22,0.090,1668.87,92,8
bagpipe_61,23,0.086,3876.09,107,-33
bagpipe_61,24,0.084,3884.17,107,-30
bagpipe_61,25,0.080,3321.6,104,0
bagpipe_61,26,0.071,2207.22,97,-8
bagpipe_61,27,0.064,1652.72,92,-9
bagpipe_61,28,0.063,2775.18,101,-12
bagpipe_61,29,0.060,5551.7,113,-11
bagpipe_61,30,0.060,2228.75,97,9
bagpipe_61,31,0.058,4442.7,109,3
bagpipe_61,32,0.057,5535.55,113,-16
bagpipe_61,33,0.055,1672.91,92,12
bagpipe_61,34,0.055,2767.1,101,-17
bagpipe_61,35,0.054,9425.1,122,5
bagpipe_61,36,0.053,2203.18,97,-11
bagpipe_61,37,0.051,4426.55,109,-3
bagpipe_62,1,1.000,2936.68,102,-14
bagpipe_62,2,0.456,2348.54,98,-1
bagpipe_62,3,0.400,1761.74,93,2
bagpipe_62,4,0.270,1173.6,86,-2
bagpipe_62,5,0.229,5286.56,112,4
bagpipe_62,6,0.217,4111.62,108,-31
bagpipe_62,7,0.210,3523.48,105,2
bagpipe_62,8,0.178,586.798,74,-2
bagpipe_62,9,0.168,2929.95,102,-18
bagpipe_62,10,0.102,2942.06,102,-10
bagpipe_62,11,0.096,8223.24,120,-31
bagpipe_62,12,0.089,7048.3,117,2
bagpipe_62,13,0.089,2925.91,102,-20
bagpipe_62,14,0.075,9398.18,122,0
bagpipe_62,15,0.074,6461.5,116,-48
bagpipe_62,16,0.073,2344.5,98,-4
bagpipe_62,17,0.073,2946.1,102,-8
bagpipe_62,18,0.070,8810.04,121,-12
bagpipe_62,19,0.060,3519.44,105,0
bagpipe_62,20,0.058,4699.77,110,0
bagpipe_62,21,0.053,4695.73,110,-1
bagpipe_62,22,0.053,2921.88,102,-22
bagpipe_63,1,1.000,2488.51,99,0
bagpipe_63,2,0.834,1866.72,94,2
bagpipe_63,3,0.463,1243.58,87,-1
bagpipe_63,4,0.357,4977.01,111,0
bagpipe_63,5,0.351,621.79,75,-1
bagpipe_63,6,0.329,3110.3,103,-14
bagpipe_63,7,0.319,4355.22,109,-31
bagpipe_63,8,0.250,6843.73,117,-49
bagpipe_63,9,0.227,6221.94,115,-14
bagpipe_63,10,0.146,3733.43,106,2
bagpipe_63,11,0.131,5598.8,113,3
bagpipe_63,12,0.101,1872.1,94,7
bagpipe_63,13,0.092,1859.99,94,-4
bagpipe_63,14,0.087,7465.52,118,2
bagpipe_63,15,0.080,8088.66,119,40
bagpipe_63,16,0.079,2480.43,99,-6
bagpipe_63,17,0.075,2496.58,99,5
bagpipe_63,18,0.070,1239.54,87,-7
bagpipe_63,19,0.065,4360.61,109,-29
bagpipe_63,20,0.061,3106.26,103,-16
bagpipe_63,21,0.059,9332.24,122,-12
bagpipe_63,22,0.057,1876.14,94,11
bagpipe_63,23,0.056,4348.49,109,-34
bagpipe_63,24,0.050,1855.95,94,-8
bagpipe_64,1,1.000,2636.55,100,0
bagpipe_64,2,0.971,1977.08,95,1
bagpipe_64,3,0.647,1317.6,88,-1
bagpipe_64,4,0.414,3296.03,104,-14
bagpipe_64,5,0.383,5273.1,112,0
bagpipe_64,6,0.308,4613.63,110,-32
bagpipe_64,7,0.284,6592.05,116,-14
bagpipe_64,8,0.280,658.129,76,-3
bagpipe_64,9,0.265,7251.53,118,-49
bagpipe_64,10,0.184,3955.5,107,2
bagpipe_64,11,0.179,2632.51,100,-3
bagpipe_64,12,0.179,2640.59,100,2
bagpipe_64,13,0.170,1981.12,95,5
bagpipe_64,14,0.158,5932.58,114,4
bagpipe_64,15,0.142,1973.04,95,-2
bagpipe_64,16,0.111,7911,119,2
bagpipe_64,17,0.090,2644.63,100,5
bagpipe_64,18,0.087,2628.48,100,-6
bagpipe_64,19,0.082,8570.48,120,41
bagpipe_64,20,0.080,1985.15,95,8
bagpipe_64,21,0.070,9888.08,123,-12
bagpipe_64,22,0.066,1969,95,-6
bagpipe_64,23,0.059,2648.66,100,8
bagpipe_64,24,0.057,2624.44,100,-8
bagpipe_64,25,0.055,3300.06,104,-12
bagpipe_65,1,1.000,2094.17,96,1
bagpipe_65,2,0.756,2792.67,101,-1
bagpipe_65,3,0.426,1395.66,89,-2
bagpipe_65,4,0.337,3491.18,105,-14
bagpipe_65,5,0.334,4886.84,111,-32
bagpipe_65,6,0.309,5585.35,113,-1
bagpipe_65,7,0.242,6982.35,117,-14
bagpipe_65,8,0.192,697.159,77,-3
bagpipe_65,9,0.186,7680.86,119,-49
bagpipe_65,10,0.137,4189.68,108,2
bagpipe_65,11,0.134,2090.13,96,-2
bagpipe_65,12,0.132,2788.63,101,-3
bagpipe_65,13,0.125,6283.85,115,3
bagpipe_65,14,0.118,4890.88,111,-31
bagpipe_65,15,0.115,8379.36,120,2
bagpipe_65,16,0.081,9077.87,121,40
bagpipe_65,17,0.067,2102.24,96,8
bagpipe_65,18,0.059,2784.6,101,-6
bagpipe_65,19,0.059,2086.09,96,-6
bagpipe_65,20,0.057,10473.5,124,-12
bagpipe_65,21,0.055,2799.4,101,3
bagpipe_65,22,0.052,7676.82,118,50
bagpipe_66,1,1.000,2219.33,97,1
bagpipe_66,2,0.910,2959.56,102,0
bagpipe_66,3,0.681,3699.79,106,-14
bagpipe_66,4,0.677,738.881,78,-3
bagpipe_66,5,0.643,1479.11,90,-1
bagpipe_66,6,0.462,7399.57,118,-14
bagpipe_66,7,0.454,6659.35,116,4
bagpipe_66,8,0.425,4440.01,109,2
bagpipe_66,9,0.315,5180.24,112,-31
bagpipe_66,10,0.238,8139.8,120,-49
bagpipe_66,11,0.194,2223.37,97,5
bagpipe_66,12,0.182,2963.6,102,2
bagpipe_66,13,0.152,9620.25,122,41
bagpipe_66,14,0.149,2955.52,102,-3
bagpipe_66,15,0.147,2215.3,97,-2
bagpipe_66,16,0.126,10360.5,124,-31
bagpipe_66,17,0.113,8880.03,121,2
bagpipe_66,18,0.093,6655.31,116,3
bagpipe_66,19,0.092,11100.7,125,-12
bagpipe_66,20,0.092,2227.41,97,8
bagpipe_66,21,0.090,7395.54,118,-15
bagpipe_66,22,0.090,4444.05,109,4
bagpipe_66,23,0.089,733.497,78,-15
bagpipe_66,24,0.086,2967.64,102,4
bagpipe_66,25,0.083,4435.98,109,0
bagpipe_66,26,0.083,5920.47,114,0
bagpipe_66,27,0.081,8143.84,120,-48
bagpipe_66,28,0.079,3705.17,106,-11
bagpipe_66,29,0.079,2211.26,97,-5
bagpipe_66,30,0.077,745.61,78,13
bagpipe_66,31,0.075,2951.48,102,-5
bagpipe_66,32,0.074,11840.9,126,0
bagpipe_66,33,0.065,1485.84,90,7
bagpipe_66,34,0.062,2231.45,97,11
bagpipe_66,35,0.056,8135.76,120,-50
bagpipe_66,36,0.055,9624.29,122,41
bagpipe_66,37,0.053,2971.67,102,7
bagpipe_66,38,0.052,7407.65,118,-12
bagpipe_66,39,0.051,1469.69,90,-12
bagpipe_66,40,0.050,729.46,78,-25
bagpipe_67,1,1.000,783.294,79,-2
bagpipe_67,2,0.981,1566.59,91,-2
bagpipe_67,3,0.841,2349.88,98,0
bagpipe_67,4,0.597,3133.18,103,-2
bagpipe_67,5,0.356,4701.11,110,1
bagpipe_67,6,0.297,7835.63,119,-15
bagpipe_67,7,0.293,5484.41,113,-32
bagpipe_67,8,0.251,8618.93,121,-50
bagpipe_67,9,0.248,7052.34,117,3
bagpipe_67,10,0.218,3917.82,107,-15
bagpipe_67,11,0.158,10185.5,123,39
bagpipe_67,12,0.155,9402.22,122,1
bagpipe_67,13,0.153,1570.63,91,3
bagpipe_67,14,0.153,2353.92,98,3
bagpipe_67,15,0.130,10970.2,125,-32
bagpipe_67,16,0.125,788.678,79,10
bagpipe_67,17,0.110,11753.5,126,-13
bagpipe_67,18,0.108,3137.21,103,1
bagpipe_67,19,0.107,12536.7,127,-1
bagpipe_67,20,0.100,7839.67,119,-14
bagpipe_67,21,0.088,776.565,79,-16
bagpipe_67,22,0.077,1558.51,91,-10
bagpipe_67,23,0.076,3924.55,107,-12
bagpipe_67,24,0.075,1574.66,91,7
bagpipe_67,25,0.071,3129.14,103,-4
bagpipe_67,26,0.070,6267.7,115,-1
bagpipe_67,27,0.070,792.715,79,19
bagpipe_67,28,0.067,2357.96,98,6
bagpipe_67,29,0.064,8622.97,121,-49
bagpipe_67,30,0.059,2341.81,98,-6
bagpipe_67,31,0.057,7060.41,117,5
bagpipe_67,32,0.055,1554.48,91,-15
bagpipe_67,33,0.055,772.527,79,-25
bagpipe_67,34,0.053,1578.7,91,12
bagpipe_67,35,0.052,7843.71,119,-13
bagpipe_67,36,0.052,2362,98,9
bagpipe_67,37,0.052,3141.25,103,3
bagpipe_68,1,1.000,2493.89,99,3
bagpipe_68,2,0.968,1662.14,92,1
bagpipe_68,3,0.635,4157.38,108,-12
bagpipe_68,4,0.498,7483.02,118,6
bagpipe_68,5,0.489,830.399,80,0
bagpipe_68,6,0.408,3325.64,104,2
bagpipe_68,7,0.330,8314.76,120,-12
bagpipe_68,8,0.313,5820.87,114,-29
bagpipe_68,9,0.192,2497.93,99,6
bagpipe_68,10,0.150,4987.78,111,3
bagpipe_68,11,0.137,1658.11,92,-3
bagpipe_68,12,0.130,6652.62,116,2
bagpipe_68,13,0.118,4162.76,108,-10
bagpipe_68,14,0.106,12473.5,127,-10
bagpipe_68,15,0.099,9978.25,123,4
bagpipe_68,16,0.094,10810,124,42
bagpipe_68,17,0.093,2501.97,99,9
bagpipe_68,18,0.084,1670.22,92,9
bagpipe_68,19,0.084,9147.85,122,-47
bagpipe_68,20,0.080,2485.81,99,-2
bagpipe_68,21,0.079,4150.65,108,-15
bagpipe_68,22,0.067,1654.07,92,-7
bagpipe_68,23,0.065,825.016,80,-12
bagpipe_68,24,0.064,837.129,80,14
bagpipe_68,25,0.062,4166.8,108,-8
bagpipe_68,26,0.060,11641.7,126,-29
bagpipe_68,27,0.060,2506,99,12
bagpipe_68,28,0.059,3331.02,104,4
bagpipe_68,29,0.056,1674.26,92,14
bagpipe_68,30,0.052,2481.78,99,-5
bagpipe_69,1,1.000,3518.09,105,-1
bagpipe_69,2,0.857,4398.29,109,-14
bagpipe_69,3,0.825,878.851,81,-2
bagpipe_69,4,0.699,1759.05,93,-1
bagpipe_69,5,0.413,7917.73,119,3
bagpipe_69,6,0.199,2639.24,100,1
bagpipe_69,7,0.156,5278.49,112,1
bagpipe_69,8,0.132,3512.71,105,-4
bagpipe_69,9,0.132,3524.82,105,2
bagpipe_69,10,0.131,8797.93,121,-14
bagpipe_69,11,0.126,9678.12,123,-49
bagpipe_69,12,0.119,1755.01,93,-5
bagpipe_69,13,0.117,1763.08,93,3
bagpipe_69,14,0.109,10558.3,124,2
bagpipe_69,15,0.105,15836.8,128,0
bagpipe_69,16,0.104,14077.8,128,0
bagpipe_69,17,0.101,7037.53,117,-1
bagpipe_69,18,0.092,14956.6,128,0
bagpipe_69,19,0.091,4405.02,109,-12
bagpipe_69,20,0.082,11437.2,125,40
bagpipe_69,21,0.079,3508.67,105,-6
bagpipe_69,22,0.076,3528.86,105,4
bagpipe_69,23,0.072,885.58,81,11
bagpipe_69,24,0.062,4388.87,109,-18
bagpipe_69,25,0.059,1767.12,93,7
bagpipe_69,26,0.059,1750.97,93,-9
bagpipe_69,27,0.058,869.43,81,-21
bagpipe_69,28,0.056,16717,128,0
bagpipe_69,29,0.055,3504.64,105,-8
bagpipe_69,30,0.054,3532.9,105,6
bagpipe_69,31,0.052,4409.06,109,-10
bagpipe_70,1,1.000,931.339,82,-2
bagpipe_70,2,0.699,2795.36,101,1
bagpipe_70,3,0.567,4658.04,110,-15
bagpipe_70,4,0.550,3726.7,106,-1
bagpipe_70,5,0.522,1862.68,94,-2
bagpipe_70,6,0.448,8386.09,120,3
bagpipe_70,7,0.445,5590.73,113,1
bagpipe_70,8,0.422,6522.07,116,-32
bagpipe_70,9,0.335,9317.43,122,-15
bagpipe_70,10,0.181,927.302,82,-9
bagpipe_70,11,0.168,10250.1,124,-50
bagpipe_70,12,0.158,935.377,82,6
bagpipe_70,13,0.110,3730.74,106,1
bagpipe_70,14,0.109,7454.75,118,-1
bagpipe_70,15,0.104,11181.5,125,1
bagpipe_70,16,0.101,8382.06,120,2
bagpipe_70,17,0.097,5586.69,113,0
bagpipe_70,18,0.096,2800.75,101,4
bagpipe_70,19,0.095,12112.8,126,39
bagpipe_70,20,0.092,6526.11,116,-31
bagpipe_70,21,0.090,3722.67,106,-3
bagpipe_70,22,0.086,923.264,82,-17
bagpipe_70,23,0.078,939.415,82,13
bagpipe_70,24,0.076,2788.63,101,-3
bagpipe_70,25,0.073,13045.5,128,-32
bagpipe_70,26,0.066,6518.03,116,-33
bagpipe_70,27,0.057,919.227,82,-24
bagpipe_70,28,0.055,1869.41,94,4
bagpipe_70,29,0.052,943.452,82,21
bagpipe_71,1,1.000,987.866,83,0
bagpipe_71,2,0.975,1975.73,95,0
bagpipe_71,3,0.925,3951.46,107,0
bagpipe_71,4,0.873,2963.6,102,2
bagpipe_71,5,0.783,4940.68,111,-13
bagpipe_71,6,0.502,8893.48,121,5
bagpipe_71,7,0.423,5928.54,114,3
bagpipe_71,8,0.421,9881.35,123,-13
bagpipe_71,9,0.363,6916.41,117,-31
bagpipe_71,10,0.254,10869.2,125,-48
bagpipe_71,11,0.170,1971.69,95,-3
bagpipe_71,12,0.167,1979.77,95,4
bagpipe_71,13,0.138,11857.1,126,3
bagpipe_71,14,0.123,3946.08,107,-2
bagpipe_71,15,0.118,3958.19,107,3
bagpipe_71,16,0.113,12844.9,127,41
bagpipe_71,17,0.100,4946.06,111,-11
bagpipe_71,18,0.092,7904.27,119,0
bagpipe_71,19,0.090,981.137,83,-12
bagpipe_71,20,0.084,5924.5,114,1
bagpipe_71,21,0.082,1967.66,95,-7
bagpipe_71,22,0.080,1983.81,95,7
bagpipe_71,23,0.078,4932.6,111,-16
bagpipe_71,24,0.076,3962.23,107,5
bagpipe_71,25,0.075,13834.2,128,0
bagpipe_71,26,0.074,3942.04,107,-4
bagpipe_71,27,0.068,8898.87,121,6
bagpipe_71,28,0.067,997.287,83,17
bagpipe_71,29,0.061,8886.75,121,3
bagpipe_71,30,0.060,4950.1,111,-10
bagpipe_71,31,0.058,975.753,83,-21
bagpipe_71,32,0.058,6912.37,117,-32
bagpipe_71,33,0.055,2954.18,102,-3
bagpipe_71,34,0.055,1987.84,95,11
bagpipe_71,35,0.054,1963.62,95,-10
bagpipe_71,36,0.052,3938,107,-6
bagpipe_71,37,0.052,3966.27,107,7
bagpipe_72,1,1.000,4185.64,108,0
bagpipe_72,2,0.655,3139.91,103,2
bagpipe_72,3,0.484,2092.82,96,0
bagpipe_72,4,0.473,10465.5,124,-14
bagpipe_72,5,0.461,8371.29,120,0
bagpipe_72,6,0.453,7325.55,118,-31
bagpipe_72,7,0.304,1045.74,84,-1
bagpipe_72,8,0.269,5232.73,112,-14
bagpipe_72,9,0.250,6278.47,115,2
bagpipe_72,10,0.178,12558.3,127,2
bagpipe_72,11,0.148,11511.2,126,-49
bagpipe_72,12,0.133,9418.37,122,4
bagpipe_72,13,0.119,4178.91,108,-3
bagpipe_72,14,0.106,4191.03,108,2
bagpipe_72,15,0.092,14651.1,128,0
bagpipe_72,16,0.084,3133.18,103,-2
bagpipe_72,17,0.082,3145.29,103,5
bagpipe_72,18,0.071,4174.88,108,-5
bagpipe_72,19,0.067,10458.7,124,-15
bagpipe_72,20,0.066,10470.8,124,-13
bagpipe_72,21,0.065,4195.07,108,4
bagpipe_72,22,0.063,2098.21,96,4
bagpipe_72,23,0.061,2086.09,96,-6
bagpipe_72,24,0.055,7330.93,118,-30
bagpipe_72,25,0.054,7318.82,118,-33
bagpipe_72,26,0.051,3149.33,103,7
bardic_fiddle_36,1,1.000,391.647,67,-2
bardic_fiddle_36,2,0.535,261.098,60,-3
bardic_fiddle_36,3,0.482,522.196,72,-3
bardic_fiddle_36,4,0.426,1567.93,91,0
bardic_fiddle_36,5,0.330,1437.39,89,49
bardic_fiddle_36,6,0.323,1829.03,94,-33
bardic_fiddle_36,7,0.322,652.745,76,-17
bardic_fiddle_36,8,0.248,1176.29,86,2
bardic_fiddle_36,9,0.247,1045.74,84,-1
bardic_fiddle_36,10,0.213,1698.48,92,38
bardic_fiddle_36,11,0.181,395.685,67,16
bardic_fiddle_36,12,0.160,387.609,67,-19
bardic_fiddle_36,13,0.118,1306.84,88,-15
bardic_fiddle_36,14,0.098,2222.03,97,4
bardic_fiddle_36,15,0.097,526.234,72,10
bardic_fiddle_36,16,0.088,399.722,67,34
bardic_fiddle_36,17,0.079,130.549,48,-3
bardic_fiddle_36,18,0.079,1835.76,94,-27
bardic_fiddle_36,19,0.074,383.572,67,-38
bardic_fiddle_36,20,0.074,265.136,60,23
bardic_fiddle_36,21,0.071,783.294,79,-2
bardic_fiddle_36,22,0.066,2091.48,96,-1
bardic_fiddle_36,23,0.063,518.159,72,-17
bardic_fiddle_36,24,0.063,2352.57,98,2
bardic_fiddle_36,25,0.058,2744.22,101,-31
bardic_fiddle_36,26,0.055,403.76,68,-49
bardic_fiddle_36,27,0.054,913.843,82,-35
bardic_fiddle_36,28,0.054,379.534,66,44
bardic_fiddle_37,1,1.000,414.527,68,-3
bardic_fiddle_37,2,0.559,275.903,61,-8
bardic_fiddle_37,3,0.514,553.151,73,-4
bardic_fiddle_37,4,0.449,1662.14,92,1
bardic_fiddle_37,5,0.356,691.775,77,-17
bardic_fiddle_37,6,0.356,1523.52,91,-50
bardic_fiddle_37,7,0.352,1938.05,95,-33
bardic_fiddle_37,8,0.302,1107.65,85,-2
bardic_fiddle_37,9,0.283,1246.27,87,2
bardic_fiddle_37,10,0.235,1800.77,93,40
bardic_fiddle_37,11,0.132,1384.9,89,-15
bardic_fiddle_37,12,0.122,409.143,68,-26
bardic_fiddle_37,13,0.116,421.256,68,25
bardic_fiddle_37,14,0.107,2353.92,98,3
bardic_fiddle_37,15,0.085,137.278,49,-16
bardic_fiddle_37,16,0.077,2908.42,102,-30
bardic_fiddle_37,17,0.076,2215.3,97,-2
bardic_fiddle_37,18,0.075,695.813,77,-7
bardic_fiddle_37,19,0.075,405.106,68,-43
bardic_fiddle_37,20,0.072,830.399,80,0
bardic_fiddle_37,21,0.071,2492.54,99,2
bardic_fiddle_37,22,0.070,1944.78,95,-27
bardic_fiddle_37,23,0.069,969.024,83,-33
bardic_fiddle_37,24,0.066,270.519,61,-42
bardic_fiddle_37,25,0.066,425.294,68,41
bardic_fiddle_37,26,0.063,1111.69,85,5
bardic_fiddle_37,27,0.060,282.632,61,34
bardic_fiddle_37,28,0.060,1250.31,87,8
bardic_fiddle_37,29,0.053,2631.17,100,-4
bardic_fiddle_37,30,0.052,401.068,67,40
bardic_fiddle_37,31,0.051,2076.67,96,-14
bardic_fiddle_38,1,1.000,440.098,69,0
bardic_fiddle_38,2,0.521,293.399,62,-2
bardic_fiddle_38,3,0.472,586.798,74,-2
bardic_fiddle_38,4,0.471,1760.39,93,0
bardic_fiddle_38,5,0.395,2053.79,96,-33
bardic_fiddle_38,6,0.358,1613.69,91,50
bardic_fiddle_38,7,0.324,733.497,78,-15
bardic_fiddle_38,8,0.285,1173.6,86,-2
bardic_fiddle_38,9,0.275,1320.29,88,2
bardic_fiddle_38,10,0.249,1907.09,94,39
bardic_fiddle_38,11,0.129,1466.99,90,-15
bardic_fiddle_38,12,0.109,2493.89,99,3
bardic_fiddle_38,13,0.103,433.369,69,-26
bardic_fiddle_38,14,0.096,2057.83,96,-29
bardic_fiddle_38,15,0.096,1764.43,93,4
bardic_fiddle_38,16,0.081,146.699,50,-2
bardic_fiddle_38,17,0.079,2347.19,98,-2
bardic_fiddle_38,18,0.076,449.519,69,37
bardic_fiddle_38,19,0.074,1617.73,92,-46
bardic_fiddle_38,20,0.071,3080.69,103,-31
bardic_fiddle_38,21,0.071,2640.59,100,2
bardic_fiddle_38,22,0.069,298.782,62,30
bardic_fiddle_38,23,0.069,878.851,81,-2
bardic_fiddle_38,24,0.069,592.181,74,14
bardic_fiddle_38,25,0.062,1026.9,84,-33
bardic_fiddle_38,26,0.061,1911.13,94,43
bardic_fiddle_38,27,0.057,427.985,69,-48
bardic_fiddle_38,28,0.055,286.67,62,-42
bardic_fiddle_38,29,0.055,453.557,70,-47
bardic_fiddle_38,30,0.051,2787.29,101,-4
bardic_fiddle_39,1,1.000,465.67,70,-2
bardic_fiddle_39,2,0.504,310.895,63,-1
bardic_fiddle_39,3,0.460,621.79,75,-1
bardic_fiddle_39,4,0.459,1865.37,94,1
bardic_fiddle_39,5,0.387,2176.27,97,-32
bardic_fiddle_39,6,0.328,776.565,79,-16
bardic_fiddle_39,7,0.315,1709.25,92,49
bardic_fiddle_39,8,0.279,1243.58,87,-1
bardic_fiddle_39,9,0.250,1398.36,89,2
bardic_fiddle_39,10,0.214,2021.49,95,40
bardic_fiddle_39,11,0.126,1554.48,91,-15
bardic_fiddle_39,12,0.102,2643.28,100,4
bardic_fiddle_39,13,0.090,154.775,51,-9
bardic_fiddle_39,14,0.087,473.745,70,28
bardic_fiddle_39,15,0.076,457.595,70,-32
bardic_fiddle_39,16,0.076,2487.16,99,-1
bardic_fiddle_39,17,0.072,3265.07,104,-30
bardic_fiddle_39,18,0.066,2798.06,101,3
bardic_fiddle_39,19,0.066,931.339,82,-2
bardic_fiddle_39,20,0.064,2180.3,97,-29
bardic_fiddle_39,21,0.063,1869.41,94,4
bardic_fiddle_39,22,0.063,476.437,70,38
bardic_fiddle_39,23,0.062,1087.46,85,-34
bardic_fiddle_39,24,0.061,316.279,63,28
bardic_fiddle_39,25,0.060,304.166,63,-39
bardic_fiddle_39,26,0.057,627.174,75,14
bardic_fiddle_40,1,1.000,493.933,71,0
bardic_fiddle_40,2,0.543,328.391,64,-7
bardic_fiddle_40,3,0.496,658.129,76,-3
bardic_fiddle_40,4,0.445,1975.73,95,0
bardic_fiddle_40,5,0.375,2305.47,98,-33
bardic_fiddle_40,6,0.338,1811.54,93,50
bardic_fiddle_40,7,0.302,822.324,80,-17
bardic_fiddle_40,8,0.267,1481.8,90,2
bardic_fiddle_40,9,0.259,1317.6,88,-1
bardic_fiddle_40,10,0.217,2141.27,96,39
bardic_fiddle_40,11,0.149,497.971,71,14
bardic_fiddle_40,12,0.114,1645.99,92,-16
bardic_fiddle_40,13,0.112,1979.77,95,4
bardic_fiddle_40,14,0.109,2309.51,98,-30
bardic_fiddle_40,15,0.103,662.166,76,8
bardic_fiddle_40,16,0.102,2799.4,101,3
bardic_fiddle_40,17,0.089,164.196,52,-7
bardic_fiddle_40,18,0.086,485.858,71,-28
bardic_fiddle_40,19,0.080,1815.57,94,-46
bardic_fiddle_40,20,0.074,503.354,71,33
bardic_fiddle_40,21,0.074,2635.21,100,-1
bardic_fiddle_40,22,0.066,3458.88,105,-30
bardic_fiddle_40,23,0.063,1152.06,86,-34
bardic_fiddle_40,24,0.063,2964.94,102,3
bardic_fiddle_40,25,0.062,1485.84,90,7
bardic_fiddle_40,26,0.062,654.091,76,-14
bardic_fiddle_40,27,0.061,481.82,71,-43
bardic_fiddle_40,28,0.060,986.52,83,-2
bardic_fiddle_40,29,0.050,507.392,71,47
bardic_fiddle_41,1,1.000,523.542,72,1
bardic_fiddle_41,2,0.579,348.579,65,-3
bardic_fiddle_41,3,0.480,697.159,77,-3
bardic_fiddle_41,4,0.455,2094.17,96,1
bardic_fiddle_41,5,0.359,2442.75,99,-32
bardic_fiddle_41,6,0.345,1919.21,94,50
bardic_fiddle_41,7,0.343,872.121,81,-16
bardic_fiddle_41,8,0.287,1395.66,89,-2
bardic_fiddle_41,9,0.268,1570.63,91,3
bardic_fiddle_41,10,0.226,2269.13,97,40
bardic_fiddle_41,11,0.112,1745.59,93,-14
bardic_fiddle_41,12,0.098,344.542,65,-23
bardic_fiddle_41,13,0.097,516.813,72,-21
bardic_fiddle_41,14,0.094,2966.29,102,4
bardic_fiddle_41,15,0.093,2098.21,96,4
bardic_fiddle_41,16,0.090,352.617,65,17
bardic_fiddle_41,17,0.089,173.617,53,-10
bardic_fiddle_41,18,0.071,2792.67,101,-1
bardic_fiddle_41,19,0.071,532.963,72,32
bardic_fiddle_41,20,0.066,1045.74,84,-1
bardic_fiddle_41,21,0.066,3664.79,106,-30
bardic_fiddle_41,22,0.065,3141.25,103,3
bardic_fiddle_41,23,0.063,876.159,81,-8
bardic_fiddle_41,24,0.062,1399.7,89,3
bardic_fiddle_41,25,0.060,1220.7,87,-33
bardic_fiddle_41,26,0.057,512.775,72,-35
bardic_fiddle_41,27,0.052,537.001,72,45
bardic_fiddle_41,28,0.050,2273.17,97,43
bardic_fiddle_42,1,1.000,554.497,73,0
bardic_fiddle_42,2,0.553,368.767,66,-6
bardic_fiddle_42,3,0.501,738.881,78,-3
bardic_fiddle_42,4,0.454,2217.99,97,0
bardic_fiddle_42,5,0.367,2588.1,100,-32
bardic_fiddle_42,6,0.323,2033.6,96,-50
bardic_fiddle_42,7,0.314,923.264,82,-17
bardic_fiddle_42,8,0.271,1663.49,92,2
bardic_fiddle_42,9,0.248,1479.11,90,-1
bardic_fiddle_42,10,0.212,2402.37,98,39
bardic_fiddle_42,11,0.134,2222.03,97,4
bardic_fiddle_42,12,0.122,2592.14,100,-30
bardic_fiddle_42,13,0.120,1847.87,94,-16
bardic_fiddle_42,14,0.107,742.918,78,7
bardic_fiddle_42,15,0.103,3142.6,103,4
bardic_fiddle_42,16,0.091,547.768,73,-21
bardic_fiddle_42,17,0.090,184.384,54,-6
bardic_fiddle_42,18,0.087,2037.64,96,-46
bardic_fiddle_42,19,0.078,563.918,73,30
bardic_fiddle_42,20,0.070,1667.53,92,7
bardic_fiddle_42,21,0.066,2958.21,102,-1
bardic_fiddle_42,22,0.064,1293.38,88,-33
bardic_fiddle_42,23,0.063,1107.65,85,-2
bardic_fiddle_42,24,0.063,3326.98,104,2
bardic_fiddle_42,25,0.061,3881.48,107,-31
bardic_fiddle_42,26,0.061,2212.6,97,-4
bardic_fiddle_42,27,0.060,734.843,78,-12
bardic_fiddle_42,28,0.058,542.384,73,-38
bardic_fiddle_42,29,0.056,2582.72,100,-36
bardic_fiddle_42,30,0.052,567.956,73,42
bardic_fiddle_43,1,1.000,586.798,74,-2
bardic_fiddle_43,2,0.511,391.647,67,-2
bardic_fiddle_43,3,0.465,783.294,79,-2
bardic_fiddle_43,4,0.455,2349.88,98,0
bardic_fiddle_43,5,0.375,2741.53,101,-33
bardic_fiddle_43,6,0.326,978.445,83,-16
bardic_fiddle_43,7,0.305,2154.73,97,-50
bardic_fiddle_43,8,0.282,1566.59,91,-2
bardic_fiddle_43,9,0.242,1761.74,93,2
bardic_fiddle_43,10,0.228,2546.38,99,39
bardic_fiddle_43,11,0.127,1958.24,95,-15
bardic_fiddle_43,12,0.116,2353.92,98,3
bardic_fiddle_43,13,0.113,2745.57,101,-30
bardic_fiddle_43,14,0.106,3329.67,104,4
bardic_fiddle_43,15,0.089,195.151,55,-7
bardic_fiddle_43,16,0.073,3133.18,103,-2
bardic_fiddle_43,17,0.073,397.031,67,22
bardic_fiddle_43,18,0.071,4112.97,108,-30
bardic_fiddle_43,19,0.069,577.377,74,-30
bardic_fiddle_43,20,0.067,2160.12,97,-45
bardic_fiddle_43,21,0.063,1173.6,86,-2
bardic_fiddle_43,22,0.062,3524.82,105,2
bardic_fiddle_43,23,0.061,1570.63,91,3
bardic_fiddle_43,24,0.060,597.565,74,30
bardic_fiddle_43,25,0.060,1370.09,89,-34
bardic_fiddle_43,26,0.051,2550.42,99,42
bardic_fiddle_44,1,1.000,621.79,75,-1
bardic_fiddle_44,2,0.535,414.527,68,-3
bardic_fiddle_44,3,0.455,829.054,80,-3
bardic_fiddle_44,4,0.406,2489.85,99,1
bardic_fiddle_44,5,0.350,2904.38,102,-33
bardic_fiddle_44,6,0.296,2282.59,98,-50
bardic_fiddle_44,7,0.287,1036.32,84,-17
bardic_fiddle_44,8,0.268,1659.45,92,-2
bardic_fiddle_44,9,0.246,1866.72,94,2
bardic_fiddle_44,10,0.226,2697.12,100,39
bardic_fiddle_44,11,0.144,617.753,75,-13
bardic_fiddle_44,12,0.107,2073.98,96,-16
bardic_fiddle_44,13,0.095,3527.52,105,4
bardic_fiddle_44,14,0.086,629.865,75,21
bardic_fiddle_44,15,0.080,207.263,56,-3
bardic_fiddle_44,16,0.080,418.564,68,14
bardic_fiddle_44,17,0.076,2493.89,99,3
bardic_fiddle_44,18,0.071,613.715,75,-24
bardic_fiddle_44,19,0.066,1243.58,87,-1
bardic_fiddle_44,20,0.064,3734.78,106,3
bardic_fiddle_44,21,0.062,3320.25,104,-1
bardic_fiddle_44,22,0.059,1452.19,90,-33
bardic_fiddle_44,23,0.057,4356.57,109,-31
bardic_fiddle_44,24,0.056,2701.15,100,42
bardic_fiddle_44,25,0.054,2287.97,98,-46
bardic_fiddle_44,26,0.053,633.903,75,32
bardic_fiddle_44,27,0.052,1663.49,92,2
bardic_fiddle_44,28,0.052,609.677,75,-35
bardic_fiddle_45,1,1.000,659.474,76,1
bardic_fiddle_45,2,0.531,438.752,69,-5
bardic_fiddle_45,3,0.486,878.851,81,-2
bardic_fiddle_45,4,0.424,2637.9,100,1
bardic_fiddle_45,5,0.356,3078,103,-32
bardic_fiddle_45,6,0.327,2418.52,99,-50
bardic_fiddle_45,7,0.295,1098.23,85,-16
bardic_fiddle_45,8,0.259,1978.42,95,3
bardic_fiddle_45,9,0.253,1759.05,93,-1
bardic_fiddle_45,10,0.212,2858.62,101,40
bardic_fiddle_45,11,0.109,2197.8,97,-15
bardic_fiddle_45,12,0.106,3082.03,103,-30
bardic_fiddle_45,13,0.095,882.888,81,6
bardic_fiddle_45,14,0.094,3737.47,106,4
bardic_fiddle_45,15,0.087,219.376,57,-5
bardic_fiddle_45,16,0.083,651.399,76,-21
bardic_fiddle_45,17,0.077,667.55,76,22
bardic_fiddle_45,18,0.069,874.813,81,-10
bardic_fiddle_45,19,0.068,3518.09,105,-1
bardic_fiddle_45,20,0.063,647.362,76,-32
bardic_fiddle_45,21,0.062,3086.07,103,-28
bardic_fiddle_45,22,0.061,1318.95,88,1
bardic_fiddle_45,23,0.061,1982.46,95,6
bardic_fiddle_45,24,0.060,1538.33,91,-33
bardic_fiddle_45,25,0.060,4617.67,110,-30
bardic_fiddle_45,26,0.060,3958.19,107,3
bardic_fiddle_45,27,0.060,445.482,69,21
bardic_fiddle_45,28,0.053,2864,101,43
bardic_fiddle_46,1,1.000,698.505,77,0
bardic_fiddle_46,2,0.514,465.67,70,-2
bardic_fiddle_46,3,0.469,931.339,82,-2
bardic_fiddle_46,4,0.364,2795.36,101,1
bardic_fiddle_46,5,0.320,1164.17,86,-16
bardic_fiddle_46,6,0.316,3261.03,104,-32
bardic_fiddle_46,7,0.278,2561.18,99,49
bardic_fiddle_46,8,0.255,1862.68,94,-2
bardic_fiddle_46,9,0.235,2095.51,96,2
bardic_fiddle_46,10,0.202,3028.2,102,39
bardic_fiddle_46,11,0.188,702.542,77,10
bardic_fiddle_46,12,0.118,3265.07,104,-30
bardic_fiddle_46,13,0.104,2800.75,101,4
bardic_fiddle_46,14,0.103,2328.35,98,-16
bardic_fiddle_46,15,0.094,935.377,82,6
bardic_fiddle_46,16,0.091,706.58,77,20
bardic_fiddle_46,17,0.086,3959.54,107,4
bardic_fiddle_46,18,0.079,232.835,58,-2
bardic_fiddle_46,19,0.078,2567.91,100,-46
bardic_fiddle_46,20,0.072,690.429,77,-20
bardic_fiddle_46,21,0.071,471.053,70,18
bardic_fiddle_46,22,0.070,1168.21,86,-10
bardic_fiddle_46,23,0.069,3032.24,102,42
bardic_fiddle_46,24,0.063,1397.01,89,0
bardic_fiddle_46,25,0.062,3726.7,106,-1
bardic_fiddle_46,26,0.061,3269.11,104,-28
bardic_fiddle_46,27,0.061,686.392,77,-30
bardic_fiddle_46,28,0.060,2803.44,101,6
bardic_fiddle_46,29,0.060,1629.84,92,-33
bardic_fiddle_46,30,0.054,4192.37,108,3
bardic_fiddle_46,31,0.052,710.617,77,30
bardic_fiddle_46,32,0.051,4890.88,111,-31
bardic_fiddle_47,1,1.000,246.294,59,-5
bardic_fiddle_47,2,0.915,2222.03,97,4
bardic_fiddle_47,3,0.837,492.587,71,-5
bardic_fiddle_47,4,0.711,740.226,78,1
bardic_fiddle_47,5,0.549,2216.64,97,-1
bardic_fiddle_47,6,0.343,2226.06,97,7
bardic_fiddle_47,7,0.302,1974.39,95,-1
bardic_fiddle_47,8,0.231,1728.09,93,-32
bardic_fiddle_47,9,0.221,2715.96,101,-49
bardic_fiddle_47,10,0.203,242.256,59,-33
bardic_fiddle_47,11,0.183,736.189,78,-9
bardic_fiddle_47,12,0.177,487.204,71,-24
bardic_fiddle_47,13,0.172,250.331,59,24
bardic_fiddle_47,14,0.171,1480.45,90,1
bardic_fiddle_47,15,0.164,2710.57,100,48
bardic_fiddle_47,16,0.156,1970.35,95,-5
bardic_fiddle_47,17,0.145,2231.45,97,11
bardic_fiddle_47,18,0.142,2211.26,97,-5
bardic_fiddle_47,19,0.120,1234.16,87,-14
bardic_fiddle_47,20,0.115,2468.32,99,-14
bardic_fiddle_47,21,0.112,1979.77,95,4
bardic_fiddle_47,22,0.106,2720,101,-46
bardic_fiddle_47,23,0.106,1722.71,93,-37
bardic_fiddle_47,24,0.104,3698.44,106,-14
bardic_fiddle_47,25,0.095,254.369,60,-49
bardic_fiddle_47,26,0.091,3703.82,106,-12
bardic_fiddle_47,27,0.089,2962.25,102,1
bardic_fiddle_47,28,0.086,2207.22,97,-8
bardic_fiddle_47,29,0.086,238.218,58,38
bardic_fiddle_47,30,0.080,483.166,71,-38
bardic_fiddle_47,31,0.079,500.662,71,24
bardic_fiddle_47,32,0.073,2464.28,99,-17
bardic_fiddle_47,33,0.071,3707.86,106,-10
bardic_fiddle_47,34,0.069,2958.21,102,-1
bardic_fiddle_47,35,0.068,1732.13,93,-28
bardic_fiddle_47,36,0.065,1476.42,90,-4
bardic_fiddle_47,37,0.065,986.52,83,-2
bardic_fiddle_47,38,0.063,3946.08,107,-2
bardic_fiddle_47,39,0.061,503.354,71,33
bardic_fiddle_47,40,0.059,258.406,60,-21
bardic_fiddle_47,41,0.059,2203.18,97,-11
bardic_fiddle_47,42,0.058,2967.64,102,4
bardic_fiddle_47,43,0.057,234.181,58,8
bardic_fiddle_47,44,0.056,2473.7,99,-11
bardic_fiddle_47,45,0.055,479.128,70,47
bardic_fiddle_47,46,0.054,2725.38,101,-43
bardic_fiddle_47,47,0.054,3955.5,107,2
bardic_fiddle_47,48,0.052,3951.46,107,0
bardic_fiddle_47,49,0.052,2244.9,97,21
bardic_fiddle_47,50,0.051,1966.31,95,-8
bardic_fiddle_48,1,1.000,261.098,60,-3
bardic_fiddle_48,2,0.988,522.196,72,-3
bardic_fiddle_48,3,0.947,2353.92,98,3
bardic_fiddle_48,4,0.660,784.64,79,1
bardic_fiddle_48,5,0.430,2348.54,98,-1
bardic_fiddle_48,6,0.390,2359.3,98,7
bardic_fiddle_48,7,0.311,2092.82,96,0
bardic_fiddle_48,8,0.234,1830.38,94,-32
bardic_fiddle_48,9,0.212,2877.46,102,-49
bardic_fiddle_48,10,0.190,1569.28,91,1
bardic_fiddle_48,11,0.185,257.06,60,-30
bardic_fiddle_48,12,0.153,265.136,60,23
bardic_fiddle_48,13,0.148,2364.69,98,11
bardic_fiddle_48,14,0.133,2872.08,101,48
bardic_fiddle_48,15,0.132,2615.02,100,-15
bardic_fiddle_48,16,0.131,2087.44,96,-5
bardic_fiddle_48,17,0.128,528.925,72,19
bardic_fiddle_48,18,0.121,2096.86,96,3
bardic_fiddle_48,19,0.109,1306.84,88,-15
bardic_fiddle_48,20,0.109,2881.5,102,-47
bardic_fiddle_48,21,0.106,777.911,79,-13
bardic_fiddle_48,22,0.098,3138.56,103,1
bardic_fiddle_48,23,0.096,3923.2,107,-12
bardic_fiddle_48,24,0.094,253.023,59,42
bardic_fiddle_48,25,0.087,3917.82,107,-15
bardic_fiddle_48,26,0.081,1834.42,94,-28
bardic_fiddle_48,27,0.081,1824.99,94,-37
bardic_fiddle_48,28,0.080,2374.11,98,18
bardic_fiddle_48,29,0.080,269.173,60,49
bardic_fiddle_48,30,0.076,2341.81,98,-6
bardic_fiddle_48,31,0.076,3928.58,107,-10
bardic_fiddle_48,32,0.073,1045.74,84,-1
bardic_fiddle_48,33,0.070,3133.18,103,-2
bardic_fiddle_48,34,0.069,2370.07,98,15
bardic_fiddle_48,35,0.066,2609.63,100,-18
bardic_fiddle_48,36,0.063,4180.26,108,-2
bardic_fiddle_48,37,0.062,2620.4,100,-11
bardic_fiddle_48,38,0.060,273.211,61,-25
bardic_fiddle_48,39,0.057,3142.6,103,4
bardic_fiddle_48,40,0.057,4185.64,108,0
bardic_fiddle_48,41,0.056,1563.9,91,-5
bardic_fiddle_48,42,0.056,2336.42,98,-10
bardic_fiddle_48,43,0.055,248.985,59,14
bardic_fiddle_48,44,0.054,1573.32,91,6
bardic_fiddle_48,45,0.053,794.061,79,22
bardic_fiddle_48,46,0.053,534.309,72,36
bardic_fiddle_48,47,0.050,2886.88,102,-43
bardic_fiddle_48,48,0.050,4189.68,108,2
bardic_fiddle_49,1,1.000,553.151,73,-4
bardic_fiddle_49,2,0.957,275.903,61,-8
bardic_fiddle_49,3,0.920,2493.89,99,3
bardic_fiddle_49,4,0.723,830.399,80,0
bardic_fiddle_49,5,0.558,2488.51,99,0
bardic_fiddle_49,6,0.407,2497.93,99,6
bardic_fiddle_49,7,0.352,2216.64,97,-1
bardic_fiddle_49,8,0.243,1939.39,95,-32
bardic_fiddle_49,9,0.207,2501.97,99,9
bardic_fiddle_49,10,0.203,3048.39,103,-49
bardic_fiddle_49,11,0.201,1662.14,92,1
bardic_fiddle_49,12,0.181,2211.26,97,-5
bardic_fiddle_49,13,0.167,3043,102,48
bardic_fiddle_49,14,0.151,826.362,80,-9
bardic_fiddle_49,15,0.139,2220.68,97,3
bardic_fiddle_49,16,0.136,270.519,61,-42
bardic_fiddle_49,17,0.125,2771.14,101,-14
bardic_fiddle_49,18,0.125,1384.9,89,-15
bardic_fiddle_49,19,0.117,3052.42,103,-47
bardic_fiddle_49,20,0.113,561.226,73,21
bardic_fiddle_49,21,0.105,1934.01,95,-37
bardic_fiddle_49,22,0.099,2483.12,99,-4
bardic_fiddle_49,23,0.098,4152,108,-14
bardic_fiddle_49,24,0.089,2511.39,99,15
bardic_fiddle_49,25,0.088,2765.76,101,-17
bardic_fiddle_49,26,0.088,282.632,61,34
bardic_fiddle_49,27,0.085,1943.43,95,-28
bardic_fiddle_49,28,0.083,3325.64,104,2
bardic_fiddle_49,29,0.080,3320.25,104,-1
bardic_fiddle_49,30,0.079,4156.04,108,-12
bardic_fiddle_49,31,0.078,286.67,62,-42
bardic_fiddle_49,32,0.076,1107.65,85,-2
bardic_fiddle_49,33,0.076,543.73,73,-34
bardic_fiddle_49,34,0.073,4161.42,108,-10
bardic_fiddle_49,35,0.073,266.482,60,32
bardic_fiddle_49,36,0.072,2472.36,99,-12
bardic_fiddle_49,37,0.072,1656.76,92,-5
bardic_fiddle_49,38,0.068,3056.46,103,-44
bardic_fiddle_49,39,0.067,4429.25,109,-2
bardic_fiddle_49,40,0.064,2775.18,101,-12
bardic_fiddle_49,41,0.063,1666.18,92,5
bardic_fiddle_49,42,0.060,3329.67,104,4
bardic_fiddle_49,43,0.058,539.692,73,-46
bardic_fiddle_49,44,0.055,842.512,80,25
bardic_fiddle_49,45,0.055,4433.28,109,-1
bardic_fiddle_49,46,0.053,262.444,60,5
bardic_fiddle_49,47,0.052,4165.46,108,-9
bardic_fiddle_49,48,0.051,4438.67,109,1
bardic_fiddle_50,1,1.000,293.399,62,-2
bardic_fiddle_50,2,0.414,2056.48,96,-30
bardic_fiddle_50,3,0.411,1174.94,86,0
bardic_fiddle_50,4,0.217,586.798,74,-2
bardic_fiddle_50,5,0.212,1763.08,93,3
bardic_fiddle_50,6,0.201,3232.77,104,-47
bardic_fiddle_50,7,0.199,1468.34,90,-14
bardic_fiddle_50,8,0.170,289.361,62,-26
bardic_fiddle_50,9,0.165,297.436,62,22
bardic_fiddle_50,10,0.163,881.542,81,3
bardic_fiddle_50,11,0.133,2351.23,98,1
bardic_fiddle_50,12,0.094,1178.98,86,6
bardic_fiddle_50,13,0.089,285.324,62,-50
bardic_fiddle_50,14,0.088,3820.91,106,42
bardic_fiddle_50,15,0.081,301.474,62,45
bardic_fiddle_50,16,0.073,3236.81,104,-45
bardic_fiddle_50,17,0.063,3526.17,105,3
bardic_fiddle_50,18,0.060,281.286,61,25
bardic_fiddle_50,19,0.058,4114.31,108,-30
bardic_fiddle_50,20,0.054,2051.1,96,-35
bardic_fiddle_50,21,0.052,1767.12,93,7
bardic_fiddle_50,22,0.051,305.512,63,-32
bardic_fiddle_51,1,1.000,2184.34,97,-26
bardic_fiddle_51,2,0.587,310.895,63,-1
bardic_fiddle_51,3,0.557,1247.62,87,4
bardic_fiddle_51,4,0.484,935.377,82,6
bardic_fiddle_51,5,0.456,2189.72,97,-22
bardic_fiddle_51,6,0.442,2180.3,97,-29
bardic_fiddle_51,7,0.291,623.136,75,2
bardic_fiddle_51,8,0.217,1872.1,94,7
bardic_fiddle_51,9,0.167,1253,87,12
bardic_fiddle_51,10,0.166,2808.82,101,9
bardic_fiddle_51,11,0.127,2176.27,97,-32
bardic_fiddle_51,12,0.111,3745.55,106,8
bardic_fiddle_51,13,0.107,940.761,82,16
bardic_fiddle_51,14,0.097,2814.21,101,13
bardic_fiddle_51,15,0.096,3741.51,106,6
bardic_fiddle_51,16,0.095,2804.79,101,7
bardic_fiddle_51,17,0.092,3121.06,103,-8
bardic_fiddle_51,18,0.088,3750.93,106,10
bardic_fiddle_51,19,0.087,1877.48,94,12
bardic_fiddle_51,20,0.084,1559.86,91,-9
bardic_fiddle_51,21,0.082,317.624,63,36
bardic_fiddle_51,22,0.079,1868.06,94,3
bardic_fiddle_51,23,0.075,2200.49,97,-13
bardic_fiddle_51,24,0.074,305.512,63,-32
bardic_fiddle_51,25,0.073,2496.58,99,5
bardic_fiddle_51,26,0.066,3433.3,105,-43
bardic_fiddle_51,27,0.063,4990.47,111,4
bardic_fiddle_51,28,0.062,4999.89,111,8
bardic_fiddle_51,29,0.061,2203.18,97,-11
bardic_fiddle_51,30,0.061,3117.03,103,-10
bardic_fiddle_51,31,0.058,3126.45,103,-5
bardic_fiddle_51,32,0.057,2166.84,97,-40
bardic_fiddle_51,33,0.051,3429.27,105,-45
bardic_fiddle_52,1,1.000,329.737,64,1
bardic_fiddle_52,2,0.441,1318.95,88,1
bardic_fiddle_52,3,0.414,2308.16,98,-31
bardic_fiddle_52,4,0.241,659.474,76,1
bardic_fiddle_52,5,0.236,1648.69,92,-13
bardic_fiddle_52,6,0.219,1978.42,95,3
bardic_fiddle_52,7,0.201,3628.46,106,-47
bardic_fiddle_52,8,0.187,989.212,83,3
bardic_fiddle_52,9,0.133,2637.9,100,1
bardic_fiddle_52,10,0.125,335.121,64,29
bardic_fiddle_52,11,0.112,323.008,64,-35
bardic_fiddle_52,12,0.107,2302.78,98,-35
bardic_fiddle_52,13,0.101,1322.99,88,6
bardic_fiddle_52,14,0.093,4287.93,108,42
bardic_fiddle_52,15,0.087,1314.91,88,-5
bardic_fiddle_52,16,0.072,3623.07,105,50
bardic_fiddle_52,17,0.067,339.158,64,49
bardic_fiddle_52,18,0.065,318.97,63,43
bardic_fiddle_52,19,0.063,1652.72,92,-9
bardic_fiddle_52,20,0.061,3958.19,107,3
bardic_fiddle_52,21,0.054,2298.74,98,-38
bardic_fiddle_52,22,0.054,343.196,65,-30
bardic_fiddle_52,23,0.053,4617.67,110,-30
bardic_fiddle_52,24,0.050,4291.97,108,43
bardic_fiddle_53,1,1.000,348.579,65,-3
bardic_fiddle_53,2,0.504,2446.78,99,-30
bardic_fiddle_53,3,0.481,698.505,77,0
bardic_fiddle_53,4,0.451,2096.86,96,3
bardic_fiddle_53,5,0.438,1746.93,93,-13
bardic_fiddle_53,6,0.427,2796.71,101,2
bardic_fiddle_53,7,0.241,1048.43,84,3
bardic_fiddle_53,8,0.169,3845.14,107,-47
bardic_fiddle_53,9,0.148,1398.36,89,2
bardic_fiddle_53,10,0.138,3146.64,103,6
bardic_fiddle_53,11,0.135,2442.75,99,-32
bardic_fiddle_53,12,0.127,2792.67,101,-1
bardic_fiddle_53,13,0.104,3495.21,105,-12
bardic_fiddle_53,14,0.102,4195.07,108,4
bardic_fiddle_53,15,0.098,2092.82,96,0
bardic_fiddle_53,16,0.088,4544.99,109,42
bardic_fiddle_53,17,0.087,1741.55,93,-18
bardic_fiddle_53,18,0.086,356.655,65,36
bardic_fiddle_53,19,0.085,694.467,77,-10
bardic_fiddle_53,20,0.079,340.504,65,-44
bardic_fiddle_53,21,0.073,4894.92,111,-29
bardic_fiddle_53,22,0.061,360.692,66,-44
bardic_fiddle_53,23,0.055,1044.39,84,-3
bardic_fiddle_53,24,0.051,2088.78,96,-3
bardic_fiddle_54,1,1.000,368.767,66,-6
bardic_fiddle_54,2,0.360,1477.76,90,-3
bardic_fiddle_54,3,0.300,2586.75,100,-33
bardic_fiddle_54,4,0.213,738.881,78,-3
bardic_fiddle_54,5,0.190,364.73,66,-25
bardic_fiddle_54,6,0.187,2581.37,100,-37
bardic_fiddle_54,7,0.180,1846.53,94,-17
bardic_fiddle_54,8,0.173,2216.64,97,-1
bardic_fiddle_54,9,0.164,1107.65,85,-2
bardic_fiddle_54,10,0.159,372.805,66,13
bardic_fiddle_54,11,0.158,2590.79,100,-31
bardic_fiddle_54,12,0.131,1472.38,90,-9
bardic_fiddle_54,13,0.129,4059.13,107,47
bardic_fiddle_54,14,0.109,4064.52,107,49
bardic_fiddle_54,15,0.103,2955.52,102,-3
bardic_fiddle_54,16,0.099,4068.55,108,-49
bardic_fiddle_54,17,0.093,2211.26,97,-5
bardic_fiddle_54,18,0.091,376.843,66,32
bardic_fiddle_54,19,0.087,1481.8,90,2
bardic_fiddle_54,20,0.083,360.692,66,-44
bardic_fiddle_54,21,0.077,2950.14,102,-6
bardic_fiddle_54,22,0.067,1841.15,94,-22
bardic_fiddle_54,23,0.066,4798.01,110,36
bardic_fiddle_54,24,0.064,2220.68,97,3
bardic_fiddle_54,25,0.059,1851.91,94,-12
bardic_fiddle_54,26,0.058,380.88,67,-50
bardic_fiddle_54,27,0.057,2960.91,102,1
bardic_fiddle_54,28,0.052,2577.33,100,-40
bardic_fiddle_54,29,0.051,356.655,65,36
bardic_fiddle_55,1,1.000,2352.57,98,2
bardic_fiddle_55,2,0.652,2745.57,101,-30
bardic_fiddle_55,3,0.629,391.647,67,-2
bardic_fiddle_55,4,0.514,1960.93,95,-13
bardic_fiddle_55,5,0.484,1176.29,86,2
bardic_fiddle_55,6,0.467,783.294,79,-2
bardic_fiddle_55,7,0.388,2356.61,98,5
bardic_fiddle_55,8,0.330,2348.54,98,-1
bardic_fiddle_55,9,0.322,3137.21,103,1
bardic_fiddle_55,10,0.260,2740.18,101,-34
bardic_fiddle_55,11,0.186,1567.93,91,0
bardic_fiddle_55,12,0.168,1956.89,95,-16
bardic_fiddle_55,13,0.147,2360.65,98,8
bardic_fiddle_55,14,0.141,3141.25,103,3
bardic_fiddle_55,15,0.136,3133.18,103,-2
bardic_fiddle_55,16,0.130,2752.3,101,-26
bardic_fiddle_55,17,0.129,3528.86,105,4
bardic_fiddle_55,18,0.111,2341.81,98,-6
bardic_fiddle_55,19,0.109,2734.8,101,-37
bardic_fiddle_55,20,0.106,387.609,67,-19
bardic_fiddle_55,21,0.102,4313.5,109,-48
bardic_fiddle_55,22,0.093,395.685,67,16
bardic_fiddle_55,23,0.089,3129.14,103,-4
bardic_fiddle_55,24,0.086,2364.69,98,11
bardic_fiddle_55,25,0.083,3532.9,105,6
bardic_fiddle_55,26,0.081,4317.54,109,-46
bardic_fiddle_55,27,0.071,2337.77,98,-9
bardic_fiddle_55,28,0.071,3524.82,105,2
bardic_fiddle_55,29,0.071,777.911,79,-13
bardic_fiddle_55,30,0.070,3921.85,107,-13
bardic_fiddle_55,31,0.069,4309.46,109,-50
bardic_fiddle_55,32,0.068,1969,95,-6
bardic_fiddle_55,33,0.066,2759.03,101,-22
bardic_fiddle_55,34,0.065,2730.76,101,-40
bardic_fiddle_55,35,0.063,2368.72,98,14
bardic_fiddle_55,36,0.062,1950.16,95,-22
bardic_fiddle_55,37,0.061,2372.76,98,17
bardic_fiddle_55,38,0.060,3145.29,103,5
bardic_fiddle_55,39,0.058,2333.73,98,-12
bardic_fiddle_55,40,0.056,1571.97,91,4
bardic_fiddle_55,41,0.056,3126.45,103,-5
bardic_fiddle_55,42,0.055,383.572,67,-38
bardic_fiddle_55,43,0.055,2726.73,101,-42
bardic_fiddle_55,44,0.051,399.722,67,34
bardic_fiddle_56,1,1.000,414.527,68,-3
bardic_fiddle_56,2,0.429,2076.67,96,-14
bardic_fiddle_56,3,0.297,1246.27,87,2
bardic_fiddle_56,4,0.214,2071.29,96,-18
bardic_fiddle_56,5,0.204,2068.6,96,-20
bardic_fiddle_56,6,0.174,1660.8,92,0
bardic_fiddle_56,7,0.151,829.054,80,-3
bardic_fiddle_56,8,0.137,2492.54,99,2
bardic_fiddle_56,9,0.121,3738.82,106,4
bardic_fiddle_56,10,0.112,422.602,68,30
bardic_fiddle_56,11,0.094,406.452,68,-37
bardic_fiddle_56,12,0.091,2086.09,96,-6
bardic_fiddle_56,13,0.089,2908.42,102,-30
bardic_fiddle_56,14,0.088,1238.2,87,-9
bardic_fiddle_56,15,0.085,1250.31,87,8
bardic_fiddle_56,16,0.072,426.64,68,47
bardic_fiddle_56,17,0.066,3733.43,106,2
bardic_fiddle_56,18,0.066,2088.78,96,-3
bardic_fiddle_56,19,0.056,4154.69,108,-13
bardic_fiddle_56,20,0.056,402.414,67,45
bardic_fiddle_56,21,0.055,3722.67,106,-3
bardic_fiddle_56,22,0.055,1667.53,92,7
bardic_fiddle_56,23,0.052,2483.12,99,-4
bardic_fiddle_56,24,0.050,430.677,69,-37
bardic_fiddle_57,1,1.000,440.098,69,0
bardic_fiddle_57,2,0.310,1321.64,88,4
bardic_fiddle_57,3,0.273,1763.08,93,3
bardic_fiddle_57,4,0.238,444.136,69,16
bardic_fiddle_57,5,0.187,881.542,81,3
bardic_fiddle_57,6,0.185,436.061,69,-16
bardic_fiddle_57,7,0.179,1759.05,93,-1
bardic_fiddle_57,8,0.138,1768.47,93,8
bardic_fiddle_57,9,0.137,1317.6,88,-1
bardic_fiddle_57,10,0.134,3522.13,105,1
bardic_fiddle_57,11,0.134,2640.59,100,2
bardic_fiddle_57,12,0.127,1327.02,88,11
bardic_fiddle_57,13,0.123,448.173,69,32
bardic_fiddle_57,14,0.105,2643.28,100,4
bardic_fiddle_57,15,0.094,1772.51,93,12
bardic_fiddle_57,16,0.088,3080.69,103,-31
bardic_fiddle_57,17,0.084,2650.01,100,9
bardic_fiddle_57,18,0.077,1331.06,88,16
bardic_fiddle_57,19,0.076,2654.05,100,11
bardic_fiddle_57,20,0.073,3535.59,105,8
bardic_fiddle_57,21,0.070,4403.67,109,-12
bardic_fiddle_57,22,0.069,432.023,69,-32
bardic_fiddle_57,23,0.065,452.211,69,47
bardic_fiddle_57,24,0.063,3084.73,103,-29
bardic_fiddle_57,25,0.060,2203.18,97,-11
bardic_fiddle_57,26,0.057,885.58,81,11
bardic_fiddle_57,27,0.056,2199.15,97,-14
bardic_fiddle_57,28,0.055,3540.97,105,10
bardic_fiddle_57,29,0.050,3095.49,103,-22
bardic_fiddle_58,1,1.000,2331.04,98,-14
bardic_fiddle_58,2,0.910,465.67,70,-2
bardic_fiddle_58,3,0.667,1865.37,94,1
bardic_fiddle_58,4,0.652,2798.06,101,3
bardic_fiddle_58,5,0.342,3263.73,104,-31
bardic_fiddle_58,6,0.319,932.685,82,1
bardic_fiddle_58,7,0.218,3730.74,106,1
bardic_fiddle_58,8,0.209,2335.08,98,-11
bardic_fiddle_58,9,0.204,1398.36,89,2
bardic_fiddle_58,10,0.184,469.707,70,13
bardic_fiddle_58,11,0.166,461.632,70,-17
bardic_fiddle_58,12,0.124,2803.44,101,6
bardic_fiddle_58,13,0.115,4663.43,110,-13
bardic_fiddle_58,14,0.111,1870.75,94,6
bardic_fiddle_58,15,0.099,2344.5,98,-4
bardic_fiddle_58,16,0.092,4196.41,108,4
bardic_fiddle_58,17,0.087,2318.93,98,-23
bardic_fiddle_58,18,0.084,457.595,70,-32
bardic_fiddle_58,19,0.082,473.745,70,28
bardic_fiddle_58,20,0.079,2784.6,101,-6
bardic_fiddle_58,21,0.078,2811.51,101,11
bardic_fiddle_58,22,0.077,2322.97,98,-20
bardic_fiddle_58,23,0.075,1858.64,94,-6
bardic_fiddle_58,24,0.072,2314.89,98,-26
bardic_fiddle_58,25,0.061,1878.83,94,13
bardic_fiddle_58,26,0.060,2780.56,101,-8
bardic_fiddle_58,27,0.057,477.783,70,43
bardic_fiddle_58,28,0.057,1851.91,94,-12
bardic_fiddle_58,29,0.054,453.557,70,-47
bardic_fiddle_58,30,0.051,2814.21,101,13
bardic_fiddle_59,1,1.000,495.279,71,5
bardic_fiddle_59,2,0.334,1485.84,90,7
bardic_fiddle_59,3,0.296,1981.12,95,5
bardic_fiddle_59,4,0.196,1975.73,95,0
bardic_fiddle_59,5,0.182,990.558,83,5
bardic_fiddle_59,6,0.160,1480.45,90,1
bardic_fiddle_59,7,0.148,3956.85,107,3
bardic_fiddle_59,8,0.139,2966.29,102,4
bardic_fiddle_59,9,0.117,2971.67,102,7
bardic_fiddle_59,10,0.095,3461.57,105,-29
bardic_fiddle_59,11,0.095,3964.92,107,6
bardic_fiddle_59,12,0.094,2974.36,102,8
bardic_fiddle_59,13,0.084,3970.31,107,8
bardic_fiddle_59,14,0.081,484.512,71,-33
bardic_fiddle_59,15,0.076,3962.23,107,5
bardic_fiddle_59,16,0.076,4947.4,111,-11
bardic_fiddle_59,17,0.075,3952.81,107,1
bardic_fiddle_59,18,0.068,2476.39,99,-9
bardic_fiddle_59,19,0.068,3466.95,105,-26
bardic_fiddle_59,20,0.067,3470.99,105,-24
bardic_fiddle_59,21,0.065,2979.75,102,12
bardic_fiddle_59,22,0.062,2471.01,99,-13
bardic_fiddle_59,23,0.061,480.474,71,-48
bardic_fiddle_59,24,0.060,4943.37,111,-12
bardic_fiddle_59,25,0.058,985.174,83,-5
bardic_fiddle_59,26,0.057,3973,107,10
bardic_fiddle_59,27,0.053,3475.03,105,-22
bardic_fiddle_59,28,0.052,4960.86,111,-6
bardic_fiddle_60,1,1.000,522.196,72,-3
bardic_fiddle_60,2,0.253,518.159,72,-17
bardic_fiddle_60,3,0.249,2087.44,96,-5
bardic_fiddle_60,4,0.243,1567.93,91,0
bardic_fiddle_60,5,0.218,1565.24,91,-3
bardic_fiddle_60,6,0.205,526.234,72,10
bardic_fiddle_60,7,0.155,1045.74,84,-1
bardic_fiddle_60,8,0.129,1571.97,91,4
bardic_fiddle_60,9,0.127,2094.17,96,1
bardic_fiddle_60,10,0.118,4176.22,108,-4
bardic_fiddle_60,11,0.117,3134.52,103,-1
bardic_fiddle_60,12,0.097,3129.14,103,-4
bardic_fiddle_60,13,0.096,2098.21,96,4
bardic_fiddle_60,14,0.093,2083.4,96,-8
bardic_fiddle_60,15,0.090,1041.7,84,-8
bardic_fiddle_60,16,0.085,514.121,72,-30
bardic_fiddle_60,17,0.084,1576.01,91,9
bardic_fiddle_60,18,0.078,4180.26,108,-2
bardic_fiddle_60,19,0.077,3652.68,106,-36
bardic_fiddle_60,20,0.072,2610.98,100,-17
bardic_fiddle_60,21,0.070,3656.72,106,-34
bardic_fiddle_60,22,0.066,534.309,72,36
bardic_fiddle_60,23,0.066,3139.91,103,2
bardic_fiddle_60,24,0.059,5221.96,112,-17
bardic_fiddle_60,25,0.057,4184.3,108,-1
bardic_fiddle_60,26,0.056,1559.86,91,-9
bardic_fiddle_60,27,0.055,4189.68,108,2
bardic_fiddle_60,28,0.054,510.083,72,-44
bardic_fiddle_60,29,0.054,3143.94,103,4
bardic_fiddle_60,30,0.050,506.046,71,42
bardic_fiddle_61,1,1.000,2222.03,97,4
bardic_fiddle_61,2,0.585,1110.34,85,3
bardic_fiddle_61,3,0.350,2217.99,97,0
bardic_fiddle_61,4,0.336,554.497,73,0
bardic_fiddle_61,5,0.290,1666.18,92,5
bardic_fiddle_61,6,0.196,3333.71,104,6
bardic_fiddle_61,7,0.116,2212.6,97,-4
bardic_fiddle_61,8,0.109,2777.87,101,-10
bardic_fiddle_61,9,0.098,3329.67,104,4
bardic_fiddle_61,10,0.079,3337.75,104,8
bardic_fiddle_61,11,0.079,4445.4,109,4
bardic_fiddle_61,12,0.076,1117.07,85,13
bardic_fiddle_61,13,0.074,2234.14,97,13
bardic_fiddle_61,14,0.060,3889.55,107,-27
bardic_fiddle_61,15,0.057,2238.18,97,16
bardic_fiddle_61,16,0.057,1100.92,85,-12
bardic_fiddle_61,17,0.051,4441.36,109,3
bardic_fiddle_61,18,0.051,2242.21,97,19
bardic_fiddle_61,19,0.051,2203.18,97,-11
bardic_fiddle_61,20,0.050,549.113,73,-16
bardic_fiddle_62,1,1.000,2345.84,98,-3
bardic_fiddle_62,2,0.615,1172.25,86,-4
bardic_fiddle_62,3,0.374,2341.81,98,-6
bardic_fiddle_62,4,0.359,585.452,74,-6
bardic_fiddle_62,5,0.298,1759.05,93,-1
bardic_fiddle_62,6,0.182,3519.44,105,0
bardic_fiddle_62,7,0.137,2337.77,98,-9
bardic_fiddle_62,8,0.106,2932.64,102,-16
bardic_fiddle_62,9,0.096,3515.4,105,-2
bardic_fiddle_62,10,0.088,1178.98,86,6
bardic_fiddle_62,11,0.086,3524.82,105,2
bardic_fiddle_62,12,0.084,2357.96,98,6
bardic_fiddle_62,13,0.068,4693.04,110,-2
bardic_fiddle_62,14,0.061,2332.39,98,-13
bardic_fiddle_62,15,0.058,1162.83,86,-18
bardic_fiddle_62,16,0.056,2362,98,9
bardic_fiddle_62,17,0.055,2366.03,98,12
bardic_fiddle_62,18,0.053,4106.24,108,-33
bardic_fiddle_62,19,0.053,580.068,74,-22
bardic_fiddle_63,1,1.000,2493.89,99,3
bardic_fiddle_63,2,0.687,1246.27,87,2
bardic_fiddle_63,3,0.515,2489.85,99,1
bardic_fiddle_63,4,0.408,623.136,75,2
bardic_fiddle_63,5,0.301,1870.75,94,6
bardic_fiddle_63,6,0.173,3741.51,106,6
bardic_fiddle_63,7,0.128,2503.31,99,10
bardic_fiddle_63,8,0.121,2481.78,99,-5
bardic_fiddle_63,9,0.117,3737.47,106,4
bardic_fiddle_63,10,0.103,3118.37,103,-10
bardic_fiddle_63,11,0.082,2507.35,99,13
bardic_fiddle_63,12,0.078,4990.47,111,4
bardic_fiddle_63,13,0.073,3114.33,103,-12
bardic_fiddle_63,14,0.064,1254.35,87,14
bardic_fiddle_63,15,0.057,4365.99,109,-27
bardic_fiddle_63,16,0.057,2515.42,99,18
bardic_fiddle_63,17,0.057,628.52,75,17
bardic_fiddle_63,18,0.054,1235.51,87,-13
bardic_fiddle_64,1,1.000,1320.29,88,2
bardic_fiddle_64,2,0.410,1979.77,95,4
bardic_fiddle_64,3,0.272,3301.41,104,-11
bardic_fiddle_64,4,0.239,2640.59,100,2
bardic_fiddle_64,5,0.220,3962.23,107,5
bardic_fiddle_64,6,0.195,659.474,76,1
bardic_fiddle_64,7,0.186,3958.19,107,3
bardic_fiddle_64,8,0.175,1313.57,88,-7
bardic_fiddle_64,9,0.114,3954.16,107,1
bardic_fiddle_64,10,0.105,1309.53,88,-12
bardic_fiddle_64,11,0.099,1325.68,88,9
bardic_fiddle_64,12,0.091,4621.7,110,-29
bardic_fiddle_64,13,0.075,3951.46,107,0
bardic_fiddle_64,14,0.073,4617.67,110,-30
bardic_fiddle_64,15,0.069,2633.86,100,-2
bardic_fiddle_64,16,0.062,1305.49,88,-17
bardic_fiddle_64,17,0.060,4614.98,110,-31
bardic_fiddle_64,18,0.057,1971.69,95,-3
bardic_fiddle_64,19,0.051,1989.19,95,12
bardic_fiddle_64,20,0.051,6600.13,116,-12
bardic_fiddle_65,1,1.000,699.85,77,3
bardic_fiddle_65,2,0.258,2796.71,101,2
bardic_fiddle_65,3,0.248,2099.55,96,5
bardic_fiddle_65,4,0.235,703.888,77,13
bardic_fiddle_65,5,0.208,2096.86,96,3
bardic_fiddle_65,6,0.182,2800.75,101,4
bardic_fiddle_65,7,0.180,2804.79,101,7
bardic_fiddle_65,8,0.175,1399.7,89,3
bardic_fiddle_65,9,0.164,2104.93,96,10
bardic_fiddle_65,10,0.129,5593.42,113,2
bardic_fiddle_65,11,0.128,4196.41,108,4
bardic_fiddle_65,12,0.121,2808.82,101,9
bardic_fiddle_65,13,0.095,2108.97,96,13
bardic_fiddle_65,14,0.093,707.926,77,23
bardic_fiddle_65,15,0.092,4193.72,108,3
bardic_fiddle_65,16,0.086,5597.46,113,3
bardic_fiddle_65,17,0.082,4209.87,108,10
bardic_fiddle_65,18,0.082,4893.57,111,-30
bardic_fiddle_65,19,0.082,1395.66,89,-2
bardic_fiddle_65,20,0.074,3496.56,105,-12
bardic_fiddle_65,21,0.073,4897.61,111,-28
bardic_fiddle_65,22,0.071,4205.83,108,8
bardic_fiddle_65,23,0.071,5602.84,113,5
bardic_fiddle_65,24,0.071,5614.95,113,8
bardic_fiddle_65,25,0.067,2812.86,101,12
bardic_fiddle_65,26,0.067,5610.92,113,7
bardic_fiddle_65,27,0.065,6994.47,117,-11
bardic_fiddle_65,28,0.061,1403.74,89,8
bardic_fiddle_65,29,0.059,4213.91,108,12
bardic_fiddle_65,30,0.053,713.309,77,36
bardic_fiddle_65,31,0.052,4909.72,111,-24
bardic_fiddle_65,32,0.052,4201.79,108,7
bardic_fiddle_65,33,0.052,687.738,77,-27
bardic_fiddle_65,34,0.050,6990.43,117,-12
bardic_fiddle_66,1,1.000,740.226,78,1
bardic_fiddle_66,2,0.308,2223.37,97,5
bardic_fiddle_66,3,0.241,2964.94,102,3
bardic_fiddle_66,4,0.207,2960.91,102,1
bardic_fiddle_66,5,0.187,1481.8,90,2
bardic_fiddle_66,6,0.170,2219.33,97,1
bardic_fiddle_66,7,0.145,2968.98,102,5
bardic_fiddle_66,8,0.129,2227.41,97,8
bardic_fiddle_66,9,0.111,4444.05,109,4
bardic_fiddle_66,10,0.094,5925.85,114,2
bardic_fiddle_66,11,0.078,2973.02,102,8
bardic_fiddle_66,12,0.078,4450.78,109,6
bardic_fiddle_66,13,0.077,4448.09,109,5
bardic_fiddle_66,14,0.072,5921.81,114,1
bardic_fiddle_66,15,0.068,5185.62,112,-29
bardic_fiddle_66,16,0.067,2231.45,97,11
bardic_fiddle_66,17,0.063,5935.27,114,4
bardic_fiddle_66,18,0.060,3702.48,106,-12
bardic_fiddle_66,19,0.060,4454.82,109,8
bardic_fiddle_66,20,0.059,5944.69,114,7
bardic_fiddle_66,21,0.058,2977.06,102,10
bardic_fiddle_66,22,0.053,730.805,78,-22
bardic_fiddle_66,23,0.052,3706.52,106,-11
bardic_fiddle_66,24,0.051,5939.31,114,6
bardic_fiddle_67,1,1.000,784.64,79,1
bardic_fiddle_67,2,0.330,3137.21,103,1
bardic_fiddle_67,3,0.305,2352.57,98,2
bardic_fiddle_67,4,0.153,2359.3,98,7
bardic_fiddle_67,5,0.152,1567.93,91,0
bardic_fiddle_67,6,0.149,3131.83,103,-2
bardic_fiddle_67,7,0.118,2348.54,98,-1
bardic_fiddle_67,8,0.116,3143.94,103,4
bardic_fiddle_67,9,0.113,4711.88,110,5
bardic_fiddle_67,10,0.112,4705.15,110,2
bardic_fiddle_67,11,0.111,794.061,79,22
bardic_fiddle_67,12,0.103,6275.77,115,1
bardic_fiddle_67,13,0.101,4701.11,110,1
bardic_fiddle_67,14,0.100,6270.39,115,0
bardic_fiddle_67,15,0.095,3149.33,103,7
bardic_fiddle_67,16,0.087,2363.34,98,10
bardic_fiddle_67,17,0.084,772.527,79,-25
bardic_fiddle_67,18,0.084,6286.54,115,4
bardic_fiddle_67,19,0.081,1573.32,91,6
bardic_fiddle_67,20,0.075,5489.79,113,-31
bardic_fiddle_67,21,0.071,3923.2,107,-12
bardic_fiddle_67,22,0.069,5485.75,113,-32
bardic_fiddle_67,23,0.067,6263.66,115,-2
bardic_fiddle_67,24,0.065,6282.5,115,3
bardic_fiddle_67,25,0.064,5496.52,113,-28
bardic_fiddle_67,26,0.064,3157.4,103,12
bardic_fiddle_67,27,0.059,800.79,79,37
bardic_fiddle_67,28,0.056,769.836,79,-32
bardic_fiddle_67,29,0.055,4695.73,110,-1
bardic_fiddle_67,30,0.054,2371.42,98,16
bardic_fiddle_67,31,0.051,3126.45,103,-5
bardic_fiddle_68,1,1.000,830.399,80,0
bardic_fiddle_68,2,0.302,826.362,80,-9
bardic_fiddle_68,3,0.271,834.437,80,8
bardic_fiddle_68,4,0.248,3318.91,104,-2
bardic_fiddle_68,5,0.218,2488.51,99,0
bardic_fiddle_68,6,0.208,2492.54,99,2
bardic_fiddle_68,7,0.181,2496.58,99,5
bardic_fiddle_68,8,0.171,3326.98,104,2
bardic_fiddle_68,9,0.159,1660.8,92,0
bardic_fiddle_68,10,0.138,3331.02,104,4
bardic_fiddle_68,11,0.131,3322.94,104,0
bardic_fiddle_68,12,0.116,3314.87,104,-4
bardic_fiddle_68,13,0.114,838.475,80,16
bardic_fiddle_68,14,0.114,4977.01,111,0
bardic_fiddle_68,15,0.108,2500.62,99,8
bardic_fiddle_68,16,0.105,6639.16,116,-1
bardic_fiddle_68,17,0.096,4981.05,111,1
bardic_fiddle_68,18,0.087,1656.76,92,-5
bardic_fiddle_68,19,0.085,4993.16,111,5
bardic_fiddle_68,20,0.078,5807.41,114,-33
bardic_fiddle_68,21,0.074,822.324,80,-17
bardic_fiddle_68,22,0.073,6659.35,116,4
bardic_fiddle_68,23,0.073,3335.06,104,7
bardic_fiddle_68,24,0.069,1664.84,92,4
bardic_fiddle_68,25,0.069,6635.12,116,-3
bardic_fiddle_68,26,0.068,4997.2,111,7
bardic_fiddle_68,27,0.058,4149.31,108,-15
bardic_fiddle_68,28,0.057,6663.38,116,5
bardic_fiddle_68,29,0.057,6655.31,116,3
bardic_fiddle_68,30,0.054,842.512,80,25
bardic_fiddle_68,31,0.054,6647.23,116,1
bardic_fiddle_68,32,0.053,4989.13,111,4
bardic_fiddle_68,33,0.053,818.287,80,-26
bardic_fiddle_69,1,1.000,881.542,81,3
bardic_fiddle_69,2,0.265,2645.97,100,6
bardic_fiddle_69,3,0.224,877.505,81,-5
bardic_fiddle_69,4,0.218,3527.52,105,4
bardic_fiddle_69,5,0.215,3524.82,105,2
bardic_fiddle_69,6,0.205,2641.94,100,3
bardic_fiddle_69,7,0.172,886.926,81,14
bardic_fiddle_69,8,0.169,1763.08,93,3
bardic_fiddle_69,9,0.148,2650.01,100,9
bardic_fiddle_69,10,0.147,3531.55,105,6
bardic_fiddle_69,11,0.134,5287.91,112,5
bardic_fiddle_69,12,0.112,7048.3,117,2
bardic_fiddle_69,13,0.105,7052.34,117,3
bardic_fiddle_69,14,0.092,889.618,81,19
bardic_fiddle_69,15,0.086,3536.94,105,8
bardic_fiddle_69,16,0.085,6170.8,115,-28
bardic_fiddle_69,17,0.082,5295.98,112,7
bardic_fiddle_69,18,0.076,5283.87,112,3
bardic_fiddle_69,19,0.074,873.467,81,-13
bardic_fiddle_69,20,0.072,4406.37,109,-11
bardic_fiddle_69,21,0.070,8812.73,121,-11
bardic_fiddle_69,22,0.067,2654.05,100,11
bardic_fiddle_69,23,0.064,6166.76,115,-29
bardic_fiddle_69,24,0.063,7057.72,117,4
bardic_fiddle_69,25,0.060,1768.47,93,8
bardic_fiddle_69,26,0.059,5300.02,112,9
bardic_fiddle_69,27,0.059,3540.97,105,10
bardic_fiddle_69,28,0.057,3519.44,105,0
bardic_fiddle_69,29,0.054,893.655,81,27
bardic_fiddle_69,30,0.050,7064.45,117,6
bardic_fiddle_70,1,1.000,1864.02,94,-1
bardic_fiddle_70,2,0.373,2796.71,101,2
bardic_fiddle_70,3,0.231,4660.73,110,-14
bardic_fiddle_70,4,0.180,931.339,82,-2
bardic_fiddle_70,5,0.179,3728.05,106,-1
bardic_fiddle_70,6,0.159,5593.42,113,2
bardic_fiddle_70,7,0.153,1858.64,94,-6
bardic_fiddle_70,8,0.146,4664.77,110,-13
bardic_fiddle_70,9,0.117,5596.11,113,3
bardic_fiddle_70,10,0.101,1872.1,94,7
bardic_fiddle_70,11,0.074,2791.33,101,-2
bardic_fiddle_70,12,0.073,4655.35,110,-16
bardic_fiddle_70,13,0.071,1876.14,94,11
bardic_fiddle_70,14,0.064,5588.04,113,0
bardic_fiddle_70,15,0.052,6528.8,116,-31
bardic_fiddle_70,16,0.052,1851.91,94,-12
bardic_fiddle_70,17,0.050,6526.11,116,-31
bardic_fiddle_71,1,1.000,1974.39,95,-1
bardic_fiddle_71,2,0.397,2962.25,102,1
bardic_fiddle_71,3,0.249,4937.98,111,-14
bardic_fiddle_71,4,0.213,3950.12,107,0
bardic_fiddle_71,5,0.177,986.52,83,-2
bardic_fiddle_71,6,0.164,5925.85,114,2
bardic_fiddle_71,7,0.158,1969,95,-6
bardic_fiddle_71,8,0.143,1981.12,95,5
bardic_fiddle_71,9,0.121,5928.54,114,3
bardic_fiddle_71,10,0.085,4933.95,111,-15
bardic_fiddle_71,11,0.080,1985.15,95,8
bardic_fiddle_71,12,0.077,2956.87,102,-2
bardic_fiddle_71,13,0.072,5921.81,114,1
bardic_fiddle_71,14,0.069,1964.96,95,-9
bardic_fiddle_71,15,0.068,2968.98,102,5
bardic_fiddle_71,16,0.060,1989.19,95,12
bardic_fiddle_71,17,0.058,4944.71,111,-12
bardic_fiddle_71,18,0.055,3946.08,107,-2
bardic_fiddle_71,19,0.053,6913.72,117,-31
bardic_fiddle_71,20,0.051,1993.23,95,15
bardic_fiddle_71,21,0.050,5932.58,114,4
bardic_fiddle_72,1,1.000,2099.55,96,5
bardic_fiddle_72,2,0.404,3149.33,103,7
bardic_fiddle_72,3,0.246,5248.88,112,-8
bardic_fiddle_72,4,0.213,4199.1,108,5
bardic_fiddle_72,5,0.197,2095.51,96,2
bardic_fiddle_72,6,0.192,6300,115,8
bardic_fiddle_72,7,0.182,1049.78,84,5
bardic_fiddle_72,8,0.169,5252.92,112,-7
bardic_fiddle_72,9,0.150,6302.69,115,8
bardic_fiddle_72,10,0.133,3153.36,103,10
bardic_fiddle_72,11,0.108,2107.63,96,12
bardic_fiddle_72,12,0.105,5244.84,112,-10
bardic_fiddle_72,13,0.102,3145.29,103,5
bardic_fiddle_72,14,0.101,4203.14,108,7
bardic_fiddle_72,15,0.094,6295.96,115,7
bardic_fiddle_72,16,0.080,2091.48,96,-1
bardic_fiddle_72,17,0.076,7349.78,118,-25
bardic_fiddle_72,18,0.071,4195.07,108,4
bardic_fiddle_72,19,0.065,2111.66,96,15
bardic_fiddle_72,20,0.060,7352.47,118,-25
bardic_fiddle_72,21,0.059,5240.8,112,-11
bardic_fiddle_72,22,0.058,2087.44,96,-5
bardic_fiddle_72,23,0.054,6291.92,115,6
bardic_fiddle_72,24,0.054,6306.73,115,10
basic_bassoon_36,1,1.000,456.249,70,-37
basic_bassoon_36,2,0.779,522.196,72,-3
basic_bassoon_36,3,0.775,586.798,74,-2
basic_bassoon_36,4,0.461,391.647,67,-2
basic_bassoon_36,5,0.387,652.745,76,-17
basic_bassoon_36,6,0.341,261.098,60,-3
basic_bassoon_36,7,0.277,325.7,64,-21
basic_bassoon_36,8,0.250,195.151,55,-7
basic_bassoon_36,9,0.153,130.549,48,-3
basic_bassoon_36,10,0.130,526.234,72,10
basic_bassoon_36,11,0.107,593.527,74,18
basic_bassoon_36,12,0.103,446.828,69,27
basic_bassoon_36,13,0.095,577.377,74,-30
basic_bassoon_36,14,0.091,64.6016,36,-21
basic_bassoon_36,15,0.081,1240.89,87,-5
basic_bassoon_36,16,0.081,718.693,77,49
basic_bassoon_36,17,0.077,511.429,72,-40
basic_bassoon_36,18,0.076,648.708,76,-28
basic_bassoon_36,19,0.075,530.271,72,23
basic_bassoon_36,20,0.074,467.016,70,3
basic_bassoon_36,21,0.074,514.121,72,-30
basic_bassoon_36,22,0.072,395.685,67,16
basic_bassoon_36,23,0.071,597.565,74,30
basic_bassoon_36,24,0.070,656.783,76,-7
basic_bassoon_36,25,0.063,1501.99,90,26
basic_bassoon_36,26,0.062,1305.49,88,-17
basic_bassoon_37,1,1.000,483.166,71,-38
basic_bassoon_37,2,0.877,621.79,75,-1
basic_bassoon_37,3,0.773,553.151,73,-4
basic_bassoon_37,4,0.469,414.527,68,-3
basic_bassoon_37,5,0.373,691.775,77,-17
basic_bassoon_37,6,0.339,275.903,61,-8
basic_bassoon_37,7,0.252,345.888,65,-17
basic_bassoon_37,8,0.229,207.263,56,-3
basic_bassoon_37,9,0.152,137.278,49,-16
basic_bassoon_37,10,0.126,546.422,73,-25
basic_bassoon_37,11,0.119,760.414,78,47
basic_bassoon_37,12,0.111,410.489,68,-20
basic_bassoon_37,13,0.110,475.091,70,33
basic_bassoon_37,14,0.109,613.715,75,-24
basic_bassoon_37,15,0.092,491.241,71,-9
basic_bassoon_37,16,0.090,68.6392,37,-16
basic_bassoon_37,17,0.077,495.279,71,5
basic_bassoon_37,18,0.076,542.384,73,-38
basic_bassoon_37,19,0.069,899.039,81,37
basic_bassoon_37,20,0.069,631.211,75,25
basic_bassoon_37,21,0.065,271.865,61,-34
basic_bassoon_37,22,0.065,685.046,77,-34
basic_bassoon_37,23,0.064,633.903,75,32
basic_bassoon_37,24,0.064,1313.57,88,-7
basic_bassoon_37,25,0.063,562.572,73,25
basic_bassoon_37,26,0.061,558.535,73,13
basic_bassoon_37,27,0.060,1383.55,89,-17
basic_bassoon_37,28,0.060,829.054,80,-3
basic_bassoon_37,29,0.057,407.797,68,-32
basic_bassoon_37,30,0.057,1590.81,91,25
basic_bassoon_37,31,0.055,471.053,70,18
basic_bassoon_37,32,0.054,499.316,71,19
basic_bassoon_38,1,1.000,514.121,72,-30
basic_bassoon_38,2,0.568,440.098,69,0
basic_bassoon_38,3,0.349,366.076,66,-18
basic_bassoon_38,4,0.209,518.159,72,-17
basic_bassoon_38,5,0.185,293.399,62,-2
basic_bassoon_38,6,0.133,510.083,72,-44
basic_bassoon_38,7,0.131,588.144,74,2
basic_bassoon_38,8,0.113,503.354,71,33
basic_bassoon_38,9,0.112,146.699,50,-2
basic_bassoon_38,10,0.095,220.722,57,6
basic_bassoon_38,11,0.084,522.196,72,-3
basic_bassoon_38,12,0.079,372.805,66,13
basic_bassoon_38,13,0.073,448.173,69,32
basic_bassoon_38,14,0.065,662.166,76,8
basic_bassoon_38,15,0.065,734.843,78,-12
basic_bassoon_38,16,0.062,429.331,69,-42
basic_bassoon_38,17,0.058,298.782,62,30
basic_bassoon_39,1,1.000,467.016,70,3
basic_bassoon_39,2,0.635,545.076,73,-29
basic_bassoon_39,3,0.374,623.136,75,2
basic_bassoon_39,4,0.366,310.895,63,-1
basic_bassoon_39,5,0.240,388.955,67,-13
basic_bassoon_39,6,0.224,232.835,58,-2
basic_bassoon_39,7,0.160,154.775,51,-9
basic_bassoon_39,8,0.136,462.978,70,-12
basic_bassoon_39,9,0.120,701.196,77,7
basic_bassoon_39,10,0.112,549.113,73,-16
basic_bassoon_39,11,0.103,76.7144,39,-24
basic_bassoon_39,12,0.099,541.038,73,-42
basic_bassoon_39,13,0.090,475.091,70,33
basic_bassoon_39,14,0.088,457.595,70,-32
basic_bassoon_39,15,0.078,477.783,70,43
basic_bassoon_39,16,0.072,1247.62,87,4
basic_bassoon_39,17,0.065,627.174,75,14
basic_bassoon_39,18,0.060,535.655,72,41
basic_bassoon_39,19,0.060,619.098,75,-9
basic_bassoon_39,20,0.055,555.843,73,5
basic_bassoon_39,21,0.055,1325.68,88,9
basic_bassoon_39,22,0.054,1403.74,89,8
basic_bassoon_39,23,0.052,553.151,73,-4
basic_bassoon_40,1,1.000,495.279,71,5
basic_bassoon_40,2,0.698,411.835,68,-15
basic_bassoon_40,3,0.665,577.377,74,-30
basic_bassoon_40,4,0.311,246.294,59,-5
basic_bassoon_40,5,0.276,329.737,64,1
basic_bassoon_40,6,0.235,164.196,52,-7
basic_bassoon_40,7,0.168,742.918,78,7
basic_bassoon_40,8,0.159,659.474,76,1
basic_bassoon_40,9,0.145,500.662,71,24
basic_bassoon_40,10,0.118,488.549,71,-19
basic_bassoon_40,11,0.102,82.0978,40,-7
basic_bassoon_40,12,0.086,504.7,71,38
basic_bassoon_40,13,0.085,582.76,74,-14
basic_bassoon_40,14,0.080,1402.39,89,7
basic_bassoon_40,15,0.074,484.512,71,-33
basic_bassoon_40,16,0.066,419.91,68,19
basic_bassoon_40,17,0.065,1320.29,88,2
basic_bassoon_40,18,0.064,480.474,71,-48
basic_bassoon_40,19,0.062,570.647,74,-50
basic_bassoon_40,20,0.054,508.737,72,-49
basic_bassoon_40,21,0.052,1567.93,91,0
basic_bassoon_40,22,0.051,403.76,68,-49
basic_bassoon_40,23,0.051,472.399,70,23
basic_bassoon_41,1,1.000,522.196,72,-3
basic_bassoon_41,2,0.329,609.677,75,-35
basic_bassoon_41,3,0.249,434.715,69,-21
basic_bassoon_41,4,0.248,348.579,65,-3
basic_bassoon_41,5,0.145,173.617,53,-10
basic_bassoon_41,6,0.122,261.098,60,-3
basic_bassoon_41,7,0.089,530.271,72,23
basic_bassoon_41,8,0.081,86.1354,41,-23
basic_bassoon_41,9,0.078,958.257,82,47
basic_bassoon_41,10,0.078,697.159,77,-3
basic_bassoon_41,11,0.073,512.775,72,-35
basic_bassoon_41,12,0.066,532.963,72,32
basic_bassoon_41,13,0.063,1306.84,88,-15
basic_bassoon_41,14,0.057,605.64,75,-47
basic_bassoon_41,15,0.054,613.715,75,-24
basic_bassoon_41,16,0.051,508.737,72,-49
basic_bassoon_42,1,1.000,551.805,73,-8
basic_bassoon_42,2,0.465,643.324,76,-42
basic_bassoon_42,3,0.446,458.94,70,-27
basic_bassoon_42,4,0.261,736.189,78,-9
basic_bassoon_42,5,0.192,367.421,66,-12
basic_bassoon_42,6,0.172,275.903,61,-8
basic_bassoon_42,7,0.090,543.73,73,-34
basic_bassoon_42,8,0.078,559.88,73,17
basic_bassoon_42,9,0.077,183.038,54,-18
basic_bassoon_42,10,0.076,827.708,80,-6
basic_bassoon_42,11,0.074,541.038,73,-42
basic_bassoon_42,12,0.061,565.264,73,34
basic_bassoon_42,13,0.057,453.557,70,-47
basic_bassoon_42,14,0.052,91.5189,42,-18
basic_bassoon_42,15,0.052,465.67,70,-2
basic_bassoon_43,1,1.000,487.204,71,-24
basic_bassoon_43,2,0.621,585.452,74,-6
basic_bassoon_43,3,0.418,390.301,67,-7
basic_bassoon_43,4,0.187,292.053,62,-10
basic_bassoon_43,5,0.127,483.166,71,-38
basic_bassoon_43,6,0.110,682.354,77,-40
basic_bassoon_43,7,0.108,96.9024,43,-19
basic_bassoon_43,8,0.100,1267.81,87,32
basic_bassoon_43,9,0.082,493.933,71,0
basic_bassoon_43,10,0.080,975.753,83,-21
basic_bassoon_43,11,0.075,477.783,70,43
basic_bassoon_43,12,0.063,195.151,55,-7
basic_bassoon_43,13,0.063,780.602,79,-7
basic_bassoon_43,14,0.057,395.685,67,16
basic_bassoon_43,15,0.056,1366.05,89,-39
basic_bassoon_43,16,0.053,475.091,70,33
basic_bassoon_43,17,0.051,1170.9,86,-6
basic_bassoon_43,18,0.050,593.527,74,18
basic_bassoon_44,1,1.000,516.813,72,-21
basic_bassoon_44,2,0.303,620.444,75,-5
basic_bassoon_44,3,0.185,512.775,72,-35
basic_bassoon_44,4,0.158,506.046,71,42
basic_bassoon_44,5,0.149,520.85,72,-8
basic_bassoon_44,6,0.127,413.181,68,-9
basic_bassoon_44,7,0.121,527.58,72,14
basic_bassoon_44,8,0.084,309.549,63,-9
basic_bassoon_44,9,0.070,1240.89,87,-5
basic_bassoon_44,10,0.063,724.076,78,-38
basic_bassoon_44,11,0.059,609.677,75,-35
basic_bassoon_44,12,0.058,205.918,56,-15
basic_bassoon_44,13,0.057,1344.52,88,34
basic_bassoon_44,14,0.052,495.279,71,5
basic_bassoon_45,1,1.000,549.113,73,-16
basic_bassoon_45,2,0.400,438.752,69,-5
basic_bassoon_45,3,0.195,553.151,73,-4
basic_bassoon_45,4,0.147,545.076,73,-29
basic_bassoon_45,5,0.138,659.474,76,1
basic_bassoon_45,6,0.108,557.189,73,9
basic_bassoon_45,7,0.105,329.737,64,1
basic_bassoon_45,8,0.090,219.376,57,-5
basic_bassoon_45,9,0.082,768.49,79,-35
basic_bassoon_45,10,0.075,541.038,73,-42
basic_bassoon_45,11,0.070,109.015,45,-16
basic_bassoon_45,12,0.068,989.212,83,3
basic_bassoon_45,13,0.057,561.226,73,21
basic_bassoon_45,14,0.050,445.482,69,21
basic_bassoon_46,1,1.000,582.76,74,-14
basic_bassoon_46,2,0.847,465.67,70,-2
basic_bassoon_46,3,0.348,349.925,65,3
basic_bassoon_46,4,0.284,699.85,77,3
basic_bassoon_46,5,0.278,1282.61,88,-48
basic_bassoon_46,6,0.198,578.722,74,-26
basic_bassoon_46,7,0.150,232.835,58,-2
basic_bassoon_46,8,0.143,586.798,74,-2
basic_bassoon_46,9,0.127,574.685,74,-38
basic_bassoon_46,10,0.123,461.632,70,-17
basic_bassoon_46,11,0.100,1399.7,89,3
basic_bassoon_46,12,0.088,457.595,70,-32
basic_bassoon_46,13,0.079,815.595,80,-32
basic_bassoon_46,14,0.064,477.783,70,43
basic_bassoon_46,15,0.060,593.527,74,18
basic_bassoon_46,16,0.059,1515.45,90,41
basic_bassoon_46,17,0.058,1278.57,87,47
basic_bassoon_46,18,0.057,932.685,82,1
basic_bassoon_46,19,0.055,596.219,74,26
basic_bassoon_46,20,0.053,343.196,65,-30
basic_bassoon_47,1,1.000,493.933,71,0
basic_bassoon_47,2,0.377,616.407,75,-16
basic_bassoon_47,3,0.349,740.226,78,1
basic_bassoon_47,4,0.244,370.113,66,1
basic_bassoon_47,5,0.238,246.294,59,-5
basic_bassoon_47,6,0.140,487.204,71,-24
basic_bassoon_47,7,0.124,499.316,71,19
basic_bassoon_47,8,0.106,483.166,71,-38
basic_bassoon_47,9,0.072,503.354,71,33
basic_bassoon_47,10,0.068,736.189,78,-9
basic_bassoon_47,11,0.064,479.128,70,47
basic_bassoon_47,12,0.058,1234.16,87,-14
basic_bassoon_47,13,0.055,744.264,78,10
basic_bassoon_48,1,1.000,523.542,72,1
basic_bassoon_48,2,0.390,392.993,67,4
basic_bassoon_48,3,0.189,527.58,72,14
basic_bassoon_48,4,0.155,519.504,72,-12
basic_bassoon_48,5,0.108,261.098,60,-3
basic_bassoon_48,6,0.089,531.617,72,27
basic_bassoon_48,7,0.083,515.467,72,-26
basic_bassoon_48,8,0.075,654.091,76,-14
basic_bassoon_48,9,0.074,511.429,72,-40
basic_bassoon_48,10,0.071,1309.53,88,-12
basic_bassoon_48,11,0.064,535.655,72,41
basic_bassoon_48,12,0.061,500.662,71,24
basic_bassoon_48,13,0.053,398.376,67,28
basic_bassoon_49,1,1.000,554.497,73,0
basic_bassoon_49,2,0.913,415.873,68,2
basic_bassoon_49,3,0.224,277.248,61,0
basic_bassoon_49,4,0.178,694.467,77,-10
basic_bassoon_49,5,0.164,419.91,68,19
basic_bassoon_49,6,0.141,411.835,68,-15
basic_bassoon_49,7,0.124,549.113,73,-16
basic_bassoon_49,8,0.098,561.226,73,21
basic_bassoon_49,9,0.079,423.948,68,36
basic_bassoon_49,10,0.072,407.797,68,-32
basic_bassoon_49,11,0.070,545.076,73,-29
basic_bassoon_49,12,0.062,565.264,73,34
basic_bassoon_49,13,0.055,427.985,69,-48
basic_bassoon_49,14,0.052,138.624,49,0
basic_bassoon_50,1,1.000,589.489,74,6
basic_bassoon_50,2,0.801,441.444,69,6
basic_bassoon_50,3,0.371,293.399,62,-2
basic_bassoon_50,4,0.274,736.189,78,-9
basic_bassoon_50,5,0.226,598.91,74,34
basic_bassoon_50,6,0.214,578.722,74,-26
basic_bassoon_50,7,0.161,594.873,74,22
basic_bassoon_50,8,0.140,884.234,81,8
basic_bassoon_50,9,0.132,450.865,69,42
basic_bassoon_50,10,0.124,432.023,69,-32
basic_bassoon_50,11,0.091,606.986,75,-43
basic_bassoon_50,12,0.083,602.948,74,45
basic_bassoon_50,13,0.078,146.699,50,-2
basic_bassoon_50,14,0.075,745.61,78,13
basic_bassoon_50,15,0.072,726.768,78,-31
basic_bassoon_50,16,0.051,300.128,62,38
basic_bassoon_50,17,0.050,1178.98,86,6
basic_bassoon_51,1,1.000,623.136,75,2
basic_bassoon_51,2,0.675,467.016,70,3
basic_bassoon_51,3,0.348,310.895,63,-1
basic_bassoon_51,4,0.238,779.257,79,-10
basic_bassoon_51,5,0.183,619.098,75,-9
basic_bassoon_51,6,0.167,627.174,75,14
basic_bassoon_51,7,0.151,615.061,75,-20
basic_bassoon_51,8,0.134,935.377,82,6
basic_bassoon_51,9,0.126,471.053,70,18
basic_bassoon_51,10,0.116,633.903,75,32
basic_bassoon_51,11,0.103,462.978,70,-12
basic_bassoon_51,12,0.086,458.94,70,-27
basic_bassoon_51,13,0.072,477.783,70,43
basic_bassoon_51,14,0.059,154.775,51,-9
basic_bassoon_51,15,0.058,1402.39,89,7
basic_bassoon_51,16,0.055,1246.27,87,2
basic_bassoon_51,17,0.054,639.286,75,47
basic_bassoon_52,1,1.000,495.279,71,5
basic_bassoon_52,2,0.179,329.737,64,1
basic_bassoon_52,3,0.132,488.549,71,-19
basic_bassoon_52,4,0.117,500.662,71,24
basic_bassoon_52,5,0.087,504.7,71,38
basic_bassoon_52,6,0.084,164.196,52,-7
basic_bassoon_52,7,0.065,484.512,71,-33
basic_bassoon_52,8,0.059,659.474,76,1
basic_bassoon_52,9,0.057,508.737,72,-49
basic_bassoon_52,10,0.054,1320.29,88,2
basic_bassoon_53,1,1.000,524.888,72,5
basic_bassoon_53,2,0.182,518.159,72,-17
basic_bassoon_53,3,0.164,349.925,65,3
basic_bassoon_53,4,0.099,514.121,72,-30
basic_bassoon_53,5,0.077,173.617,53,-10
basic_bassoon_53,6,0.070,510.083,72,-44
basic_bassoon_53,7,0.061,534.309,72,36
basic_bassoon_53,8,0.057,699.85,77,3
basic_bassoon_53,9,0.053,506.046,71,42
basic_bassoon_54,1,1.000,554.497,73,0
basic_bassoon_54,2,0.297,740.226,78,1
basic_bassoon_54,3,0.286,370.113,66,1
basic_bassoon_54,4,0.129,549.113,73,-16
basic_bassoon_54,5,0.094,546.422,73,-25
basic_bassoon_54,6,0.089,561.226,73,21
basic_bassoon_54,7,0.080,184.384,54,-6
basic_bassoon_54,8,0.063,566.61,73,38
basic_bassoon_54,9,0.062,1294.72,88,-32
basic_bassoon_55,1,1.000,588.144,74,2
basic_bassoon_55,2,0.332,391.647,67,-2
basic_bassoon_55,3,0.309,783.294,79,-2
basic_bassoon_55,4,0.134,581.414,74,-18
basic_bassoon_55,5,0.120,593.527,74,18
basic_bassoon_55,6,0.083,195.151,55,-7
basic_bassoon_55,7,0.079,597.565,74,30
basic_bassoon_55,8,0.071,387.609,67,-19
basic_bassoon_55,9,0.065,601.602,74,42
basic_bassoon_55,10,0.065,1371.44,89,-32
basic_bassoon_55,11,0.063,577.377,74,-30
basic_bassoon_56,1,1.000,620.444,75,-5
basic_bassoon_56,2,0.588,413.181,68,-9
basic_bassoon_56,3,0.263,205.918,56,-15
basic_bassoon_56,4,0.159,827.708,80,-6
basic_bassoon_56,5,0.146,1242.23,87,-3
basic_bassoon_56,6,0.135,627.174,75,14
basic_bassoon_56,7,0.078,419.91,68,19
basic_bassoon_56,8,0.077,2071.29,96,-18
basic_bassoon_56,9,0.075,631.211,75,25
basic_bassoon_56,10,0.074,611.023,75,-32
basic_bassoon_56,11,0.066,407.797,68,-32
basic_bassoon_56,12,0.066,1449.5,90,-36
basic_bassoon_56,13,0.057,606.986,75,-43
basic_bassoon_56,14,0.052,602.948,74,45
basic_bassoon_57,1,1.000,440.098,69,0
basic_bassoon_57,2,0.590,660.82,76,4
basic_bassoon_57,3,0.211,219.376,57,-5
basic_bassoon_57,4,0.162,1102.26,85,-10
basic_bassoon_57,5,0.162,881.542,81,3
basic_bassoon_57,6,0.127,1322.99,88,6
basic_bassoon_57,7,0.106,656.783,76,-7
basic_bassoon_57,8,0.099,664.858,76,15
basic_bassoon_57,9,0.086,448.173,69,32
basic_bassoon_57,10,0.076,430.677,69,-37
basic_bassoon_57,11,0.068,1763.08,93,3
basic_bassoon_57,12,0.056,1983.81,95,7
basic_bassoon_58,1,1.000,464.324,70,-7
basic_bassoon_58,2,0.451,697.159,77,-3
basic_bassoon_58,3,0.284,929.994,82,-4
basic_bassoon_58,4,0.220,231.489,58,-12
basic_bassoon_58,5,0.180,460.286,70,-22
basic_bassoon_58,6,0.163,468.361,70,8
basic_bassoon_58,7,0.149,1394.32,89,-3
basic_bassoon_58,8,0.086,456.249,70,-37
basic_bassoon_58,9,0.081,472.399,70,23
basic_bassoon_58,10,0.074,1161.48,86,-20
basic_bassoon_58,11,0.058,476.437,70,38
basic_bassoon_58,12,0.052,452.211,69,47
basic_bassoon_59,1,1.000,492.587,71,-5
basic_bassoon_59,2,0.453,740.226,78,1
basic_bassoon_59,3,0.253,246.294,59,-5
basic_bassoon_59,4,0.173,487.204,71,-24
basic_bassoon_59,5,0.129,503.354,71,33
basic_bassoon_59,6,0.128,500.662,71,24
basic_bassoon_59,7,0.123,736.189,78,-9
basic_bassoon_59,8,0.122,483.166,71,-38
basic_bassoon_59,9,0.079,746.956,78,16
basic_bassoon_59,10,0.070,1234.16,87,-14
basic_bassoon_59,11,0.060,750.993,78,26
basic_bassoon_59,12,0.059,730.805,78,-22
basic_bassoon_59,13,0.054,507.392,71,47
basic_bassoon_59,14,0.050,479.128,70,47
basic_bassoon_59,15,0.050,242.256,59,-33
basic_bassoon_60,1,1.000,520.85,72,-8
basic_bassoon_60,2,0.481,781.948,79,-5
basic_bassoon_60,3,0.349,1043.05,84,-6
basic_bassoon_60,4,0.219,259.752,60,-12
basic_bassoon_60,5,0.161,1565.24,91,-3
basic_bassoon_60,6,0.131,515.467,72,-26
basic_bassoon_60,7,0.105,527.58,72,14
basic_bassoon_60,8,0.083,1304.14,88,-19
basic_bassoon_60,9,0.078,511.429,72,-40
basic_bassoon_60,10,0.060,531.617,72,27
basic_bassoon_60,11,0.052,507.392,71,47
basic_bassoon_61,1,1.000,554.497,73,0
basic_bassoon_61,2,0.096,831.745,80,2
basic_bassoon_61,3,0.092,546.422,73,-25
basic_bassoon_61,4,0.082,277.248,61,0
basic_bassoon_61,5,0.081,1108.99,85,0
basic_bassoon_61,6,0.068,563.918,73,30
basic_bassoon_61,7,0.064,1386.24,89,-13
basic_bassoon_61,8,0.059,542.384,73,-38
basic_bassoon_61,9,0.050,567.956,73,42
basic_bassoon_62,1,1.000,586.798,74,-2
basic_bassoon_62,2,0.100,594.873,74,22
basic_bassoon_62,3,0.089,293.399,62,-2
basic_bassoon_62,4,0.081,880.197,81,0
basic_bassoon_62,5,0.079,576.031,74,-34
basic_bassoon_62,6,0.070,1174.94,86,0
basic_bassoon_62,7,0.051,1468.34,90,-14
basic_bassoon_63,1,1.000,621.79,75,-1
basic_bassoon_63,2,0.243,310.895,63,-1
basic_bassoon_63,3,0.229,625.828,75,10
basic_bassoon_63,4,0.159,1244.93,87,1
basic_bassoon_63,5,0.135,617.753,75,-13
basic_bassoon_63,6,0.098,629.865,75,21
basic_bassoon_63,7,0.075,633.903,75,32
basic_bassoon_63,8,0.062,934.031,82,3
basic_bassoon_64,1,1.000,659.474,76,1
basic_bassoon_64,2,0.133,664.858,76,15
basic_bassoon_64,3,0.111,1318.95,88,1
basic_bassoon_64,4,0.108,329.737,64,1
basic_bassoon_64,5,0.103,652.745,76,-17
basic_bassoon_64,6,0.097,989.212,83,3
basic_bassoon_64,7,0.074,668.896,76,25
basic_bassoon_64,8,0.065,672.933,76,36
basic_bassoon_64,9,0.063,648.708,76,-28
basic_bassoon_65,1,1.000,698.505,77,0
basic_bassoon_65,2,0.404,348.579,65,-3
basic_bassoon_65,3,0.270,694.467,77,-10
basic_bassoon_65,4,0.206,1048.43,84,3
basic_bassoon_65,5,0.105,1397.01,89,0
basic_bassoon_65,6,0.104,703.888,77,13
basic_bassoon_65,7,0.071,687.738,77,-27
basic_bassoon_65,8,0.071,707.926,77,23
basic_bassoon_65,9,0.065,1746.93,93,-13
basic_bassoon_65,10,0.055,2096.86,96,3
basic_bassoon_66,1,1.000,740.226,78,1
basic_bassoon_66,2,0.493,370.113,66,1
basic_bassoon_66,3,0.235,736.189,78,-9
basic_bassoon_66,4,0.228,744.264,78,10
basic_bassoon_66,5,0.109,748.302,78,19
basic_bassoon_66,6,0.106,1110.34,85,3
basic_bassoon_66,7,0.078,375.497,66,26
basic_bassoon_66,8,0.061,729.46,78,-25
basic_bassoon_66,9,0.059,752.339,78,29
basic_bassoon_67,1,1.000,781.948,79,-5
basic_bassoon_67,2,0.356,390.301,67,-7
basic_bassoon_67,3,0.128,772.527,79,-25
basic_bassoon_67,4,0.107,1565.24,91,-3
basic_bassoon_67,5,0.095,794.061,79,22
basic_bassoon_67,6,0.091,1173.6,86,-2
basic_bassoon_67,7,0.068,796.753,79,28
basic_bassoon_67,8,0.059,760.414,78,47
basic_bassoon_67,9,0.059,764.452,79,-44
basic_bassoon_67,10,0.058,384.918,67,-32
basic_bassoon_68,1,1.000,830.399,80,0
basic_bassoon_68,2,0.397,414.527,68,-3
basic_bassoon_68,3,0.228,1246.27,87,2
basic_bassoon_68,4,0.169,825.016,80,-12
basic_bassoon_68,5,0.131,1662.14,92,1
basic_bassoon_68,6,0.089,838.475,80,16
basic_bassoon_68,7,0.089,822.324,80,-17
basic_bassoon_68,8,0.076,2078.02,96,-12
basic_bassoon_68,9,0.068,2493.89,99,3
basic_bassoon_68,10,0.059,816.941,80,-29
basic_bassoon_68,11,0.058,842.512,80,25
basic_bassoon_68,12,0.057,409.143,68,-26
basic_bassoon_69,1,1.000,878.851,81,-2
basic_bassoon_69,2,0.402,438.752,69,-5
basic_bassoon_69,3,0.237,882.888,81,6
basic_bassoon_69,4,0.201,1318.95,88,1
basic_bassoon_69,5,0.135,874.813,81,-10
basic_bassoon_69,6,0.126,870.775,81,-18
basic_bassoon_69,7,0.102,1757.7,93,-2
basic_bassoon_69,8,0.091,866.738,81,-26
basic_bassoon_69,9,0.062,2197.8,97,-15
basic_bassoon_69,10,0.059,895.001,81,29
basic_bassoon_69,11,0.052,2637.9,100,1
basic_bassoon_69,12,0.050,892.309,81,24
basic_bassoon_70,1,1.000,931.339,82,-2
basic_bassoon_70,2,0.485,465.67,70,-2
basic_bassoon_70,3,0.250,1398.36,89,2
basic_bassoon_70,4,0.168,925.956,82,-12
basic_bassoon_70,5,0.123,939.415,82,13
basic_bassoon_70,6,0.118,1865.37,94,1
basic_bassoon_70,7,0.095,461.632,70,-17
basic_bassoon_70,8,0.092,942.106,82,18
basic_bassoon_70,9,0.079,921.918,82,-19
basic_bassoon_70,10,0.072,2331.04,98,-14
basic_bassoon_70,11,0.071,469.707,70,13
basic_bassoon_70,12,0.064,1394.32,89,-3
basic_bassoon_70,13,0.059,946.144,82,25
basic_bassoon_70,14,0.058,2798.06,101,3
basic_bassoon_70,15,0.053,917.881,82,-27
basic_bassoon_71,1,1.000,987.866,83,0
basic_bassoon_71,2,0.450,493.933,71,0
basic_bassoon_71,3,0.217,1483.14,90,4
basic_bassoon_71,4,0.118,1977.08,95,1
basic_bassoon_71,5,0.106,979.791,83,-14
basic_bassoon_71,6,0.106,489.895,71,-14
basic_bassoon_71,7,0.101,995.941,83,14
basic_bassoon_71,8,0.068,975.753,83,-21
basic_bassoon_71,9,0.062,971.715,83,-28
basic_bassoon_71,10,0.061,2472.36,99,-12
basic_bassoon_71,11,0.053,2966.29,102,4
basic_bassoon_71,12,0.052,1973.04,95,-2
basic_bassoon_72,1,1.000,1043.05,84,-6
basic_bassoon_72,2,0.472,1565.24,91,-3
basic_bassoon_72,3,0.327,2087.44,96,-5
basic_bassoon_72,4,0.218,520.85,72,-8
basic_bassoon_72,5,0.165,1037.66,84,-15
basic_bassoon_72,6,0.128,3131.83,103,-2
basic_bassoon_72,7,0.094,1559.86,91,-9
basic_bassoon_72,8,0.088,1051.12,84,8
basic_bassoon_72,9,0.087,1033.63,84,-21
basic_bassoon_72,10,0.080,2082.06,96,-9
basic_bassoon_72,11,0.072,2609.63,100,-18
basic_bassoon_72,12,0.056,1029.59,84,-28
basic_bassoon_72,13,0.053,1557.17,91,-12
basic_fiddle_36,1,1.000,392.993,67,4
basic_fiddle_36,2,0.695,523.542,72,1
basic_fiddle_36,3,0.669,261.098,60,-3
basic_fiddle_36,4,0.275,655.437,76,-10
basic_fiddle_36,5,0.239,1835.76,94,-27
basic_fiddle_36,6,0.213,1310.87,88,-10
basic_fiddle_36,7,0.189,388.955,67,-13
basic_fiddle_36,8,0.172,1442.77,90,-44
basic_fiddle_36,9,0.168,130.549,48,-3
basic_fiddle_36,10,0.151,397.031,67,22
basic_fiddle_36,11,0.128,1705.21,92,45
basic_fiddle_36,12,0.115,1048.43,84,3
basic_fiddle_36,13,0.104,530.271,72,23
basic_fiddle_36,14,0.104,2492.54,99,2
basic_fiddle_36,15,0.091,518.159,72,-17
basic_fiddle_36,16,0.090,384.918,67,-32
basic_fiddle_36,17,0.089,255.715,60,-40
basic_fiddle_36,18,0.085,267.827,60,41
basic_fiddle_36,19,0.067,1841.15,94,-22
basic_fiddle_36,20,0.065,380.88,67,-50
basic_fiddle_36,21,0.062,1180.32,86,8
basic_fiddle_36,22,0.060,251.677,59,33
basic_fiddle_36,23,0.059,514.121,72,-30
basic_fiddle_36,24,0.053,1317.6,88,-1
basic_fiddle_36,25,0.051,785.986,79,4
basic_fiddle_36,26,0.051,376.843,66,32
basic_fiddle_36,27,0.051,2360.65,98,8
basic_fiddle_36,28,0.051,2497.93,99,6
basic_fiddle_36,29,0.050,405.106,68,-43
basic_fiddle_37,1,1.000,415.873,68,2
basic_fiddle_37,2,0.793,277.248,61,0
basic_fiddle_37,3,0.689,554.497,73,0
basic_fiddle_37,4,0.274,694.467,77,-10
basic_fiddle_37,5,0.217,1388.93,89,-10
basic_fiddle_37,6,0.214,1944.78,95,-27
basic_fiddle_37,7,0.173,138.624,49,0
basic_fiddle_37,8,0.168,1527.56,91,-45
basic_fiddle_37,9,0.148,281.286,61,25
basic_fiddle_37,10,0.133,561.226,73,21
basic_fiddle_37,11,0.124,273.211,61,-25
basic_fiddle_37,12,0.117,1806.15,93,45
basic_fiddle_37,13,0.108,1111.69,85,5
basic_fiddle_37,14,0.085,2639.24,100,1
basic_fiddle_37,15,0.081,406.452,68,-37
basic_fiddle_37,16,0.079,1951.51,95,-21
basic_fiddle_37,17,0.071,285.324,62,-50
basic_fiddle_37,18,0.067,269.173,60,49
basic_fiddle_37,19,0.065,549.113,73,-16
basic_fiddle_37,20,0.064,1394.32,89,-3
basic_fiddle_37,21,0.062,1250.31,87,8
basic_fiddle_37,22,0.062,545.076,73,-29
basic_fiddle_37,23,0.059,2635.21,100,-1
basic_fiddle_37,24,0.057,427.985,69,-48
basic_fiddle_37,25,0.056,833.091,80,5
basic_fiddle_37,26,0.055,2645.97,100,6
basic_fiddle_37,27,0.051,699.85,77,3
basic_fiddle_37,28,0.050,565.264,73,34
basic_fiddle_37,29,0.050,289.361,62,-26
basic_fiddle_38,1,1.000,441.444,69,6
basic_fiddle_38,2,0.802,588.144,74,2
basic_fiddle_38,3,0.751,293.399,62,-2
basic_fiddle_38,4,0.256,2060.52,96,-27
basic_fiddle_38,5,0.250,736.189,78,-9
basic_fiddle_38,6,0.212,1472.38,90,-9
basic_fiddle_38,7,0.189,1619.08,92,-44
basic_fiddle_38,8,0.175,146.699,50,-2
basic_fiddle_38,9,0.171,592.181,74,14
basic_fiddle_38,10,0.134,1913.82,94,45
basic_fiddle_38,11,0.121,2796.71,101,2
basic_fiddle_38,12,0.121,1177.63,86,4
basic_fiddle_38,13,0.098,584.106,74,-10
basic_fiddle_38,14,0.095,449.519,69,37
basic_fiddle_38,15,0.093,596.219,74,26
basic_fiddle_38,16,0.087,288.015,62,-34
basic_fiddle_38,17,0.085,433.369,69,-26
basic_fiddle_38,18,0.081,300.128,62,38
basic_fiddle_38,19,0.074,1324.33,88,8
basic_fiddle_38,20,0.071,430.677,69,-37
basic_fiddle_38,21,0.067,578.722,74,-26
basic_fiddle_38,22,0.064,2064.56,96,-24
basic_fiddle_38,23,0.064,283.978,61,42
basic_fiddle_38,24,0.061,882.888,81,6
basic_fiddle_38,25,0.058,2069.94,96,-19
basic_fiddle_38,26,0.056,454.903,70,-42
basic_fiddle_38,27,0.055,2650.01,100,9
basic_fiddle_38,28,0.053,2049.75,96,-36
basic_fiddle_38,29,0.051,600.256,74,38
basic_fiddle_39,1,1.000,467.016,70,3
basic_fiddle_39,2,0.781,623.136,75,2
basic_fiddle_39,3,0.740,310.895,63,-1
basic_fiddle_39,4,0.281,779.257,79,-10
basic_fiddle_39,5,0.208,2183,97,-27
basic_fiddle_39,6,0.198,1558.51,91,-10
basic_fiddle_39,7,0.160,154.775,51,-9
basic_fiddle_39,8,0.157,1714.63,93,-45
basic_fiddle_39,9,0.113,1247.62,87,4
basic_fiddle_39,10,0.111,2026.87,95,44
basic_fiddle_39,11,0.092,2962.25,102,1
basic_fiddle_39,12,0.084,457.595,70,-32
basic_fiddle_39,13,0.082,305.512,63,-32
basic_fiddle_39,14,0.068,613.715,75,-24
basic_fiddle_39,15,0.068,2964.94,102,3
basic_fiddle_39,16,0.059,1403.74,89,8
basic_fiddle_39,17,0.057,479.128,70,47
basic_fiddle_39,18,0.057,453.557,70,-47
basic_fiddle_39,19,0.057,935.377,82,6
basic_fiddle_39,20,0.054,301.474,62,45
basic_fiddle_40,1,1.000,495.279,71,5
basic_fiddle_40,2,0.786,329.737,64,1
basic_fiddle_40,3,0.694,659.474,76,1
basic_fiddle_40,4,0.278,825.016,80,-12
basic_fiddle_40,5,0.229,2312.2,98,-28
basic_fiddle_40,6,0.228,1651.38,92,-10
basic_fiddle_40,7,0.174,164.196,52,-7
basic_fiddle_40,8,0.165,1816.92,94,-45
basic_fiddle_40,9,0.149,333.775,64,22
basic_fiddle_40,10,0.128,2146.66,96,44
basic_fiddle_40,11,0.124,325.7,64,-21
basic_fiddle_40,12,0.116,666.204,76,18
basic_fiddle_40,13,0.110,1320.29,88,2
basic_fiddle_40,14,0.103,3137.21,103,1
basic_fiddle_40,15,0.098,487.204,71,-24
basic_fiddle_40,16,0.081,654.091,76,-14
basic_fiddle_40,17,0.072,484.512,71,-33
basic_fiddle_40,18,0.072,503.354,71,33
basic_fiddle_40,19,0.069,321.662,64,-42
basic_fiddle_40,20,0.066,1485.84,90,7
basic_fiddle_40,21,0.065,337.812,64,42
basic_fiddle_40,22,0.060,650.053,76,-24
basic_fiddle_40,23,0.059,990.558,83,5
basic_fiddle_40,24,0.053,508.737,72,-49
basic_fiddle_40,25,0.052,670.241,76,29
basic_fiddle_40,26,0.052,479.128,70,47
basic_fiddle_41,1,1.000,524.888,72,5
basic_fiddle_41,2,0.782,699.85,77,3
basic_fiddle_41,3,0.739,349.925,65,3
basic_fiddle_41,4,0.287,874.813,81,-10
basic_fiddle_41,5,0.257,2449.48,99,-28
basic_fiddle_41,6,0.243,1749.63,93,-10
basic_fiddle_41,7,0.191,1924.59,95,-45
basic_fiddle_41,8,0.165,174.963,53,3
basic_fiddle_41,9,0.148,530.271,72,23
basic_fiddle_41,10,0.142,2274.51,97,44
basic_fiddle_41,11,0.127,1399.7,89,3
basic_fiddle_41,12,0.115,516.813,72,-21
basic_fiddle_41,13,0.113,3324.29,104,1
basic_fiddle_41,14,0.106,514.121,72,-30
basic_fiddle_41,15,0.106,355.309,65,30
basic_fiddle_41,16,0.095,691.775,77,-17
basic_fiddle_41,17,0.083,343.196,65,-30
basic_fiddle_41,18,0.083,2453.51,99,-25
basic_fiddle_41,19,0.077,689.084,77,-23
basic_fiddle_41,20,0.069,339.158,64,49
basic_fiddle_41,21,0.068,1753.66,93,-6
basic_fiddle_41,22,0.067,1574.66,91,7
basic_fiddle_41,23,0.061,2457.55,99,-22
basic_fiddle_41,24,0.060,1049.78,84,5
basic_fiddle_41,25,0.060,2437.36,99,-36
basic_fiddle_41,26,0.060,534.309,72,36
basic_fiddle_41,27,0.058,2444.09,99,-32
basic_fiddle_41,28,0.056,510.083,72,-44
basic_fiddle_41,29,0.054,3149.33,103,7
basic_fiddle_41,30,0.054,1928.63,95,-42
basic_fiddle_41,31,0.054,359.346,65,49
basic_fiddle_42,1,1.000,555.843,73,5
basic_fiddle_42,2,0.774,741.572,78,4
basic_fiddle_42,3,0.734,370.113,66,1
basic_fiddle_42,4,0.276,927.302,82,-9
basic_fiddle_42,5,0.224,2597.52,100,-26
basic_fiddle_42,6,0.218,1854.6,94,-9
basic_fiddle_42,7,0.175,2040.33,96,-44
basic_fiddle_42,8,0.163,745.61,78,13
basic_fiddle_42,9,0.158,184.384,54,-6
basic_fiddle_42,10,0.131,551.805,73,-8
basic_fiddle_42,11,0.128,2411.79,98,45
basic_fiddle_42,12,0.105,1484.49,90,5
basic_fiddle_42,13,0.104,737.535,78,-6
basic_fiddle_42,14,0.104,3524.82,105,2
basic_fiddle_42,15,0.083,546.422,73,-25
basic_fiddle_42,16,0.080,749.648,78,22
basic_fiddle_42,17,0.071,2602.91,100,-23
basic_fiddle_42,18,0.067,733.497,78,-15
basic_fiddle_42,19,0.066,567.956,73,42
basic_fiddle_42,20,0.063,1668.87,92,8
basic_fiddle_42,21,0.060,2606.94,100,-20
basic_fiddle_42,22,0.058,931.339,82,-2
basic_fiddle_42,23,0.057,360.692,66,-44
basic_fiddle_42,24,0.057,2585.41,100,-34
basic_fiddle_42,25,0.056,753.685,78,32
basic_fiddle_42,26,0.055,1113.03,85,7
basic_fiddle_42,27,0.054,1861.33,94,-3
basic_fiddle_42,28,0.053,729.46,78,-25
basic_fiddle_42,29,0.053,542.384,73,-38
basic_fiddle_43,1,1.000,589.489,74,6
basic_fiddle_43,2,0.779,785.986,79,4
basic_fiddle_43,3,0.742,392.993,67,4
basic_fiddle_43,4,0.283,982.482,83,-9
basic_fiddle_43,5,0.261,2750.95,101,-27
basic_fiddle_43,6,0.245,1964.96,95,-9
basic_fiddle_43,7,0.190,2161.46,97,-44
basic_fiddle_43,8,0.168,196.496,55,4
basic_fiddle_43,9,0.158,594.873,74,22
basic_fiddle_43,10,0.144,2554.45,99,45
basic_fiddle_43,11,0.133,791.369,79,16
basic_fiddle_43,12,0.128,1571.97,91,4
basic_fiddle_43,13,0.120,3733.43,106,2
basic_fiddle_43,14,0.112,398.376,67,28
basic_fiddle_43,15,0.101,582.76,74,-14
basic_fiddle_43,16,0.093,578.722,74,-26
basic_fiddle_43,17,0.084,386.264,67,-25
basic_fiddle_43,18,0.082,779.257,79,-10
basic_fiddle_43,19,0.072,2756.33,101,-23
basic_fiddle_43,20,0.071,794.061,79,22
basic_fiddle_43,21,0.069,1768.47,93,8
basic_fiddle_43,22,0.068,775.219,79,-19
basic_fiddle_43,23,0.067,2760.37,101,-21
basic_fiddle_43,24,0.062,602.948,74,45
basic_fiddle_43,25,0.062,1970.35,95,-5
basic_fiddle_43,26,0.059,1178.98,86,6
basic_fiddle_43,27,0.058,382.226,67,-44
basic_fiddle_43,28,0.057,3536.94,105,8
basic_fiddle_43,29,0.057,2738.84,101,-34
basic_fiddle_43,30,0.054,799.445,79,34
basic_fiddle_43,31,0.053,402.414,67,45
basic_fiddle_43,32,0.052,574.685,74,-38
basic_fiddle_44,1,1.000,414.527,68,-3
basic_fiddle_44,2,0.504,623.136,75,2
basic_fiddle_44,3,0.291,1662.14,92,1
basic_fiddle_44,4,0.276,830.399,80,0
basic_fiddle_44,5,0.203,1870.75,94,6
basic_fiddle_44,6,0.183,207.263,56,-3
basic_fiddle_44,7,0.135,409.143,68,-26
basic_fiddle_44,8,0.129,421.256,68,25
basic_fiddle_44,9,0.128,2493.89,99,3
basic_fiddle_44,10,0.113,2702.5,100,42
basic_fiddle_44,11,0.111,1454.88,90,-30
basic_fiddle_44,12,0.110,1039.01,84,-12
basic_fiddle_44,13,0.092,619.098,75,-9
basic_fiddle_44,14,0.083,627.174,75,14
basic_fiddle_44,15,0.082,405.106,68,-43
basic_fiddle_44,16,0.074,1246.27,87,2
basic_fiddle_44,17,0.074,425.294,68,41
basic_fiddle_44,18,0.057,401.068,67,40
basic_fiddle_44,19,0.053,429.331,69,-42
basic_fiddle_45,1,1.000,438.752,69,-5
basic_fiddle_45,2,0.462,658.129,76,-3
basic_fiddle_45,3,0.277,877.505,81,-5
basic_fiddle_45,4,0.237,1755.01,93,-5
basic_fiddle_45,5,0.159,1974.39,95,-1
basic_fiddle_45,6,0.158,219.376,57,-5
basic_fiddle_45,7,0.100,1535.63,91,-36
basic_fiddle_45,8,0.100,1096.88,85,-19
basic_fiddle_45,9,0.096,430.677,69,-37
basic_fiddle_45,10,0.095,2633.86,100,-2
basic_fiddle_45,11,0.093,2853.24,101,36
basic_fiddle_45,12,0.087,654.091,76,-14
basic_fiddle_45,13,0.071,1316.26,88,-3
basic_fiddle_45,14,0.068,881.542,81,3
basic_fiddle_45,15,0.065,448.173,69,32
basic_fiddle_45,16,0.059,452.211,69,47
basic_fiddle_45,17,0.056,427.985,69,-48
basic_fiddle_46,1,1.000,467.016,70,3
basic_fiddle_46,2,0.637,935.377,82,6
basic_fiddle_46,3,0.626,232.835,58,-2
basic_fiddle_46,4,0.536,701.196,77,7
basic_fiddle_46,5,0.305,1637.92,92,-24
basic_fiddle_46,6,0.303,1870.75,94,6
basic_fiddle_46,7,0.270,2573.3,100,-42
basic_fiddle_46,8,0.224,1403.74,89,8
basic_fiddle_46,9,0.184,3275.84,104,-24
basic_fiddle_46,10,0.152,2104.93,96,10
basic_fiddle_46,11,0.148,2807.48,101,8
basic_fiddle_46,12,0.129,939.415,82,13
basic_fiddle_46,13,0.118,931.339,82,-2
basic_fiddle_46,14,0.113,705.234,77,17
basic_fiddle_46,15,0.105,3041.66,102,47
basic_fiddle_46,16,0.103,3508.67,105,-6
basic_fiddle_46,17,0.092,3742.85,106,6
basic_fiddle_46,18,0.090,227.451,58,-42
basic_fiddle_46,19,0.090,697.159,77,-3
basic_fiddle_46,20,0.081,239.564,58,47
basic_fiddle_46,21,0.067,479.128,70,47
basic_fiddle_46,22,0.065,2577.33,100,-40
basic_fiddle_46,23,0.060,943.452,82,21
basic_fiddle_46,24,0.056,927.302,82,-9
basic_fiddle_46,25,0.055,1169.56,86,-8
basic_fiddle_46,26,0.052,453.557,70,-47
basic_fiddle_46,27,0.051,5380.77,112,35
basic_fiddle_46,28,0.050,1877.48,94,12
basic_fiddle_47,1,1.000,493.933,71,0
basic_fiddle_47,2,0.679,246.294,59,-5
basic_fiddle_47,3,0.346,741.572,78,4
basic_fiddle_47,4,0.308,2224.72,97,6
basic_fiddle_47,5,0.285,1978.42,95,3
basic_fiddle_47,6,0.193,989.212,83,3
basic_fiddle_47,7,0.179,497.971,71,14
basic_fiddle_47,8,0.147,1483.14,90,4
basic_fiddle_47,9,0.143,489.895,71,-14
basic_fiddle_47,10,0.132,1730.78,93,-29
basic_fiddle_47,11,0.122,2472.36,99,-12
basic_fiddle_47,12,0.084,240.91,59,-43
basic_fiddle_47,13,0.083,485.858,71,-28
basic_fiddle_47,14,0.079,502.008,71,28
basic_fiddle_47,15,0.074,3709.21,106,-9
basic_fiddle_47,16,0.072,253.023,59,42
basic_fiddle_47,17,0.061,3461.57,105,-29
basic_fiddle_47,18,0.058,1235.51,87,-13
basic_fiddle_47,19,0.053,2219.33,97,1
basic_fiddle_47,20,0.052,506.046,71,42
basic_fiddle_48,1,1.000,523.542,72,1
basic_fiddle_48,2,0.696,261.098,60,-3
basic_fiddle_48,3,0.349,2357.96,98,6
basic_fiddle_48,4,0.328,785.986,79,4
basic_fiddle_48,5,0.309,2095.51,96,2
basic_fiddle_48,6,0.198,1047.08,84,1
basic_fiddle_48,7,0.160,519.504,72,-12
basic_fiddle_48,8,0.157,527.58,72,14
basic_fiddle_48,9,0.148,1571.97,91,4
basic_fiddle_48,10,0.125,2620.4,100,-11
basic_fiddle_48,11,0.114,1834.42,94,-28
basic_fiddle_48,12,0.088,257.06,60,-30
basic_fiddle_48,13,0.083,531.617,72,27
basic_fiddle_48,14,0.074,515.467,72,-26
basic_fiddle_48,15,0.072,3929.93,107,-9
basic_fiddle_48,16,0.063,1309.53,88,-12
basic_fiddle_48,17,0.061,2353.92,98,3
basic_fiddle_48,18,0.058,269.173,60,49
basic_fiddle_48,19,0.057,3667.49,106,-29
basic_fiddle_48,20,0.054,511.429,72,-40
basic_fiddle_48,21,0.051,251.677,59,33
basic_fiddle_48,22,0.051,2364.69,98,11
basic_fiddle_49,1,1.000,277.248,61,0
basic_fiddle_49,2,0.437,554.497,73,0
basic_fiddle_49,3,0.146,831.745,80,2
basic_fiddle_49,4,0.131,1943.43,95,-28
basic_fiddle_49,5,0.128,2220.68,97,3
basic_fiddle_49,6,0.120,1110.34,85,3
basic_fiddle_49,7,0.113,2497.93,99,6
basic_fiddle_49,8,0.111,1387.59,89,-12
basic_fiddle_49,9,0.099,550.459,73,-12
basic_fiddle_49,10,0.073,285.324,62,-50
basic_fiddle_49,11,0.056,265.136,60,23
basic_fiddle_49,12,0.055,2216.64,97,-1
basic_fiddle_49,13,0.055,3609.61,105,44
basic_fiddle_49,14,0.054,2492.54,99,2
basic_fiddle_49,15,0.051,290.707,62,-18
basic_fiddle_50,1,1.000,293.399,62,-2
basic_fiddle_50,2,0.761,588.144,74,2
basic_fiddle_50,3,0.425,882.888,81,6
basic_fiddle_50,4,0.131,584.106,74,-10
basic_fiddle_50,5,0.129,3826.3,106,44
basic_fiddle_50,6,0.126,1176.29,86,2
basic_fiddle_50,7,0.115,592.181,74,14
basic_fiddle_50,8,0.113,1471.03,90,-10
basic_fiddle_50,9,0.110,2060.52,96,-27
basic_fiddle_50,10,0.100,3531.55,105,6
basic_fiddle_50,11,0.099,2943.41,102,-10
basic_fiddle_50,12,0.089,301.474,62,45
basic_fiddle_50,13,0.078,3236.81,104,-45
basic_fiddle_50,14,0.077,283.978,61,42
basic_fiddle_50,15,0.061,580.068,74,-22
basic_fiddle_50,16,0.060,305.512,63,-32
basic_fiddle_50,17,0.060,596.219,74,26
basic_fiddle_50,18,0.052,279.94,61,17
basic_fiddle_50,19,0.052,888.272,81,16
basic_fiddle_51,1,1.000,312.241,63,6
basic_fiddle_51,2,0.906,936.723,82,8
basic_fiddle_51,3,0.694,2185.69,97,-25
basic_fiddle_51,4,0.662,624.482,75,6
basic_fiddle_51,5,0.324,1873.45,94,8
basic_fiddle_51,6,0.313,2497.93,99,6
basic_fiddle_51,7,0.215,1248.96,87,6
basic_fiddle_51,8,0.168,1561.2,91,-7
basic_fiddle_51,9,0.136,2189.72,97,-22
basic_fiddle_51,10,0.127,317.624,63,36
basic_fiddle_51,11,0.123,940.761,82,16
basic_fiddle_51,12,0.119,3434.65,105,-42
basic_fiddle_51,13,0.114,305.512,63,-32
basic_fiddle_51,14,0.105,2181.65,97,-28
basic_fiddle_51,15,0.102,2810.17,101,10
basic_fiddle_51,16,0.100,3746.89,106,8
basic_fiddle_51,17,0.083,629.865,75,21
basic_fiddle_51,18,0.079,928.648,82,-7
basic_fiddle_51,19,0.070,321.662,64,-42
basic_fiddle_51,20,0.068,301.474,62,45
basic_fiddle_51,21,0.067,2501.97,99,9
basic_fiddle_51,22,0.065,3122.41,103,-7
basic_fiddle_51,23,0.064,2177.61,97,-31
basic_fiddle_51,24,0.064,617.753,75,-13
basic_fiddle_51,25,0.061,1877.48,94,12
basic_fiddle_51,26,0.057,944.798,82,23
basic_fiddle_51,27,0.052,925.956,82,-12
basic_fiddle_51,28,0.051,325.7,64,-21
basic_fiddle_51,29,0.051,1869.41,94,4
basic_fiddle_52,1,1.000,329.737,64,1
basic_fiddle_52,2,0.343,1321.64,88,4
basic_fiddle_52,3,0.301,990.558,83,5
basic_fiddle_52,4,0.261,2312.2,98,-28
basic_fiddle_52,5,0.243,660.82,76,4
basic_fiddle_52,6,0.220,1982.46,95,6
basic_fiddle_52,7,0.219,1651.38,92,-10
basic_fiddle_52,8,0.217,3304.1,104,-10
basic_fiddle_52,9,0.198,333.775,64,22
basic_fiddle_52,10,0.188,325.7,64,-21
basic_fiddle_52,11,0.127,2973.02,102,8
basic_fiddle_52,12,0.119,2643.28,100,4
basic_fiddle_52,13,0.114,3633.84,106,-45
basic_fiddle_52,14,0.112,3964.92,107,6
basic_fiddle_52,15,0.091,337.812,64,42
basic_fiddle_52,16,0.084,321.662,64,-42
basic_fiddle_52,17,0.065,994.595,83,12
basic_fiddle_52,18,0.064,341.85,65,-37
basic_fiddle_52,19,0.061,317.624,63,36
basic_fiddle_52,20,0.050,1327.02,88,11
basic_fiddle_53,1,1.000,349.925,65,3
basic_fiddle_53,2,0.332,1401.05,89,5
basic_fiddle_53,3,0.293,1051.12,84,8
basic_fiddle_53,4,0.250,2453.51,99,-25
basic_fiddle_53,5,0.225,699.85,77,3
basic_fiddle_53,6,0.214,2102.24,96,8
basic_fiddle_53,7,0.212,3504.64,105,-8
basic_fiddle_53,8,0.207,1752.32,93,-8
basic_fiddle_53,9,0.195,345.888,65,-17
basic_fiddle_53,10,0.190,353.963,65,23
basic_fiddle_53,11,0.140,3154.71,103,10
basic_fiddle_53,12,0.099,2803.44,101,6
basic_fiddle_53,13,0.097,3855.91,107,-42
basic_fiddle_53,14,0.089,358,65,43
basic_fiddle_53,15,0.089,341.85,65,-37
basic_fiddle_53,16,0.075,4205.83,108,8
basic_fiddle_53,17,0.066,362.038,66,-38
basic_fiddle_53,18,0.065,337.812,64,42
basic_fiddle_53,19,0.057,1055.16,84,14
basic_fiddle_53,20,0.057,3508.67,105,-6
basic_fiddle_53,21,0.055,1047.08,84,1
basic_fiddle_54,1,1.000,370.113,66,1
basic_fiddle_54,2,0.595,741.572,78,4
basic_fiddle_54,3,0.548,1113.03,85,7
basic_fiddle_54,4,0.332,2596.18,100,-27
basic_fiddle_54,5,0.329,2226.06,97,7
basic_fiddle_54,6,0.214,1854.6,94,-9
basic_fiddle_54,7,0.119,1483.14,90,4
basic_fiddle_54,8,0.106,745.61,78,13
basic_fiddle_54,9,0.101,2601.56,100,-23
basic_fiddle_54,10,0.087,2967.64,102,4
basic_fiddle_54,11,0.079,2230.1,97,10
basic_fiddle_54,12,0.058,4080.67,108,-44
basic_fiddle_54,13,0.057,2590.79,100,-31
basic_fiddle_54,14,0.056,3339.09,104,9
basic_fiddle_54,15,0.055,382.226,67,-44
basic_fiddle_54,16,0.054,3709.21,106,-9
basic_fiddle_54,17,0.053,2219.33,97,1
basic_fiddle_54,18,0.051,1104.96,85,-6
basic_fiddle_54,19,0.051,1858.64,94,-6
basic_fiddle_54,20,0.050,356.655,65,36
basic_fiddle_55,1,1.000,391.647,67,-2
basic_fiddle_55,2,0.947,784.64,79,1
basic_fiddle_55,3,0.295,2356.61,98,5
basic_fiddle_55,4,0.176,1570.63,91,3
basic_fiddle_55,5,0.155,1963.62,95,-10
basic_fiddle_55,6,0.155,1177.63,86,4
basic_fiddle_55,7,0.117,386.264,67,-25
basic_fiddle_55,8,0.109,3534.24,105,7
basic_fiddle_55,9,0.108,398.376,67,28
basic_fiddle_55,10,0.099,779.257,79,-10
basic_fiddle_55,11,0.091,791.369,79,16
basic_fiddle_55,12,0.084,402.414,67,45
basic_fiddle_55,13,0.079,382.226,67,-44
basic_fiddle_55,14,0.074,3141.25,103,3
basic_fiddle_55,15,0.071,775.219,79,-19
basic_fiddle_55,16,0.062,2748.26,101,-28
basic_fiddle_55,17,0.061,795.407,79,25
basic_fiddle_55,18,0.060,3538.28,105,9
basic_fiddle_55,19,0.050,406.452,68,-37
basic_fiddle_56,1,1.000,414.527,68,-3
basic_fiddle_56,2,0.309,830.399,80,0
basic_fiddle_56,3,0.264,1660.8,92,0
basic_fiddle_56,4,0.236,2491.2,99,2
basic_fiddle_56,5,0.199,418.564,68,14
basic_fiddle_56,6,0.155,410.489,68,-20
basic_fiddle_56,7,0.138,1244.93,87,1
basic_fiddle_56,8,0.103,422.602,68,30
basic_fiddle_56,9,0.093,2907.07,102,-31
basic_fiddle_56,10,0.083,406.452,68,-37
basic_fiddle_56,11,0.078,4153.34,108,-14
basic_fiddle_56,12,0.072,3737.47,106,4
basic_fiddle_56,13,0.063,826.362,80,-9
basic_fiddle_56,14,0.054,426.64,68,47
basic_fiddle_56,15,0.052,2076.67,96,-14
basic_fiddle_56,16,0.050,402.414,67,45
basic_fiddle_56,17,0.050,1664.84,92,4
basic_fiddle_57,1,1.000,440.098,69,0
basic_fiddle_57,2,0.474,880.197,81,0
basic_fiddle_57,3,0.431,1320.29,88,2
basic_fiddle_57,4,0.409,1760.39,93,0
basic_fiddle_57,5,0.163,445.482,69,21
basic_fiddle_57,6,0.158,1764.43,93,4
basic_fiddle_57,7,0.143,2200.49,97,-13
basic_fiddle_57,8,0.133,1755.01,93,-5
basic_fiddle_57,9,0.128,1324.33,88,8
basic_fiddle_57,10,0.125,433.369,69,-26
basic_fiddle_57,11,0.113,3520.79,105,0
basic_fiddle_57,12,0.111,2640.59,100,2
basic_fiddle_57,13,0.108,1313.57,88,-7
basic_fiddle_57,14,0.104,3515.4,105,-2
basic_fiddle_57,15,0.093,3526.17,105,3
basic_fiddle_57,16,0.087,873.467,81,-13
basic_fiddle_57,17,0.081,429.331,69,-42
basic_fiddle_57,18,0.080,3955.5,107,2
basic_fiddle_57,19,0.079,449.519,69,37
basic_fiddle_57,20,0.078,3966.27,107,7
basic_fiddle_57,21,0.068,3960.88,107,4
basic_fiddle_57,22,0.064,2205.87,97,-9
basic_fiddle_57,23,0.064,453.557,70,-47
basic_fiddle_57,24,0.063,2195.11,97,-18
basic_fiddle_57,25,0.062,2644.63,100,5
basic_fiddle_57,26,0.059,2635.21,100,-1
basic_fiddle_57,27,0.050,425.294,68,41
basic_fiddle_58,1,1.000,465.67,70,-2
basic_fiddle_58,2,0.486,932.685,82,1
basic_fiddle_58,3,0.468,1399.7,89,3
basic_fiddle_58,4,0.391,1866.72,94,2
basic_fiddle_58,5,0.175,3733.43,106,2
basic_fiddle_58,6,0.138,2333.73,98,-12
basic_fiddle_58,7,0.125,2800.75,101,4
basic_fiddle_58,8,0.112,472.399,70,23
basic_fiddle_58,9,0.108,4200.45,108,6
basic_fiddle_58,10,0.097,936.723,82,8
basic_fiddle_58,11,0.091,1395.66,89,-2
basic_fiddle_58,12,0.090,1403.74,89,8
basic_fiddle_58,13,0.084,1862.68,94,-2
basic_fiddle_58,14,0.074,456.249,70,-37
basic_fiddle_58,15,0.071,3266.42,104,-29
basic_fiddle_58,16,0.069,476.437,70,38
basic_fiddle_58,17,0.058,1870.75,94,6
basic_fiddle_58,18,0.050,452.211,69,47
basic_fiddle_59,1,1.000,492.587,71,-5
basic_fiddle_59,2,0.440,986.52,83,-2
basic_fiddle_59,3,0.264,1480.45,90,1
basic_fiddle_59,4,0.205,2466.97,99,-15
basic_fiddle_59,5,0.182,1973.04,95,-2
basic_fiddle_59,6,0.141,488.549,71,-19
basic_fiddle_59,7,0.116,3454.84,105,-32
basic_fiddle_59,8,0.087,499.316,71,19
basic_fiddle_59,9,0.080,982.482,83,-9
basic_fiddle_59,10,0.079,2960.91,102,1
basic_fiddle_59,11,0.069,990.558,83,5
basic_fiddle_59,12,0.060,484.512,71,-33
basic_fiddle_59,13,0.056,504.7,71,38
basic_fiddle_59,14,0.051,3947.43,107,-2
basic_fiddle_59,15,0.050,479.128,70,47
basic_fiddle_60,1,1.000,524.888,72,5
basic_fiddle_60,2,0.479,1049.78,84,5
basic_fiddle_60,3,0.295,2099.55,96,5
basic_fiddle_60,4,0.128,1574.66,91,7
basic_fiddle_60,5,0.116,530.271,72,23
basic_fiddle_60,6,0.114,518.159,72,-17
basic_fiddle_60,7,0.111,2624.44,100,-8
basic_fiddle_60,8,0.073,534.309,72,36
basic_fiddle_60,9,0.069,3149.33,103,7
basic_fiddle_60,10,0.066,514.121,72,-30
basic_fiddle_60,11,0.062,4199.1,108,5
basic_fiddle_60,12,0.058,1055.16,84,14
basic_fiddle_60,13,0.057,1043.05,84,-6
basic_fiddle_60,14,0.056,3674.21,106,-26
basic_fiddle_61,1,1.000,554.497,73,0
basic_fiddle_61,2,0.166,1108.99,85,0
basic_fiddle_61,3,0.138,2773.83,101,-12
basic_fiddle_61,4,0.112,1663.49,92,2
basic_fiddle_61,5,0.106,559.88,73,17
basic_fiddle_61,6,0.092,3328.33,104,3
basic_fiddle_61,7,0.077,2219.33,97,1
basic_fiddle_61,8,0.067,563.918,73,30
basic_fiddle_61,9,0.057,3882.82,107,-30
basic_fiddle_61,10,0.056,542.384,73,-38
basic_fiddle_62,1,1.000,586.798,74,-2
basic_fiddle_62,2,0.148,2938.03,102,-13
basic_fiddle_62,3,0.127,1174.94,86,0
basic_fiddle_62,4,0.121,1763.08,93,3
basic_fiddle_62,5,0.086,594.873,74,22
basic_fiddle_62,6,0.081,3526.17,105,3
basic_fiddle_62,7,0.080,2351.23,98,1
basic_fiddle_62,8,0.073,577.377,74,-30
basic_fiddle_62,9,0.066,4114.31,108,-30
basic_fiddle_62,10,0.053,573.339,74,-42
basic_fiddle_62,11,0.051,598.91,74,34
basic_fiddle_63,1,1.000,621.79,75,-1
basic_fiddle_63,2,0.134,3108.95,103,-15
basic_fiddle_63,3,0.121,1865.37,94,1
basic_fiddle_63,4,0.115,615.061,75,-20
basic_fiddle_63,5,0.113,627.174,75,14
basic_fiddle_63,6,0.097,1243.58,87,-1
basic_fiddle_63,7,0.096,2487.16,99,-1
basic_fiddle_63,8,0.076,631.211,75,25
basic_fiddle_63,9,0.065,3732.09,106,1
basic_fiddle_63,10,0.057,611.023,75,-32
basic_fiddle_63,11,0.055,635.249,75,36
basic_fiddle_64,1,1.000,658.129,76,-3
basic_fiddle_64,2,0.142,654.091,76,-14
basic_fiddle_64,3,0.107,3294.68,104,-15
basic_fiddle_64,4,0.101,1977.08,95,1
basic_fiddle_64,5,0.092,2635.21,100,-1
basic_fiddle_64,6,0.080,1317.6,88,-1
basic_fiddle_64,7,0.059,3954.16,107,1
basic_fiddle_64,8,0.057,670.241,76,29
basic_fiddle_65,1,1.000,699.85,77,3
basic_fiddle_65,2,0.299,2099.55,96,5
basic_fiddle_65,3,0.244,2799.4,101,3
basic_fiddle_65,4,0.225,1399.7,89,3
basic_fiddle_65,5,0.194,3499.25,105,-10
basic_fiddle_65,6,0.158,705.234,77,17
basic_fiddle_65,7,0.142,693.121,77,-13
basic_fiddle_65,8,0.095,4199.1,108,5
basic_fiddle_65,9,0.081,709.272,77,27
basic_fiddle_65,10,0.067,689.084,77,-23
basic_fiddle_65,11,0.062,713.309,77,36
basic_fiddle_65,12,0.053,4898.95,111,-28
basic_fiddle_66,1,1.000,740.226,78,1
basic_fiddle_66,2,0.131,745.61,78,13
basic_fiddle_66,3,0.129,2960.91,102,1
basic_fiddle_66,4,0.106,2220.68,97,3
basic_fiddle_66,5,0.094,733.497,78,-15
basic_fiddle_66,6,0.086,1480.45,90,1
basic_fiddle_66,7,0.083,3702.48,106,-12
basic_fiddle_66,8,0.067,749.648,78,22
basic_fiddle_66,9,0.056,728.114,78,-28
basic_fiddle_67,1,1.000,784.64,79,1
basic_fiddle_67,2,0.177,780.602,79,-7
basic_fiddle_67,3,0.135,3141.25,103,3
basic_fiddle_67,4,0.105,2355.27,98,4
basic_fiddle_67,5,0.091,1570.63,91,3
basic_fiddle_67,6,0.089,792.715,79,19
basic_fiddle_67,7,0.082,3927.24,107,-10
basic_fiddle_67,8,0.076,776.565,79,-16
basic_fiddle_67,9,0.055,772.527,79,-25
basic_fiddle_67,10,0.052,796.753,79,28
basic_fiddle_68,1,1.000,833.091,80,5
basic_fiddle_68,2,0.213,2500.62,99,8
basic_fiddle_68,3,0.202,1667.53,92,7
basic_fiddle_68,4,0.185,837.129,80,14
basic_fiddle_68,5,0.175,829.054,80,-3
basic_fiddle_68,6,0.106,3335.06,104,7
basic_fiddle_68,7,0.087,841.166,80,22
basic_fiddle_68,8,0.080,825.016,80,-12
basic_fiddle_68,9,0.060,845.204,80,30
basic_fiddle_68,10,0.053,820.978,80,-20
basic_fiddle_69,1,1.000,881.542,81,3
basic_fiddle_69,2,0.191,2647.32,100,7
basic_fiddle_69,3,0.134,1764.43,93,4
basic_fiddle_69,4,0.117,3530.21,105,5
basic_fiddle_69,5,0.094,889.618,81,19
basic_fiddle_69,6,0.072,4413.1,109,-9
basic_fiddle_69,7,0.072,872.121,81,-16
basic_fiddle_69,8,0.054,892.309,81,24
basic_fiddle_69,9,0.051,897.693,81,34
basic_fiddle_70,1,1.000,934.031,82,3
basic_fiddle_70,2,0.236,2802.09,101,5
basic_fiddle_70,3,0.142,1868.06,94,3
basic_fiddle_70,4,0.141,927.302,82,-9
basic_fiddle_70,5,0.122,939.415,82,13
basic_fiddle_70,6,0.117,3736.12,106,3
basic_fiddle_70,7,0.074,943.452,82,21
basic_fiddle_70,8,0.072,923.264,82,-17
basic_fiddle_70,9,0.060,947.49,82,28
basic_fiddle_70,10,0.055,916.535,82,-30
basic_fiddle_70,11,0.053,2795.36,101,1
basic_fiddle_70,12,0.052,4670.16,110,-11
basic_fiddle_71,1,1.000,986.52,83,-2
basic_fiddle_71,2,0.260,2960.91,102,1
basic_fiddle_71,3,0.194,982.482,83,-9
basic_fiddle_71,4,0.145,1974.39,95,-1
basic_fiddle_71,5,0.117,3948.77,107,-1
basic_fiddle_71,6,0.093,978.445,83,-16
basic_fiddle_71,7,0.078,2956.87,102,-2
basic_fiddle_71,8,0.072,994.595,83,12
basic_fiddle_71,9,0.065,974.407,83,-24
basic_fiddle_72,1,1.000,1045.74,84,-1
basic_fiddle_72,2,0.357,3137.21,103,1
basic_fiddle_72,3,0.195,2091.48,96,-1
basic_fiddle_72,4,0.148,4182.95,108,-1
basic_fiddle_72,5,0.127,1051.12,84,8
basic_fiddle_72,6,0.107,1039.01,84,-12
basic_fiddle_72,7,0.078,5228.69,112,-15
basic_fiddle_72,8,0.071,1055.16,84,14
basic_fiddle_72,9,0.069,3133.18,103,-2
basic_fiddle_72,10,0.057,3141.25,103,3
basic_fiddle_72,11,0.056,1034.97,84,-19
basic_lute_36,1,1.000,457.595,70,-32
basic_lute_36,2,0.845,130.549,48,-3
basic_lute_36,3,0.786,195.151,55,-7
basic_lute_36,4,0.589,391.647,67,-2
basic_lute_36,5,0.544,261.098,60,-3
basic_lute_36,6,0.347,325.7,64,-21
basic_lute_36,7,0.153,522.196,72,-3
basic_lute_36,8,0.130,589.489,74,6
basic_lute_36,9,0.063,655.437,76,-10
basic_lute_36,10,0.057,469.707,70,13
basic_lute_36,11,0.057,64.6016,36,-21
basic_lute_37,1,1.000,207.263,56,-3
basic_lute_37,2,0.958,137.278,49,-16
basic_lute_37,3,0.736,414.527,68,-3
basic_lute_37,4,0.724,275.903,61,-8
basic_lute_37,5,0.532,484.512,71,-33
basic_lute_37,6,0.368,345.888,65,-17
basic_lute_37,7,0.186,554.497,73,0
basic_lute_37,8,0.111,68.6392,37,-16
basic_lute_37,9,0.089,148.045,50,14
basic_lute_37,10,0.085,127.857,48,-40
basic_lute_37,11,0.085,624.482,75,6
basic_lute_37,12,0.081,195.151,55,-7
basic_lute_37,13,0.075,405.106,68,-43
basic_lute_37,14,0.071,425.294,68,41
basic_lute_37,15,0.070,153.429,51,-24
basic_lute_37,16,0.067,1248.96,87,6
basic_lute_37,17,0.067,160.158,52,-50
basic_lute_37,18,0.065,177.654,53,30
basic_lute_37,19,0.062,283.978,61,42
basic_lute_37,20,0.060,234.181,58,8
basic_lute_37,21,0.060,258.406,60,-21
basic_lute_37,22,0.060,254.369,60,-49
basic_lute_37,23,0.059,240.91,59,-43
basic_lute_37,24,0.059,261.098,60,-3
basic_lute_37,25,0.050,169.579,52,49
basic_lute_37,26,0.050,429.331,69,-42
basic_lute_38,1,1.000,440.098,69,0
basic_lute_38,2,0.883,219.376,57,-5
basic_lute_38,3,0.859,146.699,50,-2
basic_lute_38,4,0.703,293.399,62,-2
basic_lute_38,5,0.511,366.076,66,-18
basic_lute_38,6,0.384,514.121,72,-30
basic_lute_38,7,0.153,72.6768,38,-18
basic_lute_38,8,0.147,139.97,49,17
basic_lute_38,9,0.115,152.083,51,-39
basic_lute_38,10,0.111,298.782,62,30
basic_lute_38,11,0.097,448.173,69,32
basic_lute_38,12,0.089,1324.33,88,8
basic_lute_38,13,0.084,135.932,49,-34
basic_lute_38,14,0.082,231.489,58,-12
basic_lute_38,15,0.079,807.52,80,-49
basic_lute_38,16,0.077,236.872,58,28
basic_lute_38,17,0.070,131.895,48,14
basic_lute_38,18,0.069,156.12,51,6
basic_lute_38,19,0.065,588.144,74,2
basic_lute_38,20,0.064,207.263,56,-3
basic_lute_38,21,0.064,274.557,61,-16
basic_lute_38,22,0.062,126.511,47,42
basic_lute_38,23,0.059,662.166,76,8
basic_lute_38,24,0.058,160.158,52,-50
basic_lute_38,25,0.056,456.249,70,-37
basic_lute_38,26,0.056,187.075,54,19
basic_lute_38,27,0.055,427.985,69,-48
basic_lute_38,28,0.055,270.519,61,-42
basic_lute_38,29,0.053,181.692,54,-31
basic_lute_38,30,0.052,460.286,70,-22
basic_lute_39,1,1.000,154.775,51,-9
basic_lute_39,2,0.998,465.67,70,-2
basic_lute_39,3,0.965,232.835,58,-2
basic_lute_39,4,0.764,310.895,63,-1
basic_lute_39,5,0.521,388.955,67,-13
basic_lute_39,6,0.434,543.73,73,-34
basic_lute_39,7,0.169,76.7144,39,-24
basic_lute_39,8,0.110,242.256,59,-33
basic_lute_39,9,0.107,1402.39,89,7
basic_lute_39,10,0.088,855.971,81,-48
basic_lute_39,11,0.088,166.887,52,22
basic_lute_39,12,0.076,701.196,77,7
basic_lute_39,13,0.070,476.437,70,38
basic_lute_39,14,0.068,142.662,50,-50
basic_lute_39,15,0.068,174.963,53,3
basic_lute_39,16,0.068,480.474,71,-48
basic_lute_39,17,0.066,216.684,57,-26
basic_lute_39,18,0.064,320.316,64,-50
basic_lute_39,19,0.063,212.647,56,41
basic_lute_39,20,0.062,623.136,75,2
basic_lute_39,21,0.062,779.257,79,-10
basic_lute_39,22,0.061,255.715,60,-40
basic_lute_39,23,0.059,286.67,62,-42
basic_lute_39,24,0.058,378.188,66,38
basic_lute_39,25,0.056,262.444,60,5
basic_lute_39,26,0.055,282.632,61,34
basic_lute_39,27,0.054,1012.09,83,42
basic_lute_39,28,0.053,936.723,82,8
basic_lute_39,29,0.053,137.278,49,-16
basic_lute_39,30,0.053,324.354,64,-28
basic_lute_39,31,0.051,180.346,54,-44
basic_lute_40,1,1.000,164.196,52,-7
basic_lute_40,2,0.537,411.835,68,-15
basic_lute_40,3,0.476,246.294,59,-5
basic_lute_40,4,0.401,493.933,71,0
basic_lute_40,5,0.360,329.737,64,1
basic_lute_40,6,0.166,576.031,74,-34
basic_lute_40,7,0.118,659.474,76,1
basic_lute_40,8,0.107,82.0978,40,-7
basic_lute_40,9,0.077,1317.6,88,-1
basic_lute_40,10,0.062,740.226,78,1
basic_lute_40,11,0.057,153.429,51,-24
basic_lute_40,12,0.056,176.308,53,17
basic_lute_40,13,0.052,487.204,71,-24
basic_lute_41,1,1.000,173.617,53,-10
basic_lute_41,2,0.924,436.061,69,-16
basic_lute_41,3,0.623,261.098,60,-3
basic_lute_41,4,0.596,348.579,65,-3
basic_lute_41,5,0.380,523.542,72,1
basic_lute_41,6,0.293,86.1354,41,-23
basic_lute_41,7,0.204,611.023,75,-32
basic_lute_41,8,0.146,873.467,81,-13
basic_lute_41,9,0.100,1397.01,89,0
basic_lute_41,10,0.093,82.0978,40,-7
basic_lute_41,11,0.088,960.949,83,-48
basic_lute_41,12,0.066,144.008,50,-34
basic_lute_41,13,0.062,110.361,45,6
basic_lute_41,14,0.051,152.083,51,-39
basic_lute_42,1,1.000,461.632,70,-17
basic_lute_42,2,0.860,183.038,54,-18
basic_lute_42,3,0.641,368.767,66,-6
basic_lute_42,4,0.470,91.5189,42,-18
basic_lute_42,5,0.398,277.248,61,0
basic_lute_42,6,0.195,647.362,76,-32
basic_lute_42,7,0.158,740.226,78,1
basic_lute_42,8,0.148,554.497,73,0
basic_lute_42,9,0.143,925.956,82,-12
basic_lute_42,10,0.130,173.617,53,-10
basic_lute_42,11,0.122,833.091,80,5
basic_lute_42,12,0.105,1018.82,84,-46
basic_lute_42,13,0.075,286.67,62,-42
basic_lute_42,14,0.071,168.233,52,36
basic_lute_42,15,0.070,359.346,65,49
basic_lute_42,16,0.059,1480.45,90,1
basic_lute_42,17,0.056,204.572,56,-26
basic_lute_42,18,0.052,379.534,66,44
basic_lute_42,19,0.051,110.361,45,6
basic_lute_43,1,1.000,96.9024,43,-19
basic_lute_43,2,0.805,293.399,62,-2
basic_lute_43,3,0.693,391.647,67,-2
basic_lute_43,4,0.601,489.895,71,-14
basic_lute_43,5,0.344,195.151,55,-7
basic_lute_43,6,0.261,685.046,77,-34
basic_lute_43,7,0.171,588.144,74,2
basic_lute_43,8,0.080,285.324,62,-50
basic_lute_43,9,0.074,881.542,81,3
basic_lute_43,10,0.073,495.279,71,5
basic_lute_43,11,0.067,84.7896,40,49
basic_lute_43,12,0.064,784.64,79,1
basic_lute_43,13,0.061,109.015,45,-16
basic_lute_43,14,0.052,1079.38,85,-46
basic_lute_44,1,1.000,414.527,68,-3
basic_lute_44,2,0.511,310.895,63,-1
basic_lute_44,3,0.436,207.263,56,-3
basic_lute_44,4,0.344,726.768,78,-31
basic_lute_44,5,0.296,621.79,75,-1
basic_lute_44,6,0.269,518.159,72,-17
basic_lute_44,7,0.253,102.286,44,-26
basic_lute_44,8,0.139,830.399,80,0
basic_lute_44,9,0.121,1143.99,86,-46
basic_lute_44,10,0.103,935.377,82,6
basic_lute_44,11,0.077,200.534,55,40
basic_lute_44,12,0.076,422.602,68,30
basic_lute_44,13,0.063,92.8648,42,7
basic_lute_44,14,0.063,1039.01,84,-12
basic_lute_44,15,0.059,402.414,67,45
basic_lute_44,16,0.057,189.767,54,44
basic_lute_44,17,0.057,1662.14,92,1
basic_lute_44,18,0.051,426.64,68,47
basic_lute_45,1,1.000,109.015,45,-16
basic_lute_45,2,0.458,438.752,69,-5
basic_lute_45,3,0.326,329.737,64,1
basic_lute_45,4,0.268,219.376,57,-5
basic_lute_45,5,0.184,659.474,76,1
basic_lute_45,6,0.095,990.558,83,5
basic_lute_45,7,0.069,880.197,81,0
basic_lute_45,8,0.056,99.5941,43,28
basic_lute_45,9,0.054,1211.28,87,-47
basic_lute_46,1,1.000,465.67,70,-2
basic_lute_46,2,0.915,115.744,46,-12
basic_lute_46,3,0.541,348.579,65,-3
basic_lute_46,4,0.465,232.835,58,-2
basic_lute_46,5,0.124,698.505,77,0
basic_lute_46,6,0.122,815.595,80,-32
basic_lute_46,7,0.115,932.685,82,1
basic_lute_46,8,0.107,1049.78,84,5
basic_lute_46,9,0.094,107.669,45,-37
basic_lute_46,10,0.087,224.76,57,37
basic_lute_46,11,0.081,1166.87,86,-12
basic_lute_46,12,0.073,102.286,44,-26
basic_lute_46,13,0.068,127.857,48,-40
basic_lute_46,14,0.065,453.557,70,-47
basic_lute_46,15,0.060,477.783,70,43
basic_lute_46,16,0.060,131.895,48,14
basic_lute_46,17,0.053,135.932,49,-34
basic_lute_47,1,1.000,122.474,47,-14
basic_lute_47,2,0.568,370.113,66,1
basic_lute_47,3,0.544,246.294,59,-5
basic_lute_47,4,0.488,492.587,71,-5
basic_lute_47,5,0.188,864.046,81,-32
basic_lute_47,6,0.153,1111.69,85,5
basic_lute_47,7,0.119,740.226,78,1
basic_lute_47,8,0.109,114.399,46,-32
basic_lute_47,9,0.079,987.866,83,0
basic_lute_47,10,0.079,616.407,75,-16
basic_lute_47,11,0.070,359.346,65,49
basic_lute_47,12,0.066,134.587,48,49
basic_lute_47,13,0.064,1236.85,87,-11
basic_lute_47,14,0.052,1975.73,95,0
basic_lute_48,1,1.000,130.549,48,-3
basic_lute_48,2,0.914,391.647,67,-2
basic_lute_48,3,0.642,261.098,60,-3
basic_lute_48,4,0.310,784.64,79,1
basic_lute_48,5,0.170,652.745,76,-17
basic_lute_48,6,0.117,1177.63,86,4
basic_lute_48,7,0.066,1440.08,90,-47
basic_lute_48,8,0.062,139.97,49,17
basic_lute_48,9,0.058,246.294,59,-5
basic_lute_48,10,0.054,119.782,46,47
basic_lute_48,11,0.052,915.189,82,-32
basic_lute_48,12,0.050,379.534,66,44
basic_lute_49,1,1.000,137.278,49,-16
basic_lute_49,2,0.641,275.903,61,-8
basic_lute_49,3,0.560,414.527,68,-3
basic_lute_49,4,0.232,553.151,73,-4
basic_lute_49,5,0.142,142.662,50,-50
basic_lute_49,6,0.132,831.745,80,2
basic_lute_49,7,0.097,1247.62,87,4
basic_lute_49,8,0.056,969.024,83,-33
basic_lute_49,9,0.056,1387.59,89,-12
basic_lute_49,10,0.053,691.775,77,-17
basic_lute_50,1,1.000,146.699,50,-2
basic_lute_50,2,0.920,440.098,69,0
basic_lute_50,3,0.592,586.798,74,-2
basic_lute_50,4,0.427,293.399,62,-2
basic_lute_50,5,0.194,1321.64,88,4
basic_lute_50,6,0.115,880.197,81,0
basic_lute_50,7,0.078,154.775,51,-9
basic_lute_50,8,0.073,1174.94,86,0
basic_lute_50,9,0.052,733.497,78,-15
basic_lute_51,1,1.000,154.775,51,-9
basic_lute_51,2,0.523,465.67,70,-2
basic_lute_51,3,0.271,621.79,75,-1
basic_lute_51,4,0.224,310.895,63,-1
basic_lute_51,5,0.195,776.565,79,-16
basic_lute_51,6,0.067,146.699,50,-2
basic_lute_51,7,0.058,1868.06,94,3
basic_lute_52,1,1.000,164.196,52,-7
basic_lute_52,2,0.618,329.737,64,1
basic_lute_52,3,0.353,493.933,71,0
basic_lute_52,4,0.324,659.474,76,1
basic_lute_52,5,0.185,989.212,83,3
basic_lute_52,6,0.174,823.67,80,-15
basic_lute_52,7,0.101,157.466,51,21
basic_lute_52,8,0.080,1154.75,86,-30
basic_lute_52,9,0.057,1816.92,94,-45
basic_lute_52,10,0.055,149.391,50,30
basic_lute_53,1,1.000,173.617,53,-10
basic_lute_53,2,0.497,348.579,65,-3
basic_lute_53,3,0.190,698.505,77,0
basic_lute_53,4,0.137,873.467,81,-13
basic_lute_53,5,0.102,165.542,52,8
basic_lute_53,6,0.086,523.542,72,1
basic_lute_53,7,0.078,1048.43,84,3
basic_lute_53,8,0.069,1923.24,95,-46
basic_lute_53,9,0.052,1748.28,93,-12
basic_lute_54,1,1.000,184.384,54,-6
basic_lute_54,2,0.911,368.767,66,-6
basic_lute_54,3,0.462,554.497,73,0
basic_lute_54,4,0.259,738.881,78,-3
basic_lute_54,5,0.145,1108.99,85,0
basic_lute_54,6,0.107,1666.18,92,5
basic_lute_54,7,0.106,1851.91,94,-12
basic_lute_54,8,0.067,924.61,82,-14
basic_lute_54,9,0.067,360.692,66,-44
basic_lute_54,10,0.060,161.504,52,-35
basic_lute_54,11,0.059,1293.38,88,-33
basic_lute_55,1,1.000,391.647,67,-2
basic_lute_55,2,0.951,783.294,79,-2
basic_lute_55,3,0.819,195.151,55,-7
basic_lute_55,4,0.271,586.798,74,-2
basic_lute_55,5,0.156,1176.29,86,2
basic_lute_55,6,0.097,1765.78,93,6
basic_lute_55,7,0.064,181.692,54,-31
basic_lute_55,8,0.057,581.414,74,-18
basic_lute_56,1,1.000,207.263,56,-3
basic_lute_56,2,0.942,414.527,68,-3
basic_lute_56,3,0.497,621.79,75,-1
basic_lute_56,4,0.391,830.399,80,0
basic_lute_56,5,0.257,1869.41,94,4
basic_lute_56,6,0.167,1039.01,84,-12
basic_lute_56,7,0.089,98.2482,43,4
basic_lute_56,8,0.079,1457.57,90,-26
basic_lute_56,9,0.071,188.421,54,32
basic_lute_56,10,0.070,1247.62,87,4
basic_lute_57,1,1.000,438.752,69,-5
basic_lute_57,2,0.530,219.376,57,-5
basic_lute_57,3,0.266,880.197,81,0
basic_lute_57,4,0.239,659.474,76,1
basic_lute_57,5,0.204,1100.92,85,-12
basic_lute_57,6,0.148,1321.64,88,4
basic_lute_57,7,0.090,445.482,69,21
basic_lute_57,8,0.082,98.2482,43,4
basic_lute_57,9,0.076,1545.05,91,-25
basic_lute_57,10,0.065,1767.12,93,7
basic_lute_57,11,0.060,449.519,69,37
basic_lute_58,1,1.000,231.489,58,-12
basic_lute_58,2,0.807,465.67,70,-2
basic_lute_58,3,0.383,1165.52,86,-14
basic_lute_58,4,0.282,698.505,77,0
basic_lute_58,5,0.165,931.339,82,-2
basic_lute_58,6,0.143,1636.57,92,-26
basic_lute_58,7,0.104,1401.05,89,5
basic_lute_58,8,0.079,216.684,57,-26
basic_lute_58,9,0.071,2098.21,96,4
basic_lute_58,10,0.062,98.2482,43,4
basic_lute_59,1,1.000,246.294,59,-5
basic_lute_59,2,0.336,740.226,78,1
basic_lute_59,3,0.253,1235.51,87,-13
basic_lute_59,4,0.241,986.52,83,-2
basic_lute_59,5,0.218,492.587,71,-5
basic_lute_59,6,0.068,1734.82,93,-25
basic_lute_59,7,0.066,1227.43,87,-24
basic_lute_59,8,0.065,1726.75,93,-33
basic_lute_59,9,0.062,235.527,58,18
basic_lute_59,10,0.054,258.406,60,-21
basic_lute_60,1,1.000,261.098,60,-3
basic_lute_60,2,0.356,783.294,79,-2
basic_lute_60,3,0.270,1308.18,88,-14
basic_lute_60,4,0.261,1045.74,84,-1
basic_lute_60,5,0.218,522.196,72,-3
basic_lute_60,6,0.112,1049.78,84,5
basic_lute_60,7,0.073,1837.11,94,-26
basic_lute_60,8,0.072,1301.45,88,-23
basic_lute_60,9,0.068,1829.03,94,-33
basic_lute_60,10,0.065,250.331,59,24
basic_lute_60,11,0.061,1316.26,88,-3
basic_lute_61,1,1.000,1107.65,85,-2
basic_lute_61,2,0.811,275.903,61,-8
basic_lute_61,3,0.450,1664.84,92,4
basic_lute_61,4,0.398,553.151,73,-4
basic_lute_61,5,0.217,830.399,80,0
basic_lute_61,6,0.156,2501.97,99,9
basic_lute_61,7,0.133,1943.43,95,-28
basic_lute_61,8,0.126,2495.24,99,4
basic_lute_61,9,0.124,1386.24,89,-13
basic_lute_61,10,0.115,1668.87,92,8
basic_lute_61,11,0.069,1095.54,85,-21
basic_lute_61,12,0.057,1119.76,85,17
basic_lute_62,1,1.000,1173.6,86,-2
basic_lute_62,2,0.912,292.053,62,-10
basic_lute_62,3,0.562,586.798,74,-2
basic_lute_62,4,0.535,1763.08,93,3
basic_lute_62,5,0.210,880.197,81,0
basic_lute_62,6,0.152,1768.47,93,8
basic_lute_62,7,0.140,2651.36,100,9
basic_lute_62,8,0.133,2643.28,100,4
basic_lute_62,9,0.125,298.782,62,30
basic_lute_62,10,0.123,1468.34,90,-14
basic_lute_62,11,0.100,2059.18,96,-28
basic_lute_62,12,0.080,282.632,61,34
basic_lute_62,13,0.077,302.82,63,-47
basic_lute_62,14,0.076,109.015,45,-16
basic_lute_62,15,0.075,2353.92,98,3
basic_lute_62,16,0.059,306.858,63,-24
basic_lute_62,17,0.057,1157.44,86,-26
basic_lute_62,18,0.054,278.594,61,9
basic_lute_62,19,0.051,576.031,74,-34
basic_lute_63,1,1.000,310.895,63,-1
basic_lute_63,2,0.996,1243.58,87,-1
basic_lute_63,3,0.818,1868.06,94,3
basic_lute_63,4,0.572,1555.82,91,-13
basic_lute_63,5,0.530,621.79,75,-1
basic_lute_63,6,0.505,932.685,82,1
basic_lute_63,7,0.302,1247.62,87,4
basic_lute_63,8,0.271,2799.4,101,3
basic_lute_63,9,0.196,2493.89,99,3
basic_lute_63,10,0.172,1231.47,87,-18
basic_lute_63,11,0.159,2181.65,97,-28
basic_lute_63,12,0.134,2804.79,101,7
basic_lute_63,13,0.128,316.279,63,28
basic_lute_63,14,0.120,2810.17,101,10
basic_lute_63,15,0.114,1561.2,91,-7
basic_lute_63,16,0.107,625.828,75,10
basic_lute_63,17,0.095,1251.66,87,10
basic_lute_63,18,0.094,1224.74,87,-28
basic_lute_63,19,0.083,1255.69,87,15
basic_lute_63,20,0.065,938.069,82,11
basic_lute_63,21,0.064,1220.7,87,-33
basic_lute_63,22,0.064,320.316,64,-50
basic_lute_63,23,0.060,1215.32,87,-41
basic_lute_63,24,0.060,300.128,62,38
basic_lute_63,25,0.059,1262.42,87,25
basic_lute_63,26,0.059,98.2482,43,4
basic_lute_63,27,0.058,1539.67,91,-32
basic_lute_63,28,0.058,2185.69,97,-25
basic_lute_63,29,0.057,1881.52,94,16
basic_lute_63,30,0.054,296.091,62,14
basic_lute_63,31,0.054,1877.48,94,12
basic_lute_64,1,1.000,329.737,64,1
basic_lute_64,2,0.671,1318.95,88,1
basic_lute_64,3,0.448,1651.38,92,-10
basic_lute_64,4,0.349,659.474,76,1
basic_lute_64,5,0.336,1981.12,95,5
basic_lute_64,6,0.274,989.212,83,3
basic_lute_64,7,0.261,1324.33,88,8
basic_lute_64,8,0.197,1986.5,95,10
basic_lute_64,9,0.166,335.121,64,29
basic_lute_64,10,0.103,2970.33,102,6
basic_lute_64,11,0.102,2647.32,100,7
basic_lute_64,12,0.102,1656.76,92,-5
basic_lute_64,13,0.094,339.158,64,49
basic_lute_64,14,0.091,109.015,45,-16
basic_lute_64,15,0.082,2982.44,102,13
basic_lute_64,16,0.073,2974.36,102,8
basic_lute_64,17,0.071,2313.54,98,-27
basic_lute_64,18,0.069,2986.48,102,15
basic_lute_64,19,0.068,664.858,76,15
basic_lute_64,20,0.064,343.196,65,-30
basic_lute_64,21,0.062,994.595,83,12
basic_lute_64,22,0.056,318.97,63,43
basic_lute_64,23,0.055,1664.84,92,4
basic_lute_64,24,0.052,2656.74,100,13
basic_lute_64,25,0.050,1999.96,95,21
basic_lute_65,1,1.000,348.579,65,-3
basic_lute_65,2,0.445,699.85,77,3
basic_lute_65,3,0.445,1757.7,93,-2
basic_lute_65,4,0.420,1051.12,84,8
basic_lute_65,5,0.322,1405.08,89,10
basic_lute_65,6,0.296,1748.28,93,-12
basic_lute_65,7,0.281,1395.66,89,-2
basic_lute_65,8,0.281,1045.74,84,-1
basic_lute_65,9,0.162,2462.94,99,-18
basic_lute_65,10,0.162,344.542,65,-23
basic_lute_65,11,0.107,109.015,45,-16
basic_lute_65,12,0.102,3162.79,103,15
basic_lute_65,13,0.087,340.504,65,-44
basic_lute_65,14,0.083,2096.86,96,3
basic_lute_65,15,0.079,2820.94,101,17
basic_lute_65,16,0.077,3178.94,103,24
basic_lute_65,17,0.077,2113.01,96,16
basic_lute_65,18,0.074,2108.97,96,13
basic_lute_65,19,0.072,1040.35,84,-10
basic_lute_65,20,0.062,2102.24,96,8
basic_lute_65,21,0.061,364.73,66,-25
basic_lute_65,22,0.061,690.429,77,-20
basic_lute_65,23,0.059,1769.81,93,10
basic_lute_66,1,1.000,368.767,66,-6
basic_lute_66,2,0.817,1108.99,85,0
basic_lute_66,3,0.742,738.881,78,-3
basic_lute_66,4,0.239,1480.45,90,1
basic_lute_66,5,0.118,375.497,66,26
basic_lute_66,6,0.111,1853.26,94,-11
basic_lute_66,7,0.093,1115.72,85,11
basic_lute_66,8,0.072,1095.54,85,-21
basic_lute_66,9,0.071,1121.11,85,19
basic_lute_66,10,0.059,380.88,67,-50
basic_lute_66,11,0.058,3333.71,104,6
basic_lute_66,12,0.056,2226.06,97,7
basic_lute_67,1,1.000,391.647,67,-2
basic_lute_67,2,0.940,1174.94,86,0
basic_lute_67,3,0.817,783.294,79,-2
basic_lute_67,4,0.296,1569.28,91,1
basic_lute_67,5,0.143,1963.62,95,-10
basic_lute_67,6,0.082,1161.48,86,-20
basic_lute_67,7,0.069,3531.55,105,6
basic_lute_67,8,0.066,1189.75,86,22
basic_lute_67,9,0.062,1187.05,86,18
basic_lute_67,10,0.061,2357.96,98,6
basic_lute_67,11,0.056,405.106,68,-43
basic_lute_67,12,0.054,795.407,79,25
basic_lute_67,13,0.050,2754.99,101,-24
basic_lute_68,1,1.000,414.527,68,-3
basic_lute_68,2,0.361,1662.14,92,1
basic_lute_68,3,0.241,829.054,80,-3
basic_lute_68,4,0.209,1244.93,87,1
basic_lute_68,5,0.060,2079.36,96,-11
basic_lute_68,6,0.060,402.414,67,45
basic_lute_68,7,0.052,1645.99,92,-16
basic_lute_68,8,0.051,2500.62,99,8
basic_lute_69,1,1.000,438.752,69,-5
basic_lute_69,2,0.420,1760.39,93,0
basic_lute_69,3,0.278,878.851,81,-2
basic_lute_69,4,0.231,1318.95,88,1
basic_lute_69,5,0.127,445.482,69,21
basic_lute_69,6,0.109,2644.63,100,5
basic_lute_69,7,0.101,1767.12,93,7
basic_lute_69,8,0.087,2203.18,97,-11
basic_lute_69,9,0.082,874.813,81,-10
basic_lute_69,10,0.077,429.331,69,-42
basic_lute_69,11,0.076,449.519,69,37
basic_lute_69,12,0.068,1746.93,93,-13
basic_lute_69,13,0.058,1772.51,93,12
basic_lute_69,14,0.057,110.361,45,6
basic_lute_70,1,1.000,467.016,70,3
basic_lute_70,2,0.670,938.069,82,11
basic_lute_70,3,0.400,932.685,82,1
basic_lute_70,4,0.260,1881.52,94,16
basic_lute_70,5,0.246,1409.12,89,15
basic_lute_70,6,0.227,1870.75,94,6
basic_lute_70,7,0.180,1401.05,89,5
basic_lute_70,8,0.129,2345.84,98,-3
basic_lute_70,9,0.119,2356.61,98,5
basic_lute_70,10,0.111,411.835,68,-15
basic_lute_70,11,0.102,2831.7,101,23
basic_lute_70,12,0.087,925.956,82,-12
basic_lute_70,13,0.079,98.2482,43,4
basic_lute_70,14,0.072,2340.46,98,-7
basic_lute_70,15,0.072,454.903,70,-42
basic_lute_70,16,0.072,109.015,45,-16
basic_lute_71,1,1.000,492.587,71,-5
basic_lute_71,2,0.475,1975.73,95,0
basic_lute_71,3,0.283,986.52,83,-2
basic_lute_71,4,0.252,1480.45,90,1
basic_lute_71,5,0.137,2967.64,102,4
basic_lute_71,6,0.110,982.482,83,-9
basic_lute_71,7,0.098,2472.36,99,-12
basic_lute_71,8,0.080,484.512,71,-33
basic_lute_71,9,0.076,1963.62,95,-10
basic_lute_71,10,0.067,1958.24,95,-15
basic_lute_71,11,0.055,991.903,83,7
basic_lute_71,12,0.055,503.354,71,33
basic_lute_71,13,0.052,479.128,70,47
basic_lute_72,1,1.000,1049.78,84,5
basic_lute_72,2,0.747,1045.74,84,-1
basic_lute_72,3,0.521,1041.7,84,-8
basic_lute_72,4,0.419,522.196,72,-3
basic_lute_72,5,0.406,1574.66,91,7
basic_lute_72,6,0.357,1578.7,91,12
basic_lute_72,7,0.343,1566.59,91,-2
basic_lute_72,8,0.147,1562.55,91,-6
basic_lute_72,9,0.138,1037.66,84,-15
basic_lute_72,10,0.132,2104.93,96,10
basic_lute_72,11,0.132,2095.51,96,2
basic_lute_72,12,0.124,2635.21,100,-1
basic_lute_72,13,0.115,109.015,45,-16
basic_lute_72,14,0.113,518.159,72,-17
basic_lute_72,15,0.107,2625.79,100,-7
basic_lute_72,16,0.100,80.752,40,-35
basic_lute_72,17,0.099,2088.78,96,-3
basic_lute_72,18,0.071,2617.71,100,-13
basic_lute_72,19,0.063,1032.28,84,-24
basic_lute_72,20,0.058,1063.23,84,27
basic_lute_72,21,0.053,1028.24,84,-30
brusque_bassoon_36,1,1.000,458.933,70,-27
brusque_bassoon_36,2,0.940,461.625,70,-17
brusque_bassoon_36,3,0.637,526.226,72,10
brusque_bassoon_36,4,0.599,590.826,74,10
brusque_bassoon_36,5,0.589,592.845,74,16
brusque_bassoon_36,6,0.476,523.534,72,1
brusque_bassoon_36,7,0.453,394.333,67,10
brusque_bassoon_36,8,0.453,528.917,72,19
brusque_bassoon_36,9,0.434,456.242,70,-37
brusque_bassoon_36,10,0.432,464.317,70,-7
brusque_bassoon_36,11,0.350,263.113,60,10
brusque_bassoon_36,12,0.344,467.008,70,3
brusque_bassoon_36,13,0.339,588.135,74,2
brusque_bassoon_36,14,0.337,595.537,74,24
brusque_bassoon_36,15,0.316,397.024,67,22
brusque_bassoon_36,16,0.308,657.446,76,-5
brusque_bassoon_36,17,0.296,391.641,67,-2
brusque_bassoon_36,18,0.288,598.228,74,32
brusque_bassoon_36,19,0.278,329.732,64,1
brusque_bassoon_36,20,0.278,531.609,72,27
brusque_bassoon_36,21,0.266,654.754,76,-12
brusque_bassoon_36,22,0.239,265.132,60,23
brusque_bassoon_36,23,0.238,327.713,64,-10
brusque_bassoon_36,24,0.226,260.421,60,-8
brusque_bassoon_36,25,0.200,195.821,55,-2
brusque_bassoon_36,26,0.190,534.301,72,36
brusque_bassoon_36,27,0.168,198.512,55,22
brusque_bassoon_36,28,0.167,520.842,72,-8
brusque_bassoon_36,29,0.165,131.22,48,5
brusque_bassoon_36,30,0.164,399.716,67,34
brusque_bassoon_36,31,0.160,660.137,76,2
brusque_bassoon_36,32,0.155,600.92,74,40
brusque_bassoon_36,33,0.155,582.751,74,-14
brusque_bassoon_36,34,0.152,450.858,69,42
brusque_bassoon_36,35,0.151,469.7,70,13
brusque_bassoon_36,36,0.149,402.408,67,45
brusque_bassoon_36,37,0.140,585.443,74,-6
brusque_bassoon_36,38,0.123,133.912,48,41
brusque_bassoon_36,39,0.122,652.735,76,-17
brusque_bassoon_36,40,0.117,646.679,76,-33
brusque_bassoon_36,41,0.115,332.424,64,15
brusque_bassoon_36,42,0.113,453.55,70,-47
brusque_bassoon_36,43,0.112,325.022,64,-24
brusque_bassoon_36,44,0.110,268.496,60,45
brusque_bassoon_36,45,0.107,649.371,76,-26
brusque_bassoon_36,46,0.104,128.528,48,-30
brusque_bassoon_36,47,0.102,580.06,74,-22
brusque_bassoon_36,48,0.100,270.515,61,-42
brusque_bassoon_36,49,0.098,448.167,69,32
brusque_bassoon_36,50,0.096,518.151,72,-17
brusque_bassoon_37,1,1.000,487.869,71,-21
brusque_bassoon_37,2,0.760,489.888,71,-14
brusque_bassoon_37,3,0.688,485.85,71,-28
brusque_bassoon_37,4,0.631,627.837,75,15
brusque_bassoon_37,5,0.613,557.853,73,11
brusque_bassoon_37,6,0.528,625.818,75,10
brusque_bassoon_37,7,0.490,559.872,73,17
brusque_bassoon_37,8,0.469,555.834,73,5
brusque_bassoon_37,9,0.450,629.856,75,21
brusque_bassoon_37,10,0.421,417.885,68,11
brusque_bassoon_37,11,0.380,491.907,71,-7
brusque_bassoon_37,12,0.372,419.904,68,19
brusque_bassoon_37,13,0.328,494.598,71,3
brusque_bassoon_37,14,0.321,279.936,61,17
brusque_bassoon_37,15,0.296,632.547,75,28
brusque_bassoon_37,16,0.293,277.917,61,5
brusque_bassoon_37,17,0.283,695.802,77,-7
brusque_bassoon_37,18,0.283,562.564,73,25
brusque_bassoon_37,19,0.276,634.566,75,34
brusque_bassoon_37,20,0.257,623.127,75,2
brusque_bassoon_37,21,0.257,349.92,65,3
brusque_bassoon_37,22,0.256,697.821,77,-2
brusque_bassoon_37,23,0.255,415.866,68,2
brusque_bassoon_37,24,0.254,347.901,65,-7
brusque_bassoon_37,25,0.252,483.159,71,-38
brusque_bassoon_37,26,0.239,564.582,73,32
brusque_bassoon_37,27,0.212,553.143,73,-4
brusque_bassoon_37,28,0.187,421.923,68,27
brusque_bassoon_37,29,0.177,496.617,71,10
brusque_bassoon_37,30,0.175,209.952,56,19
brusque_bassoon_37,31,0.175,281.955,61,30
brusque_bassoon_37,32,0.168,693.783,77,-12
brusque_bassoon_37,33,0.166,424.614,68,38
brusque_bassoon_37,34,0.166,207.26,56,-3
brusque_bassoon_37,35,0.159,619.089,75,-9
brusque_bassoon_37,36,0.151,478.448,70,45
brusque_bassoon_37,37,0.149,139.968,49,17
brusque_bassoon_37,38,0.147,275.225,61,-12
brusque_bassoon_37,39,0.147,621.108,75,-3
brusque_bassoon_37,40,0.132,345.209,65,-20
brusque_bassoon_37,41,0.129,699.84,77,3
brusque_bassoon_37,42,0.128,616.397,75,-16
brusque_bassoon_37,43,0.125,481.14,71,-45
brusque_bassoon_37,44,0.122,351.939,65,13
brusque_bassoon_37,45,0.120,426.633,68,47
brusque_bassoon_37,46,0.120,636.585,75,39
brusque_bassoon_37,47,0.120,566.601,73,38
brusque_bassoon_37,48,0.118,137.276,49,-17
brusque_bassoon_37,49,0.118,689.073,77,-23
brusque_bassoon_37,50,0.117,686.381,77,-30
brusque_bassoon_38,1,1.000,523.534,72,1
brusque_bassoon_38,2,0.880,526.226,72,10
brusque_bassoon_38,3,0.789,450.858,69,42
brusque_bassoon_38,4,0.743,448.167,69,32
brusque_bassoon_38,5,0.646,528.917,72,19
brusque_bassoon_38,6,0.637,520.842,72,-8
brusque_bassoon_38,7,0.589,453.55,70,-47
brusque_bassoon_38,8,0.557,515.459,72,-26
brusque_bassoon_38,9,0.500,375.491,66,26
brusque_bassoon_38,10,0.495,456.242,70,-37
brusque_bassoon_38,11,0.491,512.767,72,-35
brusque_bassoon_38,12,0.449,445.475,69,21
brusque_bassoon_38,13,0.433,372.799,66,13
brusque_bassoon_38,14,0.417,531.609,72,27
brusque_bassoon_38,15,0.386,518.151,72,-17
brusque_bassoon_38,16,0.372,458.933,70,-27
brusque_bassoon_38,17,0.341,370.108,66,1
brusque_bassoon_38,18,0.332,378.183,66,38
brusque_bassoon_38,19,0.310,440.092,69,0
brusque_bassoon_38,20,0.303,534.301,72,36
brusque_bassoon_38,21,0.295,507.384,71,47
brusque_bassoon_38,22,0.273,510.076,72,-44
brusque_bassoon_38,23,0.272,442.783,69,11
brusque_bassoon_38,24,0.251,295.413,62,10
brusque_bassoon_38,25,0.241,437.4,69,-10
brusque_bassoon_38,26,0.239,300.797,62,42
brusque_bassoon_38,27,0.237,461.625,70,-17
brusque_bassoon_38,28,0.233,297.432,62,22
brusque_bassoon_38,29,0.220,536.992,72,45
brusque_bassoon_38,30,0.214,150.062,50,38
brusque_bassoon_38,31,0.209,147.37,50,6
brusque_bassoon_38,32,0.205,302.815,63,-47
brusque_bassoon_38,33,0.177,364.724,66,-25
brusque_bassoon_38,34,0.177,292.721,62,-6
brusque_bassoon_38,35,0.173,380.874,67,-50
brusque_bassoon_38,36,0.170,222.737,57,21
brusque_bassoon_38,37,0.164,367.416,66,-12
brusque_bassoon_38,38,0.162,152.753,51,-32
brusque_bassoon_38,39,0.151,432.016,69,-32
brusque_bassoon_38,40,0.150,539.684,73,-46
brusque_bassoon_38,41,0.146,290.03,62,-22
brusque_bassoon_38,42,0.138,504.692,71,37
brusque_bassoon_38,43,0.133,225.429,57,42
brusque_bassoon_38,44,0.130,305.507,63,-32
brusque_bassoon_38,45,0.126,464.317,70,-7
brusque_bassoon_38,46,0.124,542.376,73,-38
brusque_bassoon_38,47,0.120,362.033,66,-38
brusque_bassoon_38,48,0.116,429.325,69,-43
brusque_bassoon_38,49,0.112,502,71,28
brusque_bassoon_38,50,0.112,220.046,57,0
brusque_bassoon_39,1,1.000,468.361,70,8
brusque_bassoon_39,2,0.954,546.422,73,-25
brusque_bassoon_39,3,0.839,391.647,67,-2
brusque_bassoon_39,4,0.647,312.241,63,6
brusque_bassoon_39,5,0.582,624.482,75,6
brusque_bassoon_39,6,0.413,234.181,58,8
brusque_bassoon_39,7,0.329,473.745,70,28
brusque_bassoon_39,8,0.270,156.12,51,6
brusque_bassoon_39,9,0.240,703.888,77,13
brusque_bassoon_39,10,0.232,631.211,75,25
brusque_bassoon_39,11,0.217,1248.96,87,6
brusque_bassoon_39,12,0.181,709.272,77,27
brusque_bassoon_39,13,0.167,78.0602,39,6
brusque_bassoon_39,14,0.141,317.624,63,36
brusque_bassoon_39,15,0.127,557.189,73,9
brusque_bassoon_39,16,0.111,713.309,77,36
brusque_bassoon_39,17,0.100,635.249,75,36
brusque_bassoon_39,18,0.094,239.564,58,47
brusque_bassoon_39,19,0.088,479.128,70,47
brusque_bassoon_39,20,0.084,401.068,67,40
brusque_bassoon_39,21,0.078,161.504,52,-35
brusque_bassoon_39,22,0.078,452.211,69,47
brusque_bassoon_39,23,0.077,446.828,69,27
brusque_bassoon_39,24,0.068,530.271,72,23
brusque_bassoon_39,25,0.065,1325.68,88,9
brusque_bassoon_39,26,0.064,1257.04,87,17
brusque_bassoon_39,27,0.061,524.888,72,5
brusque_bassoon_39,28,0.060,376.843,66,32
brusque_bassoon_39,29,0.057,489.895,71,-14
brusque_bassoon_39,30,0.056,535.655,72,41
brusque_bassoon_39,31,0.056,1092.84,85,-25
brusque_bassoon_39,32,0.055,569.301,73,46
brusque_bassoon_39,33,0.054,938.069,82,11
brusque_bassoon_39,34,0.053,1170.9,86,-6
brusque_bassoon_39,35,0.053,1483.14,90,4
brusque_bassoon_39,36,0.052,379.534,66,44
brusque_bassoon_39,37,0.052,647.362,76,-32
brusque_bassoon_39,38,0.050,609.677,75,-35
brusque_bassoon_40,1,1.000,495.279,71,5
brusque_bassoon_40,2,0.553,411.835,68,-15
brusque_bassoon_40,3,0.436,576.031,74,-34
brusque_bassoon_40,4,0.313,246.294,59,-5
brusque_bassoon_40,5,0.301,500.662,71,24
brusque_bassoon_40,6,0.220,164.196,52,-7
brusque_bassoon_40,7,0.220,328.391,64,-7
brusque_bassoon_40,8,0.193,484.512,71,-33
brusque_bassoon_40,9,0.146,582.76,74,-14
brusque_bassoon_40,10,0.137,741.572,78,4
brusque_bassoon_40,11,0.129,659.474,76,1
brusque_bassoon_40,12,0.114,566.61,73,38
brusque_bassoon_40,13,0.108,401.068,67,40
brusque_bassoon_40,14,0.102,82.0978,40,-7
brusque_bassoon_40,15,0.088,507.392,71,47
brusque_bassoon_40,16,0.061,559.88,73,17
brusque_bassoon_40,17,0.059,511.429,72,-40
brusque_bassoon_40,18,0.058,1399.7,89,3
brusque_bassoon_40,19,0.056,320.316,64,-50
brusque_bassoon_41,1,1.000,522.861,72,-1
brusque_bassoon_41,2,0.807,520.842,72,-8
brusque_bassoon_41,3,0.786,524.88,72,5
brusque_bassoon_41,4,0.457,518.824,72,-15
brusque_bassoon_41,5,0.410,610.341,75,-33
brusque_bassoon_41,6,0.371,436.054,69,-16
brusque_bassoon_41,7,0.349,438.073,69,-8
brusque_bassoon_41,8,0.348,612.36,75,-28
brusque_bassoon_41,9,0.308,348.574,65,-3
brusque_bassoon_41,10,0.279,608.322,75,-39
brusque_bassoon_41,11,0.271,516.805,72,-21
brusque_bassoon_41,12,0.255,350.593,65,7
brusque_bassoon_41,13,0.223,346.555,65,-13
brusque_bassoon_41,14,0.218,434.035,69,-24
brusque_bassoon_41,15,0.195,174.287,53,-3
brusque_bassoon_41,16,0.188,514.113,72,-30
brusque_bassoon_41,17,0.146,176.306,53,17
brusque_bassoon_41,18,0.146,531.609,72,27
brusque_bassoon_41,19,0.145,440.092,69,0
brusque_bassoon_41,20,0.140,614.379,75,-22
brusque_bassoon_41,21,0.125,529.59,72,21
brusque_bassoon_41,22,0.124,259.075,60,-17
brusque_bassoon_41,23,0.124,86.807,41,-10
brusque_bassoon_41,24,0.122,261.094,60,-4
brusque_bassoon_41,25,0.113,606.304,75,-45
brusque_bassoon_41,26,0.110,699.84,77,3
brusque_bassoon_41,27,0.109,431.344,69,-34
brusque_bassoon_41,28,0.108,344.537,65,-23
brusque_bassoon_41,29,0.105,172.268,53,-23
brusque_bassoon_41,30,0.104,697.821,77,-2
brusque_bassoon_41,31,0.098,512.094,72,-37
brusque_bassoon_41,32,0.098,536.32,72,43
brusque_bassoon_41,33,0.091,352.612,65,17
brusque_bassoon_41,34,0.091,429.325,69,-43
brusque_bassoon_41,35,0.083,263.786,60,14
brusque_bassoon_41,36,0.083,603.612,74,47
brusque_bassoon_41,37,0.081,442.783,69,11
brusque_bassoon_41,38,0.081,341.845,65,-37
brusque_bassoon_41,39,0.080,534.301,72,36
brusque_bassoon_41,40,0.077,444.129,69,16
brusque_bassoon_41,41,0.076,257.057,60,-30
brusque_bassoon_41,42,0.076,88.8258,41,30
brusque_bassoon_41,43,0.071,448.84,69,34
brusque_bassoon_41,44,0.071,510.076,72,-44
brusque_bassoon_41,45,0.069,540.357,73,-44
brusque_bassoon_41,46,0.067,84.7883,40,49
brusque_bassoon_41,47,0.066,1308.16,88,-14
brusque_bassoon_41,48,0.066,695.129,77,-8
brusque_bassoon_41,49,0.064,446.821,69,27
brusque_bassoon_41,50,0.061,710.607,77,30
brusque_bassoon_42,1,1.000,553.143,73,-4
brusque_bassoon_42,2,0.908,550.451,73,-12
brusque_bassoon_42,3,0.585,555.161,73,2
brusque_bassoon_42,4,0.542,548.432,73,-19
brusque_bassoon_42,5,0.515,460.279,70,-22
brusque_bassoon_42,6,0.414,458.26,70,-30
brusque_bassoon_42,7,0.395,643.314,76,-42
brusque_bassoon_42,8,0.344,462.971,70,-12
brusque_bassoon_42,9,0.323,645.333,76,-37
brusque_bassoon_42,10,0.312,559.872,73,17
brusque_bassoon_42,11,0.277,370.108,66,1
brusque_bassoon_42,12,0.264,641.295,76,-48
brusque_bassoon_42,13,0.242,368.089,66,-9
brusque_bassoon_42,14,0.228,736.178,78,-9
brusque_bassoon_42,15,0.227,455.569,70,-40
brusque_bassoon_42,16,0.211,738.196,78,-4
brusque_bassoon_42,17,0.189,275.225,61,-12
brusque_bassoon_42,18,0.178,733.486,78,-15
brusque_bassoon_42,19,0.157,541.03,73,-42
brusque_bassoon_42,20,0.147,557.853,73,11
brusque_bassoon_42,21,0.138,467.681,70,6
brusque_bassoon_42,22,0.130,365.397,66,-22
brusque_bassoon_42,23,0.129,648.025,76,-30
brusque_bassoon_42,24,0.122,638.604,75,45
brusque_bassoon_42,25,0.118,277.244,61,0
brusque_bassoon_42,26,0.110,273.207,61,-25
brusque_bassoon_42,27,0.106,372.126,66,10
brusque_bassoon_42,28,0.105,543.049,73,-36
brusque_bassoon_42,29,0.105,564.582,73,32
brusque_bassoon_42,30,0.092,539.011,73,-49
brusque_bassoon_42,31,0.089,185.054,54,1
brusque_bassoon_42,32,0.086,652.735,76,-17
brusque_bassoon_42,33,0.080,633.893,75,32
brusque_bassoon_42,34,0.079,731.467,78,-20
brusque_bassoon_42,35,0.077,453.55,70,-47
brusque_bassoon_42,36,0.075,450.858,69,42
brusque_bassoon_42,37,0.073,374.818,66,22
brusque_bassoon_42,38,0.073,464.99,70,-4
brusque_bassoon_42,39,0.073,448.84,69,34
brusque_bassoon_42,40,0.073,742.907,78,7
brusque_bassoon_42,41,0.072,650.716,76,-23
brusque_bassoon_42,42,0.071,740.215,78,1
brusque_bassoon_42,43,0.070,182.362,54,-25
brusque_bassoon_42,44,0.066,469.7,70,13
brusque_bassoon_42,45,0.065,744.926,78,12
brusque_bassoon_42,46,0.063,92.1904,42,-6
brusque_bassoon_42,47,0.059,631.202,75,25
brusque_bassoon_42,48,0.059,567.274,73,40
brusque_bassoon_42,49,0.058,1289.32,88,-39
brusque_bassoon_42,50,0.055,1286.63,88,-42
brusque_bassoon_43,1,1.000,487.869,71,-21
brusque_bassoon_43,2,0.898,586.116,74,-4
brusque_bassoon_43,3,0.860,489.888,71,-14
brusque_bassoon_43,4,0.691,588.135,74,2
brusque_bassoon_43,5,0.556,583.424,74,-12
brusque_bassoon_43,6,0.552,485.85,71,-28
brusque_bassoon_43,7,0.323,389.622,67,-11
brusque_bassoon_43,8,0.298,483.159,71,-38
brusque_bassoon_43,9,0.296,391.641,67,-2
brusque_bassoon_43,10,0.271,581.405,74,-18
brusque_bassoon_43,11,0.243,481.14,71,-45
brusque_bassoon_43,12,0.203,579.387,74,-24
brusque_bassoon_43,13,0.193,387.604,67,-20
brusque_bassoon_43,14,0.167,499.309,71,19
brusque_bassoon_43,15,0.150,494.598,71,3
brusque_bassoon_43,16,0.141,590.153,74,8
brusque_bassoon_43,17,0.134,291.376,62,-14
brusque_bassoon_43,18,0.128,294.067,62,2
brusque_bassoon_43,19,0.124,592.845,74,16
brusque_bassoon_43,20,0.123,97.5738,43,-8
brusque_bassoon_43,21,0.122,384.912,67,-32
brusque_bassoon_43,22,0.119,596.883,74,28
brusque_bassoon_43,23,0.112,576.695,74,-32
brusque_bassoon_43,24,0.106,382.893,67,-41
brusque_bassoon_43,25,0.105,975.738,83,-21
brusque_bassoon_43,26,0.104,594.864,74,22
brusque_bassoon_43,27,0.103,496.617,71,10
brusque_bassoon_43,28,0.103,394.333,67,10
brusque_bassoon_43,29,0.102,479.121,70,47
brusque_bassoon_43,30,0.094,683.69,77,-37
brusque_bassoon_43,31,0.092,504.019,71,35
brusque_bassoon_43,32,0.091,978.43,83,-16
brusque_bassoon_43,33,0.087,681.671,77,-42
brusque_bassoon_43,34,0.087,973.719,83,-25
brusque_bassoon_43,35,0.083,289.357,62,-26
brusque_bassoon_43,36,0.082,1267.79,87,32
brusque_bassoon_43,37,0.080,95.555,43,-44
brusque_bassoon_43,38,0.075,1269.81,87,35
brusque_bassoon_43,39,0.065,501.328,71,26
brusque_bassoon_43,40,0.064,99.5926,43,28
brusque_bassoon_43,41,0.061,1265.77,87,29
brusque_bassoon_43,42,0.061,601.593,74,42
brusque_bassoon_43,43,0.060,506.038,71,42
brusque_bassoon_43,44,0.060,508.057,71,49
brusque_bassoon_43,45,0.060,980.449,83,-13
brusque_bassoon_43,46,0.056,1263.08,87,26
brusque_bassoon_43,47,0.056,380.874,67,-50
brusque_bassoon_43,48,0.055,1261.06,87,23
brusque_bassoon_43,49,0.053,193.802,55,-20
brusque_bassoon_43,50,0.052,287.338,62,-38
brusque_bassoon_44,1,1.000,520.842,72,-8
brusque_bassoon_44,2,0.695,518.824,72,-15
brusque_bassoon_44,3,0.687,522.861,72,-1
brusque_bassoon_44,4,0.335,516.132,72,-24
brusque_bassoon_44,5,0.249,624.472,75,6
brusque_bassoon_44,6,0.211,627.164,75,14
brusque_bassoon_44,7,0.167,622.454,75,1
brusque_bassoon_44,8,0.160,528.244,72,16
brusque_bassoon_44,9,0.156,514.113,72,-30
brusque_bassoon_44,10,0.143,417.212,68,8
brusque_bassoon_44,11,0.133,525.553,72,8
brusque_bassoon_44,12,0.126,511.421,72,-40
brusque_bassoon_44,13,0.103,313.582,63,14
brusque_bassoon_44,14,0.098,415.193,68,0
brusque_bassoon_44,15,0.093,419.231,68,16
brusque_bassoon_44,16,0.087,509.403,72,-46
brusque_bassoon_44,17,0.081,310.89,63,-1
brusque_bassoon_44,18,0.075,629.183,75,19
brusque_bassoon_44,19,0.070,207.26,56,-3
brusque_bassoon_44,20,0.068,103.63,44,-3
brusque_bassoon_44,21,0.065,209.279,56,14
brusque_bassoon_44,22,0.062,620.435,75,-5
brusque_bassoon_44,23,0.058,1249.62,87,7
brusque_bassoon_44,24,0.054,631.875,75,27
brusque_bassoon_44,25,0.053,315.601,63,25
brusque_bassoon_44,26,0.052,412.502,68,-12
brusque_bassoon_44,27,0.052,730.794,78,-22
brusque_bassoon_44,28,0.051,506.711,71,44
brusque_bassoon_45,1,1.000,551.124,73,-10
brusque_bassoon_45,2,0.803,548.432,73,-19
brusque_bassoon_45,3,0.600,553.143,73,-4
brusque_bassoon_45,4,0.394,439.419,69,-2
brusque_bassoon_45,5,0.362,546.413,73,-25
brusque_bassoon_45,6,0.283,437.4,69,-10
brusque_bassoon_45,7,0.269,442.11,69,8
brusque_bassoon_45,8,0.224,544.395,73,-31
brusque_bassoon_45,9,0.187,557.18,73,9
brusque_bassoon_45,10,0.154,435.381,69,-18
brusque_bassoon_45,11,0.141,659.464,76,1
brusque_bassoon_45,12,0.140,662.156,76,8
brusque_bassoon_45,13,0.129,561.891,73,23
brusque_bassoon_45,14,0.128,542.376,73,-38
brusque_bassoon_45,15,0.127,771.17,79,-29
brusque_bassoon_45,16,0.123,331.078,64,8
brusque_bassoon_45,17,0.122,559.872,73,17
brusque_bassoon_45,18,0.106,433.362,69,-26
brusque_bassoon_45,19,0.105,328.386,64,-7
brusque_bassoon_45,20,0.098,219.373,57,-5
brusque_bassoon_45,21,0.097,773.188,79,-24
brusque_bassoon_45,22,0.082,564.582,73,32
brusque_bassoon_45,23,0.082,768.478,79,-35
brusque_bassoon_45,24,0.081,566.601,73,38
brusque_bassoon_45,25,0.075,111.032,45,16
brusque_bassoon_45,26,0.074,108.341,45,-26
brusque_bassoon_45,27,0.073,333.097,64,18
brusque_bassoon_45,28,0.071,657.446,76,-5
brusque_bassoon_45,29,0.070,326.368,64,-17
brusque_bassoon_45,30,0.070,430.671,69,-37
brusque_bassoon_45,31,0.065,539.684,73,-46
brusque_bassoon_45,32,0.061,537.665,72,47
brusque_bassoon_45,33,0.061,217.354,57,-21
brusque_bassoon_45,34,0.058,444.129,69,16
brusque_bassoon_45,35,0.057,222.065,57,16
brusque_bassoon_45,36,0.053,324.349,64,-28
brusque_bassoon_45,37,0.053,428.652,69,-45
brusque_bassoon_46,1,1.000,467.008,70,3
brusque_bassoon_46,2,0.881,583.424,74,-12
brusque_bassoon_46,3,0.707,469.027,70,11
brusque_bassoon_46,4,0.705,585.443,74,-6
brusque_bassoon_46,5,0.624,464.99,70,-4
brusque_bassoon_46,6,0.521,581.405,74,-18
brusque_bassoon_46,7,0.467,350.593,65,7
brusque_bassoon_46,8,0.358,348.574,65,-3
brusque_bassoon_46,9,0.258,352.612,65,17
brusque_bassoon_46,10,0.242,574.676,74,-38
brusque_bassoon_46,11,0.224,234.177,58,8
brusque_bassoon_46,12,0.222,572.657,74,-44
brusque_bassoon_46,13,0.205,589.48,74,6
brusque_bassoon_46,14,0.201,462.971,70,-12
brusque_bassoon_46,15,0.167,232.158,58,-7
brusque_bassoon_46,16,0.164,570.639,74,-50
brusque_bassoon_46,17,0.163,699.167,77,2
brusque_bassoon_46,18,0.162,473.065,70,25
brusque_bassoon_46,19,0.159,576.695,74,-32
brusque_bassoon_46,20,0.144,701.186,77,7
brusque_bassoon_46,21,0.140,1283.26,88,-47
brusque_bassoon_46,22,0.135,346.555,65,-13
brusque_bassoon_46,23,0.122,1285.28,88,-44
brusque_bassoon_46,24,0.115,456.242,70,-37
brusque_bassoon_46,25,0.107,697.148,77,-3
brusque_bassoon_46,26,0.105,460.279,70,-22
brusque_bassoon_46,27,0.097,454.223,70,-45
brusque_bassoon_46,28,0.093,568.62,73,44
brusque_bassoon_46,29,0.092,458.26,70,-30
brusque_bassoon_46,30,0.090,1281.25,88,-50
brusque_bassoon_46,31,0.087,471.046,70,18
brusque_bassoon_46,32,0.084,236.196,58,23
brusque_bassoon_46,33,0.083,356.649,65,36
brusque_bassoon_46,34,0.075,591.499,74,12
brusque_bassoon_46,35,0.073,479.794,70,50
brusque_bassoon_46,36,0.068,355.303,65,30
brusque_bassoon_46,37,0.066,597.556,74,30
brusque_bassoon_46,38,0.064,596.21,74,26
brusque_bassoon_46,39,0.060,1401.03,89,5
brusque_bassoon_46,40,0.060,1399.01,89,3
brusque_bassoon_46,41,0.059,691.092,77,-18
brusque_bassoon_46,42,0.058,563.909,73,30
brusque_bassoon_46,43,0.057,1270.48,87,36
brusque_bassoon_46,44,0.056,934.017,82,3
brusque_bassoon_46,45,0.055,1287.3,88,-41
brusque_bassoon_46,46,0.054,344.537,65,-23
brusque_bassoon_46,47,0.054,230.14,58,-22
brusque_bassoon_46,48,0.053,339.826,65,-47
brusque_bassoon_46,49,0.053,693.111,77,-13
brusque_bassoon_46,50,0.053,1272.5,87,39
brusque_bassoon_47,1,1.000,493.925,71,0
brusque_bassoon_47,2,0.948,491.234,71,-9
brusque_bassoon_47,3,0.447,495.944,71,7
brusque_bassoon_47,4,0.343,617.07,75,-14
brusque_bassoon_47,5,0.342,614.379,75,-22
brusque_bassoon_47,6,0.332,489.215,71,-16
brusque_bassoon_47,7,0.315,739.542,78,-1
brusque_bassoon_47,8,0.284,737.523,78,-6
brusque_bassoon_47,9,0.283,370.78,66,4
brusque_bassoon_47,10,0.239,498.636,71,17
brusque_bassoon_47,11,0.229,245.617,59,-9
brusque_bassoon_47,12,0.223,486.523,71,-26
brusque_bassoon_47,13,0.216,368.762,66,-6
brusque_bassoon_47,14,0.174,619.089,75,-9
brusque_bassoon_47,15,0.168,742.234,78,5
brusque_bassoon_47,16,0.163,247.636,59,5
brusque_bassoon_47,17,0.151,373.472,66,16
brusque_bassoon_47,18,0.138,484.504,71,-33
brusque_bassoon_47,19,0.121,503.346,71,33
brusque_bassoon_47,20,0.114,501.328,71,26
brusque_bassoon_47,21,0.108,609.668,75,-35
brusque_bassoon_47,22,0.107,243.598,59,-24
brusque_bassoon_47,23,0.099,508.73,72,-49
brusque_bassoon_47,24,0.095,732.14,78,-18
brusque_bassoon_47,25,0.095,479.121,70,47
brusque_bassoon_47,26,0.091,481.813,71,-43
brusque_bassoon_47,27,0.091,612.36,75,-28
brusque_bassoon_47,28,0.089,366.07,66,-18
brusque_bassoon_47,29,0.087,511.421,72,-40
brusque_bassoon_47,30,0.078,621.781,75,-1
brusque_bassoon_47,31,0.075,375.491,66,26
brusque_bassoon_47,32,0.074,361.36,66,-41
brusque_bassoon_47,33,0.074,744.926,78,12
brusque_bassoon_47,34,0.072,506.038,71,42
brusque_bassoon_47,35,0.072,363.378,66,-31
brusque_bassoon_47,36,0.065,516.132,72,-24
brusque_bassoon_47,37,0.061,1234.14,87,-14
brusque_bassoon_47,38,0.058,513.44,72,-33
brusque_bassoon_47,39,0.054,730.121,78,-23
brusque_bassoon_47,40,0.054,358.668,65,46
brusque_bassoon_47,41,0.052,607.649,75,-41
brusque_bassoon_47,42,0.051,250.327,59,24
brusque_bassoon_47,43,0.051,1231.45,87,-18
brusque_bassoon_48,1,1.000,526.226,72,10
brusque_bassoon_48,2,0.949,523.534,72,1
brusque_bassoon_48,3,0.581,393.66,67,7
brusque_bassoon_48,4,0.496,395.679,67,16
brusque_bassoon_48,5,0.368,528.917,72,19
brusque_bassoon_48,6,0.361,518.151,72,-17
brusque_bassoon_48,7,0.308,521.515,72,-6
brusque_bassoon_48,8,0.272,390.968,67,-5
brusque_bassoon_48,9,0.206,516.132,72,-24
brusque_bassoon_48,10,0.201,513.44,72,-33
brusque_bassoon_48,11,0.166,531.609,72,27
brusque_bassoon_48,12,0.127,1183,86,12
brusque_bassoon_48,13,0.121,388.276,67,-17
brusque_bassoon_48,14,0.109,510.748,72,-42
brusque_bassoon_48,15,0.107,260.421,60,-8
brusque_bassoon_48,16,0.106,398.37,67,28
brusque_bassoon_48,17,0.104,656.773,76,-7
brusque_bassoon_48,18,0.099,1180.98,86,9
brusque_bassoon_48,19,0.097,508.057,71,49
brusque_bassoon_48,20,0.093,263.113,60,10
brusque_bassoon_48,21,0.087,533.628,72,34
brusque_bassoon_48,22,0.077,1185.69,86,16
brusque_bassoon_48,23,0.075,382.893,67,-41
brusque_bassoon_48,24,0.074,385.585,67,-29
brusque_bassoon_48,25,0.073,536.32,72,43
brusque_bassoon_48,26,0.070,541.703,73,-40
brusque_bassoon_48,27,0.068,401.062,67,40
brusque_bassoon_48,28,0.067,658.791,76,-1
brusque_bassoon_48,29,0.066,544.395,73,-31
brusque_bassoon_48,30,0.062,1313.55,88,-7
brusque_bassoon_48,31,0.061,654.081,76,-14
brusque_bassoon_48,32,0.060,132.566,48,23
brusque_bassoon_48,33,0.057,265.132,60,23
brusque_bassoon_48,34,0.054,539.011,73,-49
brusque_bassoon_48,35,0.052,1178.29,86,5
brusque_bassoon_48,36,0.052,129.874,48,-12
brusque_bassoon_48,37,0.051,559.872,73,17
brusque_bassoon_49,1,1.000,417.885,68,11
brusque_bassoon_49,2,0.983,419.904,68,19
brusque_bassoon_49,3,0.741,415.193,68,0
brusque_bassoon_49,4,0.570,421.923,68,27
brusque_bassoon_49,5,0.546,413.175,68,-9
brusque_bassoon_49,6,0.482,555.834,73,5
brusque_bassoon_49,7,0.476,557.853,73,11
brusque_bassoon_49,8,0.474,424.614,68,38
brusque_bassoon_49,9,0.452,553.143,73,-4
brusque_bassoon_49,10,0.403,411.156,68,-17
brusque_bassoon_49,11,0.365,551.124,73,-10
brusque_bassoon_49,12,0.317,559.872,73,17
brusque_bassoon_49,13,0.272,408.464,68,-29
brusque_bassoon_49,14,0.251,549.105,73,-17
brusque_bassoon_49,15,0.208,426.633,68,47
brusque_bassoon_49,16,0.186,277.917,61,5
brusque_bassoon_49,17,0.184,275.225,61,-12
brusque_bassoon_49,18,0.175,546.413,73,-25
brusque_bassoon_49,19,0.173,406.445,68,-37
brusque_bassoon_49,20,0.169,562.564,73,25
brusque_bassoon_49,21,0.164,564.582,73,32
brusque_bassoon_49,22,0.148,279.936,61,17
brusque_bassoon_49,23,0.144,429.325,69,-43
brusque_bassoon_49,24,0.135,273.207,61,-25
brusque_bassoon_49,25,0.111,404.427,68,-46
brusque_bassoon_49,26,0.106,544.395,73,-31
brusque_bassoon_49,27,0.103,401.735,67,42
brusque_bassoon_49,28,0.088,281.955,61,30
brusque_bassoon_49,29,0.087,399.716,67,34
brusque_bassoon_49,30,0.082,271.188,61,-38
brusque_bassoon_49,31,0.075,433.362,69,-26
brusque_bassoon_49,32,0.073,139.968,49,17
brusque_bassoon_49,33,0.072,436.054,69,-16
brusque_bassoon_49,34,0.063,541.703,73,-40
brusque_bassoon_49,35,0.061,444.802,69,19
brusque_bassoon_49,36,0.059,539.684,73,-46
brusque_bassoon_49,37,0.056,693.111,77,-13
brusque_bassoon_49,38,0.053,397.697,67,25
brusque_bassoon_49,39,0.053,691.092,77,-18
brusque_bassoon_49,40,0.050,137.276,49,-17
brusque_bassoon_50,1,1.000,590.153,74,8
brusque_bassoon_50,2,0.951,592.845,74,16
brusque_bassoon_50,3,0.570,442.11,69,8
brusque_bassoon_50,4,0.487,588.135,74,2
brusque_bassoon_50,5,0.472,444.129,69,16
brusque_bassoon_50,6,0.472,296.086,62,14
brusque_bassoon_50,7,0.421,585.443,74,-6
brusque_bassoon_50,8,0.415,594.864,74,22
brusque_bassoon_50,9,0.389,434.708,69,-21
brusque_bassoon_50,10,0.389,439.419,69,-2
brusque_bassoon_50,11,0.376,437.4,69,-10
brusque_bassoon_50,12,0.376,446.821,69,27
brusque_bassoon_50,13,0.343,294.067,62,2
brusque_bassoon_50,14,0.303,432.689,69,-29
brusque_bassoon_50,15,0.300,583.424,74,-12
brusque_bassoon_50,16,0.276,298.105,62,26
brusque_bassoon_50,17,0.270,429.998,69,-40
brusque_bassoon_50,18,0.236,740.888,78,2
brusque_bassoon_50,19,0.212,738.869,78,-3
brusque_bassoon_50,20,0.205,427.979,69,-48
brusque_bassoon_50,21,0.190,888.931,81,17
brusque_bassoon_50,22,0.180,425.287,68,41
brusque_bassoon_50,23,0.172,580.732,74,-20
brusque_bassoon_50,24,0.172,578.041,74,-28
brusque_bassoon_50,25,0.163,886.912,81,14
brusque_bassoon_50,26,0.153,1185.69,86,16
brusque_bassoon_50,27,0.143,423.268,68,33
brusque_bassoon_50,28,0.138,1183.67,86,13
brusque_bassoon_50,29,0.138,148.043,50,14
brusque_bassoon_50,30,0.138,150.062,50,38
brusque_bassoon_50,31,0.136,573.33,74,-42
brusque_bassoon_50,32,0.135,576.022,74,-34
brusque_bassoon_50,33,0.132,891.623,81,23
brusque_bassoon_50,34,0.129,571.312,74,-48
brusque_bassoon_50,35,0.125,291.376,62,-14
brusque_bassoon_50,36,0.119,742.907,78,7
brusque_bassoon_50,37,0.114,420.577,68,22
brusque_bassoon_50,38,0.107,448.84,69,34
brusque_bassoon_50,39,0.104,454.223,70,-45
brusque_bassoon_50,40,0.103,736.178,78,-9
brusque_bassoon_50,41,0.101,568.62,73,44
brusque_bassoon_50,42,0.098,289.357,62,-26
brusque_bassoon_50,43,0.096,733.486,78,-15
brusque_bassoon_50,44,0.092,731.467,78,-20
brusque_bassoon_50,45,0.088,1187.71,86,19
brusque_bassoon_50,46,0.084,884.221,81,8
brusque_bassoon_50,47,0.082,417.885,68,11
brusque_bassoon_50,48,0.080,458.933,70,-27
brusque_bassoon_50,49,0.080,1180.98,86,9
brusque_bassoon_50,50,0.078,451.531,69,45
brusque_bassoon_51,1,1.000,466.336,70,1
brusque_bassoon_51,2,0.876,464.317,70,-7
brusque_bassoon_51,3,0.630,469.027,70,11
brusque_bassoon_51,4,0.410,462.298,70,-14
brusque_bassoon_51,5,0.326,459.606,70,-25
brusque_bassoon_51,6,0.247,310.89,63,-1
brusque_bassoon_51,7,0.234,622.454,75,1
brusque_bassoon_51,8,0.225,619.762,75,-7
brusque_bassoon_51,9,0.220,457.588,70,-32
brusque_bassoon_51,10,0.216,308.872,63,-13
brusque_bassoon_51,11,0.143,454.896,70,-42
brusque_bassoon_51,12,0.142,617.743,75,-13
brusque_bassoon_51,13,0.137,155.445,51,-1
brusque_bassoon_51,14,0.137,312.909,63,10
brusque_bassoon_51,15,0.126,615.051,75,-20
brusque_bassoon_51,16,0.117,613.033,75,-26
brusque_bassoon_51,17,0.116,152.753,51,-32
brusque_bassoon_51,18,0.116,624.472,75,6
brusque_bassoon_51,19,0.116,471.046,70,18
brusque_bassoon_51,20,0.115,452.877,69,50
brusque_bassoon_51,21,0.115,306.18,63,-28
brusque_bassoon_51,22,0.106,777.899,79,-14
brusque_bassoon_51,23,0.106,473.738,70,28
brusque_bassoon_51,24,0.093,304.161,63,-39
brusque_bassoon_51,25,0.092,481.14,71,-45
brusque_bassoon_51,26,0.089,775.88,79,-18
brusque_bassoon_51,27,0.087,450.185,69,40
brusque_bassoon_51,28,0.079,157.464,51,21
brusque_bassoon_51,29,0.078,483.159,71,-38
brusque_bassoon_51,30,0.072,301.469,62,45
brusque_bassoon_51,31,0.068,931.325,82,-2
brusque_bassoon_51,32,0.064,476.429,70,38
brusque_bassoon_51,33,0.059,610.341,75,-33
brusque_bassoon_51,34,0.058,487.869,71,-21
brusque_bassoon_51,35,0.057,1242.89,87,-2
brusque_bassoon_51,36,0.057,929.306,82,-6
brusque_bassoon_51,37,0.056,485.85,71,-28
brusque_bassoon_51,38,0.055,1240.2,87,-6
brusque_bassoon_51,39,0.053,921.904,82,-19
brusque_bassoon_51,40,0.053,150.735,50,45
brusque_bassoon_51,41,0.053,489.888,71,-14
brusque_bassoon_51,42,0.053,923.923,82,-16
brusque_bassoon_52,1,1.000,496.617,71,10
brusque_bassoon_52,2,0.861,498.636,71,17
brusque_bassoon_52,3,0.808,493.925,71,0
brusque_bassoon_52,4,0.433,489.215,71,-16
brusque_bassoon_52,5,0.401,500.655,71,24
brusque_bassoon_52,6,0.344,487.196,71,-24
brusque_bassoon_52,7,0.317,491.907,71,-7
brusque_bassoon_52,8,0.196,484.504,71,-33
brusque_bassoon_52,9,0.195,482.486,71,-40
brusque_bassoon_52,10,0.176,329.732,64,1
brusque_bassoon_52,11,0.173,332.424,64,15
brusque_bassoon_52,12,0.146,479.794,70,50
brusque_bassoon_52,13,0.128,475.084,70,33
brusque_bassoon_52,14,0.122,477.775,70,43
brusque_bassoon_52,15,0.117,503.346,71,33
brusque_bassoon_52,16,0.103,508.057,71,49
brusque_bassoon_52,17,0.102,473.065,70,25
brusque_bassoon_52,18,0.102,327.713,64,-10
brusque_bassoon_52,19,0.097,334.443,64,25
brusque_bassoon_52,20,0.095,166.212,52,15
brusque_bassoon_52,21,0.087,470.373,70,16
brusque_bassoon_52,22,0.079,468.354,70,8
brusque_bassoon_52,23,0.077,506.038,71,42
brusque_bassoon_52,24,0.074,662.829,76,9
brusque_bassoon_52,25,0.072,163.52,52,-14
brusque_bassoon_52,26,0.068,512.767,72,-35
brusque_bassoon_52,27,0.061,510.076,72,-44
brusque_bassoon_52,28,0.060,664.848,76,15
brusque_bassoon_52,29,0.057,465.663,70,-2
brusque_bassoon_52,30,0.056,168.231,52,36
brusque_bassoon_52,31,0.052,323.003,64,-35
brusque_bassoon_53,1,1.000,528.917,72,19
brusque_bassoon_53,2,0.937,526.899,72,12
brusque_bassoon_53,3,0.565,530.936,72,25
brusque_bassoon_53,4,0.530,519.496,72,-12
brusque_bassoon_53,5,0.500,522.188,72,-4
brusque_bassoon_53,6,0.484,524.207,72,3
brusque_bassoon_53,7,0.445,517.478,72,-19
brusque_bassoon_53,8,0.366,515.459,72,-26
brusque_bassoon_53,9,0.357,512.767,72,-35
brusque_bassoon_53,10,0.269,510.748,72,-42
brusque_bassoon_53,11,0.238,353.285,65,20
brusque_bassoon_53,12,0.237,704.55,77,15
brusque_bassoon_53,13,0.232,351.266,65,10
brusque_bassoon_53,14,0.220,508.057,71,49
brusque_bassoon_53,15,0.189,506.038,71,42
brusque_bassoon_53,16,0.171,706.569,77,20
brusque_bassoon_53,17,0.161,702.531,77,10
brusque_bassoon_53,18,0.154,503.346,71,33
brusque_bassoon_53,19,0.152,533.628,72,34
brusque_bassoon_53,20,0.115,355.303,65,30
brusque_bassoon_53,21,0.111,348.574,65,-3
brusque_bassoon_53,22,0.106,175.633,53,10
brusque_bassoon_53,23,0.105,501.328,71,26
brusque_bassoon_53,24,0.103,538.338,72,49
brusque_bassoon_53,25,0.096,177.652,53,30
brusque_bassoon_53,26,0.074,543.049,73,-36
brusque_bassoon_53,27,0.072,709.261,77,27
brusque_bassoon_53,28,0.069,346.555,65,-13
brusque_bassoon_53,29,0.069,496.617,71,10
brusque_bassoon_53,30,0.066,498.636,71,17
brusque_bassoon_53,31,0.060,545.068,73,-29
brusque_bassoon_53,32,0.059,343.864,65,-27
brusque_bassoon_53,33,0.054,536.32,72,43
brusque_bassoon_53,34,0.051,172.941,53,-17
brusque_bassoon_53,35,0.051,540.357,73,-44
brusque_bassoon_54,1,1.000,555.161,73,2
brusque_bassoon_54,2,0.891,557.853,73,11
brusque_bassoon_54,3,0.692,553.143,73,-4
brusque_bassoon_54,4,0.377,370.78,66,4
brusque_bassoon_54,5,0.352,550.451,73,-12
brusque_bassoon_54,6,0.283,373.472,66,16
brusque_bassoon_54,7,0.281,742.234,78,5
brusque_bassoon_54,8,0.278,559.872,73,17
brusque_bassoon_54,9,0.267,740.215,78,1
brusque_bassoon_54,10,0.235,368.762,66,-6
brusque_bassoon_54,11,0.222,548.432,73,-19
brusque_bassoon_54,12,0.175,562.564,73,25
brusque_bassoon_54,13,0.160,545.74,73,-27
brusque_bassoon_54,14,0.154,737.523,78,-6
brusque_bassoon_54,15,0.116,543.049,73,-36
brusque_bassoon_54,16,0.112,744.253,78,10
brusque_bassoon_54,17,0.095,734.832,78,-12
brusque_bassoon_54,18,0.088,538.338,72,49
brusque_bassoon_54,19,0.088,565.255,73,34
brusque_bassoon_54,20,0.088,366.07,66,-18
brusque_bassoon_54,21,0.083,186.4,54,13
brusque_bassoon_54,22,0.082,184.381,54,-6
brusque_bassoon_54,23,0.073,567.947,73,42
brusque_bassoon_54,24,0.072,540.357,73,-44
brusque_bassoon_54,25,0.070,732.813,78,-17
brusque_bassoon_54,26,0.065,569.966,73,48
brusque_bassoon_54,27,0.064,1295.38,88,-31
brusque_bassoon_54,28,0.061,1298.07,88,-27
brusque_bassoon_54,29,0.058,378.183,66,38
brusque_bassoon_54,30,0.052,535.647,72,41
brusque_bassoon_55,1,1.000,586.789,74,-2
brusque_bassoon_55,2,0.806,584.097,74,-10
brusque_bassoon_55,3,0.790,391.641,67,-2
brusque_bassoon_55,4,0.752,389.622,67,-11
brusque_bassoon_55,5,0.602,588.808,74,4
brusque_bassoon_55,6,0.457,582.078,74,-16
brusque_bassoon_55,7,0.379,387.604,67,-20
brusque_bassoon_55,8,0.370,781.263,79,-6
brusque_bassoon_55,9,0.360,779.245,79,-11
brusque_bassoon_55,10,0.319,393.66,67,7
brusque_bassoon_55,11,0.259,580.06,74,-22
brusque_bassoon_55,12,0.252,777.226,79,-15
brusque_bassoon_55,13,0.210,783.282,79,-2
brusque_bassoon_55,14,0.196,384.912,67,-32
brusque_bassoon_55,15,0.194,774.534,79,-21
brusque_bassoon_55,16,0.159,593.518,74,18
brusque_bassoon_55,17,0.138,577.368,74,-30
brusque_bassoon_55,18,0.117,772.515,79,-26
brusque_bassoon_55,19,0.114,382.893,67,-41
brusque_bassoon_55,20,0.110,976.411,83,-20
brusque_bassoon_55,21,0.108,575.349,74,-36
brusque_bassoon_55,22,0.100,573.33,74,-42
brusque_bassoon_55,23,0.098,590.826,74,10
brusque_bassoon_55,24,0.096,378.183,66,38
brusque_bassoon_55,25,0.094,974.392,83,-24
brusque_bassoon_55,26,0.093,570.639,74,-50
brusque_bassoon_55,27,0.089,380.201,66,47
brusque_bassoon_55,28,0.083,196.493,55,4
brusque_bassoon_55,29,0.080,194.475,55,-14
brusque_bassoon_55,30,0.078,376.164,66,29
brusque_bassoon_55,31,0.077,978.43,83,-16
brusque_bassoon_55,32,0.072,563.909,73,30
brusque_bassoon_55,33,0.071,770.497,79,-30
brusque_bassoon_55,34,0.071,396.352,67,19
brusque_bassoon_55,35,0.069,1366.03,89,-39
brusque_bassoon_55,36,0.064,565.928,73,36
brusque_bassoon_55,37,0.063,1364.01,89,-41
brusque_bassoon_55,38,0.062,192.456,55,-32
brusque_bassoon_55,39,0.058,606.976,75,-43
brusque_bassoon_55,40,0.057,1368.05,89,-36
brusque_bassoon_55,41,0.057,971.701,83,-28
brusque_bassoon_55,42,0.056,608.995,75,-37
brusque_bassoon_55,43,0.055,767.805,79,-36
brusque_bassoon_55,44,0.055,765.786,79,-41
brusque_bassoon_55,45,0.053,568.62,73,44
brusque_bassoon_55,46,0.050,373.472,66,16
brusque_bassoon_56,1,1.000,618.416,75,-11
brusque_bassoon_56,2,0.972,620.435,75,-5
brusque_bassoon_56,3,0.782,616.397,75,-16
brusque_bassoon_56,4,0.633,622.454,75,1
brusque_bassoon_56,5,0.629,414.52,68,-3
brusque_bassoon_56,6,0.589,613.706,75,-24
brusque_bassoon_56,7,0.546,411.829,68,-15
brusque_bassoon_56,8,0.445,611.687,75,-30
brusque_bassoon_56,9,0.445,409.81,68,-23
brusque_bassoon_56,10,0.386,416.539,68,5
brusque_bassoon_56,11,0.365,205.914,56,-15
brusque_bassoon_56,12,0.350,625.145,75,8
brusque_bassoon_56,13,0.322,627.164,75,14
brusque_bassoon_56,14,0.307,608.995,75,-37
brusque_bassoon_56,15,0.298,407.791,68,-32
brusque_bassoon_56,16,0.276,207.933,56,2
brusque_bassoon_56,17,0.258,534.301,72,36
brusque_bassoon_56,18,0.250,532.282,72,30
brusque_bassoon_56,19,0.240,539.011,73,-49
brusque_bassoon_56,20,0.238,536.992,72,45
brusque_bassoon_56,21,0.215,606.976,75,-43
brusque_bassoon_56,22,0.211,541.03,73,-42
brusque_bassoon_56,23,0.208,203.896,56,-32
brusque_bassoon_56,24,0.195,530.263,72,23
brusque_bassoon_56,25,0.195,543.722,73,-34
brusque_bassoon_56,26,0.182,405.1,68,-43
brusque_bassoon_56,27,0.177,545.74,73,-27
brusque_bassoon_56,28,0.176,527.572,72,14
brusque_bassoon_56,29,0.170,824.331,80,-13
brusque_bassoon_56,30,0.162,418.558,68,14
brusque_bassoon_56,31,0.159,421.25,68,25
brusque_bassoon_56,32,0.156,822.312,80,-17
brusque_bassoon_56,33,0.151,827.022,80,-7
brusque_bassoon_56,34,0.151,550.451,73,-12
brusque_bassoon_56,35,0.146,525.553,72,8
brusque_bassoon_56,36,0.145,547.759,73,-21
brusque_bassoon_56,37,0.141,552.47,73,-6
brusque_bassoon_56,38,0.134,604.958,75,-49
brusque_bassoon_56,39,0.130,629.183,75,19
brusque_bassoon_56,40,0.129,403.081,67,48
brusque_bassoon_56,41,0.125,1236.83,87,-11
brusque_bassoon_56,42,0.119,829.041,80,-3
brusque_bassoon_56,43,0.119,522.861,72,-1
brusque_bassoon_56,44,0.114,520.842,72,-8
brusque_bassoon_56,45,0.112,555.161,73,2
brusque_bassoon_56,46,0.111,820.293,80,-22
brusque_bassoon_56,47,0.111,1234.81,87,-14
brusque_bassoon_56,48,0.105,201.204,55,45
brusque_bassoon_56,49,0.103,557.18,73,9
brusque_bassoon_56,50,0.101,1238.85,87,-8
brusque_bassoon_57,1,1.000,438.746,69,-5
brusque_bassoon_57,2,0.902,440.764,69,3
brusque_bassoon_57,3,0.727,436.727,69,-13
brusque_bassoon_57,4,0.667,434.035,69,-24
brusque_bassoon_57,5,0.617,432.016,69,-32
brusque_bassoon_57,6,0.559,660.137,76,2
brusque_bassoon_57,7,0.493,429.998,69,-40
brusque_bassoon_57,8,0.459,658.119,76,-3
brusque_bassoon_57,9,0.427,442.783,69,11
brusque_bassoon_57,10,0.421,662.156,76,8
brusque_bassoon_57,11,0.356,427.306,68,49
brusque_bassoon_57,12,0.287,425.287,68,41
brusque_bassoon_57,13,0.285,656.1,76,-8
brusque_bassoon_57,14,0.279,653.408,76,-15
brusque_bassoon_57,15,0.272,651.389,76,-21
brusque_bassoon_57,16,0.233,219.373,57,-5
brusque_bassoon_57,17,0.209,423.268,68,33
brusque_bassoon_57,18,0.204,649.371,76,-26
brusque_bassoon_57,19,0.194,664.175,76,13
brusque_bassoon_57,20,0.170,221.392,57,11
brusque_bassoon_57,21,0.157,1307.49,88,-15
brusque_bassoon_57,22,0.152,1309.51,88,-12
brusque_bassoon_57,23,0.148,451.531,69,45
brusque_bassoon_57,24,0.147,1305.47,88,-17
brusque_bassoon_57,25,0.147,421.25,68,25
brusque_bassoon_57,26,0.145,216.681,57,-26
brusque_bassoon_57,27,0.141,647.352,76,-32
brusque_bassoon_57,28,0.132,1312.2,88,-8
brusque_bassoon_57,29,0.129,456.242,70,-37
brusque_bassoon_57,30,0.123,644.66,76,-39
brusque_bassoon_57,31,0.122,418.558,68,14
brusque_bassoon_57,32,0.117,444.802,69,19
brusque_bassoon_57,33,0.117,1303.45,88,-20
brusque_bassoon_57,34,0.115,879.51,81,-1
brusque_bassoon_57,35,0.113,881.529,81,3
brusque_bassoon_57,36,0.113,1314.22,88,-6
brusque_bassoon_57,37,0.108,666.867,76,20
brusque_bassoon_57,38,0.107,642.641,76,-44
brusque_bassoon_57,39,0.098,1300.76,88,-23
brusque_bassoon_57,40,0.093,640.623,76,-50
brusque_bassoon_57,41,0.091,416.539,68,5
brusque_bassoon_57,42,0.089,1098.88,85,-15
brusque_bassoon_57,43,0.088,1100.9,85,-12
brusque_bassoon_57,44,0.088,214.662,57,-43
brusque_bassoon_57,45,0.087,1298.74,88,-26
brusque_bassoon_57,46,0.085,1316.24,88,-3
brusque_bassoon_57,47,0.085,460.279,70,-22
brusque_bassoon_57,48,0.083,884.221,81,8
brusque_bassoon_57,49,0.083,454.223,70,-45
brusque_bassoon_57,50,0.081,1322.97,88,6
brusque_bassoon_58,1,1.000,467.008,70,3
brusque_bassoon_58,2,0.901,464.99,70,-4
brusque_bassoon_58,3,0.668,469.7,70,13
brusque_bassoon_58,4,0.608,462.971,70,-12
brusque_bassoon_58,5,0.449,460.279,70,-22
brusque_bassoon_58,6,0.363,471.719,70,21
brusque_bassoon_58,7,0.269,232.158,58,-7
brusque_bassoon_58,8,0.266,458.26,70,-30
brusque_bassoon_58,9,0.264,234.85,58,13
brusque_bassoon_58,10,0.237,455.569,70,-40
brusque_bassoon_58,11,0.227,453.55,70,-47
brusque_bassoon_58,12,0.218,932.671,82,1
brusque_bassoon_58,13,0.195,693.111,77,-13
brusque_bassoon_58,14,0.192,927.961,82,-8
brusque_bassoon_58,15,0.187,930.652,82,-3
brusque_bassoon_58,16,0.183,688.4,77,-25
brusque_bassoon_58,17,0.183,934.69,82,4
brusque_bassoon_58,18,0.173,695.129,77,-8
brusque_bassoon_58,19,0.173,691.092,77,-18
brusque_bassoon_58,20,0.162,925.942,82,-12
brusque_bassoon_58,21,0.157,699.84,77,3
brusque_bassoon_58,22,0.156,686.381,77,-30
brusque_bassoon_58,23,0.153,697.821,77,-2
brusque_bassoon_58,24,0.137,230.14,58,-22
brusque_bassoon_58,25,0.136,473.738,70,28
brusque_bassoon_58,26,0.136,451.531,69,45
brusque_bassoon_58,27,0.130,701.859,77,8
brusque_bassoon_58,28,0.126,476.429,70,38
brusque_bassoon_58,29,0.121,683.69,77,-37
brusque_bassoon_58,30,0.116,681.671,77,-42
brusque_bassoon_58,31,0.114,923.25,82,-17
brusque_bassoon_58,32,0.113,704.55,77,15
brusque_bassoon_58,33,0.111,236.869,58,28
brusque_bassoon_58,34,0.108,921.231,82,-21
brusque_bassoon_58,35,0.103,936.709,82,8
brusque_bassoon_58,36,0.092,919.213,82,-25
brusque_bassoon_58,37,0.090,679.652,77,-47
brusque_bassoon_58,38,0.084,916.521,82,-30
brusque_bassoon_58,39,0.080,478.448,70,45
brusque_bassoon_58,40,0.072,228.121,58,-37
brusque_bassoon_58,41,0.068,676.96,76,46
brusque_bassoon_58,42,0.064,435.381,69,-18
brusque_bassoon_58,43,0.063,914.502,82,-33
brusque_bassoon_58,44,0.060,437.4,69,-10
brusque_bassoon_58,45,0.058,225.429,57,42
brusque_bassoon_58,46,0.057,440.092,69,0
brusque_bassoon_58,47,0.057,709.261,77,27
brusque_bassoon_58,48,0.057,442.11,69,8
brusque_bassoon_58,49,0.054,911.81,82,-39
brusque_bassoon_58,50,0.053,448.84,69,34
brusque_bassoon_59,1,1.000,497.29,71,12
brusque_bassoon_59,2,0.825,499.309,71,19
brusque_bassoon_59,3,0.603,494.598,71,3
brusque_bassoon_59,4,0.367,745.599,78,13
brusque_bassoon_59,5,0.355,489.888,71,-14
brusque_bassoon_59,6,0.298,501.328,71,26
brusque_bassoon_59,7,0.267,743.58,78,8
brusque_bassoon_59,8,0.250,248.309,59,10
brusque_bassoon_59,9,0.186,747.617,78,18
brusque_bassoon_59,10,0.177,491.907,71,-7
brusque_bassoon_59,11,0.175,738.869,78,-3
brusque_bassoon_59,12,0.172,246.29,59,-5
brusque_bassoon_59,13,0.169,485.177,71,-31
brusque_bassoon_59,14,0.156,487.869,71,-21
brusque_bassoon_59,15,0.141,250.327,59,24
brusque_bassoon_59,16,0.123,504.019,71,35
brusque_bassoon_59,17,0.107,996.599,83,15
brusque_bassoon_59,18,0.105,482.486,71,-40
brusque_bassoon_59,19,0.105,480.467,71,-48
brusque_bassoon_59,20,0.100,994.58,83,12
brusque_bassoon_59,21,0.079,999.29,83,20
brusque_bassoon_59,22,0.078,733.486,78,-15
brusque_bassoon_59,23,0.072,506.711,71,44
brusque_bassoon_59,24,0.072,736.178,78,-9
brusque_bassoon_59,25,0.071,750.309,78,24
brusque_bassoon_59,26,0.063,477.775,70,43
brusque_bassoon_59,27,0.063,475.756,70,35
brusque_bassoon_59,28,0.061,516.132,72,-24
brusque_bassoon_59,29,0.060,728.775,78,-26
brusque_bassoon_59,30,0.059,473.065,70,25
brusque_bassoon_59,31,0.058,241.579,59,-38
brusque_bassoon_59,32,0.054,731.467,78,-20
brusque_bassoon_59,33,0.053,514.113,72,-30
brusque_bassoon_59,34,0.053,991.888,83,7
brusque_bassoon_59,35,0.052,468.354,70,8
brusque_bassoon_59,36,0.052,471.046,70,18
brusque_bassoon_60,1,1.000,527.572,72,14
brusque_bassoon_60,2,0.828,525.553,72,8
brusque_bassoon_60,3,0.625,530.263,72,23
brusque_bassoon_60,4,0.610,520.842,72,-8
brusque_bassoon_60,5,0.367,518.824,72,-15
brusque_bassoon_60,6,0.326,514.113,72,-30
brusque_bassoon_60,7,0.288,516.132,72,-24
brusque_bassoon_60,8,0.229,532.282,72,30
brusque_bassoon_60,9,0.182,265.132,60,23
brusque_bassoon_60,10,0.166,509.403,72,-46
brusque_bassoon_60,11,0.135,262.44,60,5
brusque_bassoon_60,12,0.129,506.711,71,44
brusque_bassoon_60,13,0.120,511.421,72,-40
brusque_bassoon_60,14,0.102,267.15,60,36
brusque_bassoon_60,15,0.098,504.692,71,37
brusque_bassoon_60,16,0.077,260.421,60,-8
brusque_bassoon_60,17,0.074,502,71,28
brusque_bassoon_60,18,0.073,539.684,73,-46
brusque_bassoon_60,19,0.069,257.729,60,-26
brusque_bassoon_60,20,0.068,541.703,73,-40
brusque_bassoon_60,21,0.068,534.974,72,38
brusque_bassoon_60,22,0.067,499.982,71,21
brusque_bassoon_60,23,0.059,255.711,60,-40
brusque_bassoon_60,24,0.058,497.963,71,14
brusque_bassoon_60,25,0.056,549.105,73,-17
brusque_bassoon_60,26,0.052,551.124,73,-10
brusque_bassoon_60,27,0.052,536.992,72,45
brusque_bassoon_61,1,1.000,557.853,73,11
brusque_bassoon_61,2,0.843,555.834,73,5
brusque_bassoon_61,3,0.416,559.872,73,17
brusque_bassoon_61,4,0.408,553.143,73,-4
brusque_bassoon_61,5,0.332,551.124,73,-10
brusque_bassoon_61,6,0.237,549.105,73,-17
brusque_bassoon_61,7,0.174,546.413,73,-25
brusque_bassoon_61,8,0.136,544.395,73,-31
brusque_bassoon_61,9,0.101,835.77,80,11
brusque_bassoon_61,10,0.097,539.684,73,-46
brusque_bassoon_61,11,0.091,541.703,73,-40
brusque_bassoon_61,12,0.082,277.244,61,0
brusque_bassoon_61,13,0.081,562.564,73,25
brusque_bassoon_61,14,0.078,833.751,80,7
brusque_bassoon_61,15,0.073,537.665,72,47
brusque_bassoon_61,16,0.072,1113.69,85,8
brusque_bassoon_61,17,0.058,534.974,72,38
brusque_bassoon_61,18,0.058,837.789,80,15
brusque_bassoon_61,19,0.056,275.225,61,-12
brusque_bassoon_61,20,0.054,1115.71,85,11
brusque_bassoon_61,21,0.052,566.601,73,38
brusque_bassoon_62,1,1.000,588.808,74,4
brusque_bassoon_62,2,0.866,590.826,74,10
brusque_bassoon_62,3,0.472,584.097,74,-10
brusque_bassoon_62,4,0.462,586.116,74,-4
brusque_bassoon_62,5,0.356,581.405,74,-18
brusque_bassoon_62,6,0.306,592.845,74,16
brusque_bassoon_62,7,0.278,294.067,62,2
brusque_bassoon_62,8,0.257,579.387,74,-24
brusque_bassoon_62,9,0.250,576.695,74,-32
brusque_bassoon_62,10,0.207,296.086,62,14
brusque_bassoon_62,11,0.185,574.676,74,-38
brusque_bassoon_62,12,0.140,571.984,74,-46
brusque_bassoon_62,13,0.137,292.049,62,-10
brusque_bassoon_62,14,0.094,595.537,74,24
brusque_bassoon_62,15,0.081,567.274,73,40
brusque_bassoon_62,16,0.078,289.357,62,-26
brusque_bassoon_62,17,0.072,562.564,73,25
brusque_bassoon_62,18,0.070,569.966,73,48
brusque_bassoon_62,19,0.070,564.582,73,32
brusque_bassoon_62,20,0.068,287.338,62,-38
brusque_bassoon_62,21,0.067,600.247,74,38
brusque_bassoon_62,22,0.061,298.778,62,30
brusque_bassoon_62,23,0.058,598.228,74,32
brusque_bassoon_62,24,0.051,882.875,81,6
brusque_bassoon_63,1,1.000,620.435,75,-5
brusque_bassoon_63,2,0.771,622.454,75,1
brusque_bassoon_63,3,0.624,617.743,75,-13
brusque_bassoon_63,4,0.622,613.033,75,-26
brusque_bassoon_63,5,0.352,615.051,75,-20
brusque_bassoon_63,6,0.330,611.014,75,-32
brusque_bassoon_63,7,0.275,624.472,75,6
brusque_bassoon_63,8,0.268,608.995,75,-37
brusque_bassoon_63,9,0.255,310.217,63,-5
brusque_bassoon_63,10,0.225,312.236,63,6
brusque_bassoon_63,11,0.209,606.304,75,-45
brusque_bassoon_63,12,0.138,604.285,74,49
brusque_bassoon_63,13,0.111,629.183,75,19
brusque_bassoon_63,14,0.109,307.526,63,-20
brusque_bassoon_63,15,0.098,601.593,74,42
brusque_bassoon_63,16,0.091,626.491,75,12
brusque_bassoon_63,17,0.085,1233.47,87,-15
brusque_bassoon_63,18,0.083,932.671,82,1
brusque_bassoon_63,19,0.079,599.574,74,36
brusque_bassoon_63,20,0.071,1242.89,87,-2
brusque_bassoon_63,21,0.069,512.767,72,-35
brusque_bassoon_63,22,0.067,1240.87,87,-5
brusque_bassoon_63,23,0.066,633.893,75,32
brusque_bassoon_63,24,0.065,515.459,72,-26
brusque_bassoon_63,25,0.063,934.69,82,4
brusque_bassoon_63,26,0.063,510.748,72,-42
brusque_bassoon_63,27,0.061,930.652,82,-3
brusque_bassoon_63,28,0.060,517.478,72,-19
brusque_bassoon_63,29,0.057,314.255,63,17
brusque_bassoon_63,30,0.055,1244.91,87,1
brusque_bassoon_63,31,0.054,1231.45,87,-18
brusque_bassoon_63,32,0.051,594.864,74,22
brusque_bassoon_64,1,1.000,657.446,76,-5
brusque_bassoon_64,2,0.935,654.754,76,-12
brusque_bassoon_64,3,0.884,659.464,76,1
brusque_bassoon_64,4,0.626,652.735,76,-17
brusque_bassoon_64,5,0.608,661.483,76,6
brusque_bassoon_64,6,0.535,650.716,76,-23
brusque_bassoon_64,7,0.511,664.175,76,13
brusque_bassoon_64,8,0.420,648.025,76,-30
brusque_bassoon_64,9,0.338,646.006,76,-35
brusque_bassoon_64,10,0.281,666.194,76,18
brusque_bassoon_64,11,0.252,329.732,64,1
brusque_bassoon_64,12,0.241,331.751,64,11
brusque_bassoon_64,13,0.218,643.987,76,-41
brusque_bassoon_64,14,0.180,670.904,76,30
brusque_bassoon_64,15,0.139,327.713,64,-10
brusque_bassoon_64,16,0.125,668.885,76,25
brusque_bassoon_64,17,0.116,641.295,76,-48
brusque_bassoon_64,18,0.113,333.77,64,22
brusque_bassoon_64,19,0.109,679.652,77,-47
brusque_bassoon_64,20,0.100,681.671,77,-42
brusque_bassoon_64,21,0.095,634.566,75,34
brusque_bassoon_64,22,0.086,675.615,76,42
brusque_bassoon_64,23,0.086,636.585,75,39
brusque_bassoon_64,24,0.080,325.022,64,-24
brusque_bassoon_64,25,0.073,320.311,64,-50
brusque_bassoon_64,26,0.072,672.923,76,36
brusque_bassoon_64,27,0.069,677.633,76,48
brusque_bassoon_64,28,0.069,336.461,64,36
brusque_bassoon_64,29,0.066,993.907,83,11
brusque_bassoon_64,30,0.066,991.888,83,7
brusque_bassoon_64,31,0.065,989.197,83,3
brusque_bassoon_64,32,0.064,1303.45,88,-20
brusque_bassoon_64,33,0.063,987.178,83,-1
brusque_bassoon_64,34,0.063,684.363,77,-35
brusque_bassoon_64,35,0.062,1305.47,88,-17
brusque_bassoon_64,36,0.058,1321.62,88,4
brusque_bassoon_64,37,0.057,1301.43,88,-23
brusque_bassoon_64,38,0.057,1308.16,88,-14
brusque_bassoon_64,39,0.055,323.003,64,-35
brusque_bassoon_64,40,0.053,686.381,77,-30
brusque_bassoon_64,41,0.051,632.547,75,28
brusque_bassoon_64,42,0.051,980.449,83,-13
brusque_bassoon_65,1,1.000,699.84,77,3
brusque_bassoon_65,2,0.666,701.859,77,8
brusque_bassoon_65,3,0.625,697.821,77,-2
brusque_bassoon_65,4,0.504,350.593,65,7
brusque_bassoon_65,5,0.445,348.574,65,-3
brusque_bassoon_65,6,0.379,693.111,77,-13
brusque_bassoon_65,7,0.345,691.092,77,-18
brusque_bassoon_65,8,0.300,686.381,77,-30
brusque_bassoon_65,9,0.298,688.4,77,-25
brusque_bassoon_65,10,0.248,706.569,77,20
brusque_bassoon_65,11,0.228,684.363,77,-35
brusque_bassoon_65,12,0.227,695.129,77,-8
brusque_bassoon_65,13,0.197,1051.11,84,8
brusque_bassoon_65,14,0.184,681.671,77,-42
brusque_bassoon_65,15,0.171,1049.09,84,4
brusque_bassoon_65,16,0.169,708.588,77,25
brusque_bassoon_65,17,0.162,679.652,77,-47
brusque_bassoon_65,18,0.148,711.279,77,31
brusque_bassoon_65,19,0.147,346.555,65,-13
brusque_bassoon_65,20,0.136,677.633,76,48
brusque_bassoon_65,21,0.135,1053.12,84,11
brusque_bassoon_65,22,0.121,674.942,76,41
brusque_bassoon_65,23,0.120,672.923,76,36
brusque_bassoon_65,24,0.110,670.904,76,30
brusque_bassoon_65,25,0.093,715.317,77,41
brusque_bassoon_65,26,0.089,668.212,76,23
brusque_bassoon_65,27,0.084,666.194,76,18
brusque_bassoon_65,28,0.082,1399.68,89,3
brusque_bassoon_65,29,0.077,343.864,65,-27
brusque_bassoon_65,30,0.074,713.298,77,36
brusque_bassoon_65,31,0.074,341.845,65,-37
brusque_bassoon_65,32,0.070,357.322,65,40
brusque_bassoon_65,33,0.070,664.175,76,13
brusque_bassoon_65,34,0.069,1055.14,84,14
brusque_bassoon_65,35,0.069,1402.37,89,7
brusque_bassoon_65,36,0.067,355.303,65,30
brusque_bassoon_65,37,0.067,339.826,65,-47
brusque_bassoon_65,38,0.062,1750.95,93,-9
brusque_bassoon_65,39,0.061,1397.66,89,1
brusque_bassoon_65,40,0.059,722.046,78,-42
brusque_bassoon_65,41,0.055,1057.83,84,19
brusque_bassoon_65,42,0.054,1042.36,84,-7
brusque_bassoon_65,43,0.053,1753.64,93,-6
brusque_bassoon_65,44,0.053,661.483,76,6
brusque_bassoon_65,45,0.052,337.807,64,42
brusque_bassoon_66,1,1.000,743.58,78,8
brusque_bassoon_66,2,0.956,741.561,78,4
brusque_bassoon_66,3,0.930,738.869,78,-3
brusque_bassoon_66,4,0.900,736.851,78,-7
brusque_bassoon_66,5,0.824,734.832,78,-12
brusque_bassoon_66,6,0.798,745.599,78,13
brusque_bassoon_66,7,0.786,728.103,78,-28
brusque_bassoon_66,8,0.779,732.813,78,-17
brusque_bassoon_66,9,0.748,730.121,78,-23
brusque_bassoon_66,10,0.742,726.084,78,-33
brusque_bassoon_66,11,0.654,370.78,66,4
brusque_bassoon_66,12,0.649,368.089,66,-9
brusque_bassoon_66,13,0.617,724.065,78,-38
brusque_bassoon_66,14,0.545,366.07,66,-18
brusque_bassoon_66,15,0.520,372.799,66,13
brusque_bassoon_66,16,0.476,721.373,78,-44
brusque_bassoon_66,17,0.472,364.051,66,-28
brusque_bassoon_66,18,0.396,362.033,66,-38
brusque_bassoon_66,19,0.393,374.818,66,22
brusque_bassoon_66,20,0.362,719.355,78,-49
brusque_bassoon_66,21,0.310,359.341,65,49
brusque_bassoon_66,22,0.282,750.309,78,24
brusque_bassoon_66,23,0.260,747.617,78,18
brusque_bassoon_66,24,0.250,717.336,77,46
brusque_bassoon_66,25,0.226,754.347,78,33
brusque_bassoon_66,26,0.210,357.322,65,40
brusque_bassoon_66,27,0.173,379.528,66,44
brusque_bassoon_66,28,0.157,715.317,77,41
brusque_bassoon_66,29,0.153,759.057,78,44
brusque_bassoon_66,30,0.147,376.837,66,32
brusque_bassoon_66,31,0.137,752.328,78,29
brusque_bassoon_66,32,0.117,618.416,75,-11
brusque_bassoon_66,33,0.117,355.303,65,30
brusque_bassoon_66,34,0.110,616.397,75,-16
brusque_bassoon_66,35,0.105,620.435,75,-5
brusque_bassoon_66,36,0.095,712.625,77,35
brusque_bassoon_66,37,0.092,623.127,75,2
brusque_bassoon_66,38,0.092,1114.36,85,9
brusque_bassoon_66,39,0.087,614.379,75,-22
brusque_bassoon_66,40,0.086,625.145,75,8
brusque_bassoon_66,41,0.083,1112.34,85,6
brusque_bassoon_66,42,0.081,763.095,79,-47
brusque_bassoon_66,43,0.072,1116.38,85,12
brusque_bassoon_66,44,0.071,627.164,75,14
brusque_bassoon_66,45,0.071,611.687,75,-30
brusque_bassoon_66,46,0.067,383.566,67,-38
brusque_bassoon_66,47,0.064,765.786,79,-41
brusque_bassoon_66,48,0.063,710.607,77,30
brusque_bassoon_66,49,0.062,353.285,65,20
brusque_bassoon_66,50,0.060,609.668,75,-35
brusque_bassoon_67,1,1.000,785.301,79,3
brusque_bassoon_67,2,0.959,778.572,79,-12
brusque_bassoon_67,3,0.932,776.553,79,-17
brusque_bassoon_67,4,0.884,783.282,79,-2
brusque_bassoon_67,5,0.850,780.591,79,-8
brusque_bassoon_67,6,0.844,769.824,79,-32
brusque_bassoon_67,7,0.817,774.534,79,-21
brusque_bassoon_67,8,0.806,771.843,79,-27
brusque_bassoon_67,9,0.763,767.805,79,-36
brusque_bassoon_67,10,0.704,390.295,67,-8
brusque_bassoon_67,11,0.692,787.32,79,7
brusque_bassoon_67,12,0.644,388.276,67,-17
brusque_bassoon_67,13,0.632,765.786,79,-41
brusque_bassoon_67,14,0.572,763.095,79,-47
brusque_bassoon_67,15,0.566,392.314,67,1
brusque_bassoon_67,16,0.490,385.585,67,-29
brusque_bassoon_67,17,0.468,383.566,67,-38
brusque_bassoon_67,18,0.456,761.076,78,49
brusque_bassoon_67,19,0.420,381.547,67,-47
brusque_bassoon_67,20,0.392,394.333,67,10
brusque_bassoon_67,21,0.311,759.057,78,44
brusque_bassoon_67,22,0.310,379.528,66,44
brusque_bassoon_67,23,0.304,792.03,79,18
brusque_bassoon_67,24,0.284,789.339,79,12
brusque_bassoon_67,25,0.271,397.024,67,22
brusque_bassoon_67,26,0.254,796.068,79,26
brusque_bassoon_67,27,0.211,757.038,78,39
brusque_bassoon_67,28,0.168,377.51,66,35
brusque_bassoon_67,29,0.143,794.049,79,22
brusque_bassoon_67,30,0.129,399.043,67,31
brusque_bassoon_67,31,0.127,754.347,78,33
brusque_bassoon_67,32,0.120,401.062,67,40
brusque_bassoon_67,33,0.102,802.797,79,41
brusque_bassoon_67,34,0.098,374.818,66,22
brusque_bassoon_67,35,0.096,642.641,76,-44
brusque_bassoon_67,36,0.094,644.66,76,-39
brusque_bassoon_67,37,0.087,807.507,80,-49
brusque_bassoon_67,38,0.082,640.623,76,-50
brusque_bassoon_67,39,0.081,800.778,79,37
brusque_bassoon_67,40,0.079,646.679,76,-33
brusque_bassoon_67,41,0.077,1175.6,86,1
brusque_bassoon_67,42,0.075,1173.58,86,-2
brusque_bassoon_67,43,0.074,649.371,76,-26
brusque_bassoon_67,44,0.072,666.867,76,20
brusque_bassoon_67,45,0.071,668.885,76,25
brusque_bassoon_67,46,0.069,1178.29,86,5
brusque_bassoon_67,47,0.065,664.848,76,15
brusque_bassoon_67,48,0.065,651.389,76,-21
brusque_bassoon_67,49,0.064,804.816,79,45
brusque_bassoon_67,50,0.063,670.904,76,30
brusque_bassoon_68,1,1.000,828.368,80,-5
brusque_bassoon_68,2,0.957,826.349,80,-9
brusque_bassoon_68,3,0.611,413.175,68,-9
brusque_bassoon_68,4,0.600,415.193,68,0
brusque_bassoon_68,5,0.544,831.06,80,1
brusque_bassoon_68,6,0.518,817.601,80,-27
brusque_bassoon_68,7,0.502,819.62,80,-23
brusque_bassoon_68,8,0.473,815.583,80,-32
brusque_bassoon_68,9,0.430,821.639,80,-19
brusque_bassoon_68,10,0.421,812.891,80,-37
brusque_bassoon_68,11,0.418,824.331,80,-13
brusque_bassoon_68,12,0.404,835.097,80,9
brusque_bassoon_68,13,0.382,810.872,80,-42
brusque_bassoon_68,14,0.286,808.853,80,-46
brusque_bassoon_68,15,0.251,411.156,68,-17
brusque_bassoon_68,16,0.233,1242.22,87,-3
brusque_bassoon_68,17,0.226,1244.23,87,0
brusque_bassoon_68,18,0.221,833.079,80,5
brusque_bassoon_68,19,0.220,806.162,79,48
brusque_bassoon_68,20,0.212,839.808,80,19
brusque_bassoon_68,21,0.208,417.212,68,8
brusque_bassoon_68,22,0.205,837.116,80,14
brusque_bassoon_68,23,0.200,804.143,79,44
brusque_bassoon_68,24,0.169,802.124,79,40
brusque_bassoon_68,25,0.135,408.464,68,-29
brusque_bassoon_68,26,0.134,1246.25,87,2
brusque_bassoon_68,27,0.133,421.923,68,27
brusque_bassoon_68,28,0.132,1240.2,87,-6
brusque_bassoon_68,29,0.125,800.105,79,35
brusque_bassoon_68,30,0.110,1657.41,92,-4
brusque_bassoon_68,31,0.110,797.414,79,29
brusque_bassoon_68,32,0.108,406.445,68,-37
brusque_bassoon_68,33,0.094,404.427,68,-46
brusque_bassoon_68,34,0.092,401.735,67,42
brusque_bassoon_68,35,0.086,843.845,80,27
brusque_bassoon_68,36,0.085,1655.39,92,-6
brusque_bassoon_68,37,0.085,419.904,68,19
brusque_bassoon_68,38,0.078,846.537,80,33
brusque_bassoon_68,39,0.078,850.575,80,41
brusque_bassoon_68,40,0.076,795.395,79,25
brusque_bassoon_68,41,0.075,1235.49,87,-13
brusque_bassoon_68,42,0.074,1248.94,87,6
brusque_bassoon_68,43,0.074,2073.28,96,-16
brusque_bassoon_68,44,0.070,399.716,67,34
brusque_bassoon_68,45,0.070,1659.43,92,-2
brusque_bassoon_68,46,0.069,2071.26,96,-18
brusque_bassoon_68,47,0.067,1250.96,87,9
brusque_bassoon_68,48,0.065,862.014,81,-36
brusque_bassoon_68,49,0.061,1639.91,92,-22
brusque_bassoon_68,50,0.061,1633.18,92,-29
brusque_bassoon_69,1,1.000,876.146,81,-8
brusque_bassoon_69,2,0.921,878.837,81,-2
brusque_bassoon_69,3,0.624,439.419,69,-2
brusque_bassoon_69,4,0.518,880.856,81,2
brusque_bassoon_69,5,0.510,865.379,81,-29
brusque_bassoon_69,6,0.508,867.398,81,-25
brusque_bassoon_69,7,0.501,874.127,81,-12
brusque_bassoon_69,8,0.452,863.36,81,-33
brusque_bassoon_69,9,0.444,436.727,69,-13
brusque_bassoon_69,10,0.440,869.416,81,-21
brusque_bassoon_69,11,0.412,884.894,81,10
brusque_bassoon_69,12,0.380,860.668,81,-38
brusque_bassoon_69,13,0.375,872.108,81,-16
brusque_bassoon_69,14,0.372,441.437,69,6
brusque_bassoon_69,15,0.346,858.65,81,-43
brusque_bassoon_69,16,0.269,856.631,81,-47
brusque_bassoon_69,17,0.237,889.604,81,19
brusque_bassoon_69,18,0.237,882.875,81,6
brusque_bassoon_69,19,0.234,1318.26,88,0
brusque_bassoon_69,20,0.228,854.612,80,49
brusque_bassoon_69,21,0.212,1315.56,88,-4
brusque_bassoon_69,22,0.192,851.92,80,44
brusque_bassoon_69,23,0.165,434.708,69,-21
brusque_bassoon_69,24,0.165,849.902,80,40
brusque_bassoon_69,25,0.164,1320.27,88,2
brusque_bassoon_69,26,0.139,847.883,80,36
brusque_bassoon_69,27,0.128,432.689,69,-29
brusque_bassoon_69,28,0.126,445.475,69,21
brusque_bassoon_69,29,0.113,1313.55,88,-7
brusque_bassoon_69,30,0.113,427.979,69,-48
brusque_bassoon_69,31,0.103,1757.67,93,-2
brusque_bassoon_69,32,0.100,845.191,80,30
brusque_bassoon_69,33,0.098,843.172,80,26
brusque_bassoon_69,34,0.097,893.642,81,27
brusque_bassoon_69,35,0.096,1755.66,93,-4
brusque_bassoon_69,36,0.093,425.96,68,44
brusque_bassoon_69,37,0.092,1322.29,88,5
brusque_bassoon_69,38,0.086,900.371,81,40
brusque_bassoon_69,39,0.085,896.333,81,32
brusque_bassoon_69,40,0.085,429.998,69,-40
brusque_bassoon_69,41,0.074,450.185,69,40
brusque_bassoon_69,42,0.074,2197.09,97,-16
brusque_bassoon_69,43,0.074,447.494,69,29
brusque_bassoon_69,44,0.072,1324.31,88,8
brusque_bassoon_69,45,0.072,1309.51,88,-12
brusque_bassoon_69,46,0.071,841.154,80,22
brusque_bassoon_69,47,0.067,2195.07,97,-18
brusque_bassoon_69,48,0.067,423.941,68,36
brusque_bassoon_69,49,0.062,911.81,82,-39
brusque_bassoon_69,50,0.060,443.456,69,14
brusque_bassoon_70,1,1.000,470.373,70,16
brusque_bassoon_70,2,0.898,468.354,70,8
brusque_bassoon_70,3,0.511,465.663,70,-2
brusque_bassoon_70,4,0.452,472.392,70,23
brusque_bassoon_70,5,0.335,463.644,70,-9
brusque_bassoon_70,6,0.270,460.952,70,-19
brusque_bassoon_70,7,0.201,458.933,70,-27
brusque_bassoon_70,8,0.194,938.727,82,12
brusque_bassoon_70,9,0.172,940.746,82,16
brusque_bassoon_70,10,0.133,456.915,70,-35
brusque_bassoon_70,11,0.124,936.036,82,7
brusque_bassoon_70,12,0.097,1409.1,89,15
brusque_bassoon_70,13,0.096,454.223,70,-45
brusque_bassoon_70,14,0.092,452.204,69,47
brusque_bassoon_70,15,0.089,1407.08,89,13
brusque_bassoon_70,16,0.086,929.306,82,-6
brusque_bassoon_70,17,0.084,477.102,70,40
brusque_bassoon_70,18,0.083,479.121,70,47
brusque_bassoon_70,19,0.079,1411.12,89,18
brusque_bassoon_70,20,0.078,942.765,82,19
brusque_bassoon_70,21,0.078,934.017,82,3
brusque_bassoon_70,22,0.076,927.288,82,-9
brusque_bassoon_70,23,0.075,931.998,82,-1
brusque_bassoon_70,24,0.070,474.411,70,30
brusque_bassoon_70,25,0.068,450.185,69,40
brusque_bassoon_70,26,0.065,925.269,82,-13
brusque_bassoon_70,27,0.056,1404.39,89,9
brusque_bassoon_70,28,0.055,922.577,82,-18
brusque_bassoon_71,1,1.000,987.851,83,0
brusque_bassoon_71,2,0.759,985.832,83,-3
brusque_bassoon_71,3,0.586,989.87,83,4
brusque_bassoon_71,4,0.531,492.58,71,-5
brusque_bassoon_71,5,0.527,494.598,71,3
brusque_bassoon_71,6,0.461,979.103,83,-15
brusque_bassoon_71,7,0.434,981.122,83,-12
brusque_bassoon_71,8,0.427,974.392,83,-24
brusque_bassoon_71,9,0.405,994.58,83,12
brusque_bassoon_71,10,0.358,977.084,83,-19
brusque_bassoon_71,11,0.348,972.374,83,-27
brusque_bassoon_71,12,0.340,967.663,83,-36
brusque_bassoon_71,13,0.340,970.355,83,-31
brusque_bassoon_71,14,0.318,992.561,83,8
brusque_bassoon_71,15,0.280,965.644,83,-39
brusque_bassoon_71,16,0.222,1483.12,90,4
brusque_bassoon_71,17,0.216,1481.1,90,1
brusque_bassoon_71,18,0.213,999.29,83,20
brusque_bassoon_71,19,0.196,963.626,83,-43
brusque_bassoon_71,20,0.193,497.29,71,12
brusque_bassoon_71,21,0.190,983.813,83,-7
brusque_bassoon_71,22,0.179,490.561,71,-12
brusque_bassoon_71,23,0.176,996.599,83,15
brusque_bassoon_71,24,0.172,960.934,83,-48
brusque_bassoon_71,25,0.141,958.915,82,49
brusque_bassoon_71,26,0.135,1485.81,90,7
brusque_bassoon_71,27,0.120,485.85,71,-28
brusque_bassoon_71,28,0.118,956.223,82,44
brusque_bassoon_71,29,0.110,1487.83,90,9
brusque_bassoon_71,30,0.108,954.205,82,40
brusque_bassoon_71,31,0.108,488.542,71,-19
brusque_bassoon_71,32,0.100,501.328,71,26
brusque_bassoon_71,33,0.099,1479.08,90,-1
brusque_bassoon_71,34,0.097,1976.37,95,1
brusque_bassoon_71,35,0.096,499.309,71,19
brusque_bassoon_71,36,0.087,483.832,71,-36
brusque_bassoon_71,37,0.082,1489.85,90,12
brusque_bassoon_71,38,0.081,481.813,71,-43
brusque_bassoon_71,39,0.074,1978.39,95,3
brusque_bassoon_71,40,0.071,952.186,82,36
brusque_bassoon_71,41,0.067,2471.65,99,-12
brusque_bassoon_71,42,0.065,936.036,82,7
brusque_bassoon_71,43,0.064,931.998,82,-1
brusque_bassoon_71,44,0.064,934.017,82,3
brusque_bassoon_71,45,0.064,922.577,82,-18
brusque_bassoon_71,46,0.062,1024.19,84,-37
brusque_bassoon_71,47,0.062,925.269,82,-13
brusque_bassoon_71,48,0.061,927.288,82,-9
brusque_bassoon_71,49,0.059,929.306,82,-6
brusque_bassoon_71,50,0.058,1974.36,95,-1
brusque_bassoon_72,1,1.000,1047.07,84,1
brusque_bassoon_72,2,0.773,1049.09,84,4
brusque_bassoon_72,3,0.713,1044.38,84,-4
brusque_bassoon_72,4,0.581,523.534,72,1
brusque_bassoon_72,5,0.455,525.553,72,8
brusque_bassoon_72,6,0.405,1039.67,84,-11
brusque_bassoon_72,7,0.357,1037.65,84,-15
brusque_bassoon_72,8,0.353,1034.96,84,-19
brusque_bassoon_72,9,0.335,520.842,72,-8
brusque_bassoon_72,10,0.284,1032.94,84,-23
brusque_bassoon_72,11,0.274,1042.36,84,-7
brusque_bassoon_72,12,0.269,1051.11,84,8
brusque_bassoon_72,13,0.247,1030.24,84,-27
brusque_bassoon_72,14,0.219,1028.23,84,-30
brusque_bassoon_72,15,0.217,1053.8,84,12
brusque_bassoon_72,16,0.206,1570.6,91,3
brusque_bassoon_72,17,0.204,1055.82,84,15
brusque_bassoon_72,18,0.195,1572.62,91,5
brusque_bassoon_72,19,0.185,1018.81,84,-46
brusque_bassoon_72,20,0.169,1016.79,84,-50
brusque_bassoon_72,21,0.158,1014.09,83,46
brusque_bassoon_72,22,0.157,1023.52,84,-38
brusque_bassoon_72,23,0.146,1020.82,84,-43
brusque_bassoon_72,24,0.141,1058.51,84,20
brusque_bassoon_72,25,0.138,1012.08,83,42
brusque_bassoon_72,26,0.135,1567.91,91,0
brusque_bassoon_72,27,0.118,518.824,72,-15
brusque_bassoon_72,28,0.116,1025.53,84,-35
brusque_bassoon_72,29,0.113,1574.64,91,7
brusque_bassoon_72,30,0.112,1069.95,84,38
brusque_bassoon_72,31,0.104,516.132,72,-24
brusque_bassoon_72,32,0.103,2094.14,96,1
brusque_bassoon_72,33,0.102,1060.53,84,23
brusque_bassoon_72,34,0.095,1009.38,83,37
brusque_bassoon_72,35,0.094,2096.15,96,3
brusque_bassoon_72,36,0.087,1002.66,83,26
brusque_bassoon_72,37,0.086,511.421,72,-40
brusque_bassoon_72,38,0.086,1063.22,84,27
brusque_bassoon_72,39,0.085,1065.24,84,31
brusque_bassoon_72,40,0.085,532.282,72,30
brusque_bassoon_72,41,0.083,1563.2,91,-5
brusque_bassoon_72,42,0.078,514.113,72,-30
brusque_bassoon_72,43,0.077,1007.37,83,34
brusque_bassoon_72,44,0.076,530.263,72,23
brusque_bassoon_72,45,0.072,997.945,83,18
brusque_bassoon_72,46,0.069,1000.64,83,22
brusque_bassoon_72,47,0.069,2619.69,100,-11
brusque_bassoon_72,48,0.067,2617.67,100,-13
brusque_bassoon_72,49,0.066,1004.67,83,29
brusque_bassoon_72,50,0.060,1074.66,84,46
clarinet_36,1,1.000,1045.74,84,-1
clarinet_36,2,0.956,654.091,76,-14
clarinet_36,3,0.672,391.647,67,-2
clarinet_36,4,0.508,1176.29,86,2
clarinet_36,5,0.478,522.196,72,-3
clarinet_36,6,0.389,1438.73,90,-49
clarinet_36,7,0.387,1569.28,91,1
clarinet_36,8,0.321,130.549,48,-3
clarinet_36,9,0.306,1699.83,92,40
clarinet_36,10,0.218,784.64,79,1
clarinet_36,11,0.184,1049.78,84,5
clarinet_36,12,0.172,1041.7,84,-8
clarinet_36,13,0.163,915.189,82,-32
clarinet_36,14,0.151,1306.84,88,-15
clarinet_36,15,0.127,647.362,76,-32
clarinet_36,16,0.126,2092.82,96,0
clarinet_36,17,0.126,659.474,76,1
clarinet_36,18,0.118,395.685,67,16
clarinet_36,19,0.106,387.609,67,-19
clarinet_36,20,0.093,2353.92,98,3
clarinet_36,21,0.088,1037.66,84,-15
clarinet_36,22,0.087,2484.47,99,-3
clarinet_36,23,0.086,2223.37,97,5
clarinet_36,24,0.078,1053.81,84,12
clarinet_36,25,0.078,663.512,76,11
clarinet_36,26,0.076,1565.24,91,-3
clarinet_36,27,0.074,643.324,76,-42
clarinet_36,28,0.073,1962.27,95,-12
clarinet_36,29,0.073,1573.32,91,6
clarinet_36,30,0.064,2746.91,101,-29
clarinet_36,31,0.064,2877.46,102,-49
clarinet_36,32,0.062,1830.38,94,-32
clarinet_36,33,0.061,1033.63,84,-21
clarinet_36,34,0.060,516.813,72,-21
clarinet_36,35,0.059,1170.9,86,-6
clarinet_36,36,0.055,399.722,67,34
clarinet_36,37,0.055,1703.87,92,44
clarinet_36,38,0.054,3270.46,104,-27
clarinet_36,39,0.054,383.572,67,-38
clarinet_36,40,0.053,639.286,75,47
clarinet_36,41,0.053,667.55,76,22
clarinet_37,1,1.000,414.527,68,-3
clarinet_37,2,0.896,691.775,77,-17
clarinet_37,3,0.550,137.278,49,-16
clarinet_37,4,0.491,1107.65,85,-2
clarinet_37,5,0.404,1246.27,87,2
clarinet_37,6,0.346,553.151,73,-4
clarinet_37,7,0.315,1800.77,93,40
clarinet_37,8,0.309,1523.52,91,-50
clarinet_37,9,0.238,1662.14,92,1
clarinet_37,10,0.164,830.399,80,0
clarinet_37,11,0.161,1384.9,89,-15
clarinet_37,12,0.126,409.143,68,-26
clarinet_37,13,0.122,421.256,68,25
clarinet_37,14,0.121,969.024,83,-33
clarinet_37,15,0.115,686.392,77,-30
clarinet_37,16,0.101,698.505,77,0
clarinet_37,17,0.075,405.106,68,-43
clarinet_37,18,0.074,2216.64,97,-1
clarinet_37,19,0.073,425.294,68,41
clarinet_37,20,0.071,144.008,50,-34
clarinet_37,21,0.071,131.895,48,14
clarinet_37,22,0.068,682.354,77,-40
clarinet_37,23,0.065,2078.02,96,-12
clarinet_37,24,0.065,2493.89,99,3
clarinet_37,25,0.063,2632.51,100,-3
clarinet_37,26,0.061,3464.26,105,-28
clarinet_37,27,0.060,1102.26,85,-10
clarinet_37,28,0.059,2355.27,98,4
clarinet_37,29,0.059,702.542,77,10
clarinet_37,30,0.056,401.068,67,40
clarinet_37,31,0.054,3048.39,103,-49
clarinet_37,32,0.053,1114.38,85,9
clarinet_38,1,1.000,440.098,69,0
clarinet_38,2,0.858,733.497,78,-15
clarinet_38,3,0.704,146.699,50,-2
clarinet_38,4,0.470,1173.6,86,-2
clarinet_38,5,0.451,1320.29,88,2
clarinet_38,6,0.434,1615.04,92,-49
clarinet_38,7,0.397,586.798,74,-2
clarinet_38,8,0.211,1761.74,93,2
clarinet_38,9,0.171,1466.99,90,-15
clarinet_38,10,0.156,1908.44,94,40
clarinet_38,11,0.143,729.46,78,-25
clarinet_38,12,0.142,737.535,78,-6
clarinet_38,13,0.140,880.197,81,0
clarinet_38,14,0.135,444.136,69,16
clarinet_38,15,0.101,2348.54,98,-1
clarinet_38,16,0.092,1026.9,84,-33
clarinet_38,17,0.087,152.083,51,-39
clarinet_38,18,0.086,432.023,69,-32
clarinet_38,19,0.083,139.97,49,17
clarinet_38,20,0.071,2788.63,101,-3
clarinet_38,21,0.070,2495.24,99,4
clarinet_38,22,0.070,741.572,78,4
clarinet_38,23,0.069,582.76,74,-14
clarinet_38,24,0.068,725.422,78,-34
clarinet_38,25,0.067,448.173,69,32
clarinet_38,26,0.066,2641.94,100,3
clarinet_38,27,0.063,590.835,74,10
clarinet_38,28,0.061,3083.38,103,-29
clarinet_38,29,0.060,1168.21,86,-10
clarinet_38,30,0.058,2055.14,96,-32
clarinet_38,31,0.057,427.985,69,-48
clarinet_38,32,0.057,1314.91,88,-5
clarinet_38,33,0.054,3230.08,104,-49
clarinet_38,34,0.052,1620.42,92,-43
clarinet_38,35,0.051,2201.84,97,-12
clarinet_38,36,0.051,1327.02,88,11
clarinet_38,37,0.051,135.932,49,-34
clarinet_38,38,0.050,156.12,51,6
clarinet_39,1,1.000,465.67,70,-2
clarinet_39,2,0.825,776.565,79,-16
clarinet_39,3,0.819,1088.81,85,-31
clarinet_39,4,0.759,154.775,51,-9
clarinet_39,5,0.294,1710.6,93,-49
clarinet_39,6,0.272,1243.58,87,-1
clarinet_39,7,0.176,621.79,75,-1
clarinet_39,8,0.176,2332.39,98,-13
clarinet_39,9,0.147,1554.48,91,-15
clarinet_39,10,0.138,158.812,51,36
clarinet_39,11,0.119,460.286,70,-22
clarinet_39,12,0.117,150.737,50,45
clarinet_39,13,0.115,783.294,79,-2
clarinet_39,14,0.113,1094.19,85,-23
clarinet_39,15,0.112,771.181,79,-29
clarinet_39,16,0.110,932.685,82,1
clarinet_39,17,0.105,2799.4,101,3
clarinet_39,18,0.093,472.399,70,23
clarinet_39,19,0.074,1082.08,85,-42
clarinet_39,20,0.073,1399.7,89,3
clarinet_39,21,0.072,456.249,70,-37
clarinet_39,22,0.068,162.85,52,-21
clarinet_39,23,0.067,767.144,79,-38
clarinet_39,24,0.067,3266.42,104,-29
clarinet_39,25,0.066,2644.63,100,5
clarinet_39,26,0.064,787.332,79,7
clarinet_39,27,0.064,2488.51,99,0
clarinet_39,28,0.062,1098.23,85,-16
clarinet_39,29,0.056,476.437,70,38
clarinet_39,30,0.055,146.699,50,-2
clarinet_39,31,0.055,452.211,69,47
clarinet_39,32,0.051,1714.63,93,-45
clarinet_40,1,1.000,1153.41,86,-32
clarinet_40,2,0.904,164.196,52,-7
clarinet_40,3,0.670,493.933,71,0
clarinet_40,4,0.521,823.67,80,-15
clarinet_40,5,0.158,160.158,52,-50
clarinet_40,6,0.147,168.233,52,36
clarinet_40,7,0.123,489.895,71,-14
clarinet_40,8,0.104,497.971,71,14
clarinet_40,9,0.092,1146.68,86,-42
clarinet_40,10,0.082,2306.81,98,-32
clarinet_40,11,0.081,1647.34,92,-15
clarinet_40,12,0.078,2471.01,99,-13
clarinet_40,13,0.077,156.12,51,6
clarinet_40,14,0.072,172.271,53,-23
clarinet_40,15,0.071,2141.27,96,39
clarinet_40,16,0.071,827.708,80,-6
clarinet_40,17,0.069,1162.83,86,-18
clarinet_40,18,0.069,2800.75,101,4
clarinet_40,19,0.064,1812.88,94,-49
clarinet_40,20,0.059,1142.64,86,-48
clarinet_40,21,0.057,485.858,71,-28
clarinet_40,22,0.054,3130.48,103,-3
clarinet_40,23,0.052,2966.29,102,4
clarinet_40,24,0.051,152.083,51,-39
clarinet_40,25,0.050,502.008,71,28
clarinet_41,1,1.000,1222.05,87,-32
clarinet_41,2,0.994,523.542,72,1
clarinet_41,3,0.771,872.121,81,-16
clarinet_41,4,0.379,1570.63,91,3
clarinet_41,5,0.190,2792.67,101,-1
clarinet_41,6,0.143,2619.06,100,-12
clarinet_41,7,0.137,2269.13,97,40
clarinet_41,8,0.129,3142.6,103,4
clarinet_41,9,0.128,1745.59,93,-14
clarinet_41,10,0.125,1395.66,89,-2
clarinet_41,11,0.125,2967.64,102,4
clarinet_41,12,0.120,1047.08,84,1
clarinet_41,13,0.120,1920.55,95,-49
clarinet_41,14,0.096,1215.32,87,-41
clarinet_41,15,0.090,2444.09,99,-32
clarinet_41,16,0.089,868.084,81,-24
clarinet_41,17,0.079,516.813,72,-21
clarinet_41,18,0.076,1231.47,87,-18
clarinet_41,19,0.071,532.963,72,32
clarinet_41,20,0.068,880.197,81,0
clarinet_41,21,0.057,511.429,72,-40
clarinet_41,22,0.055,1209.93,87,-49
clarinet_41,23,0.052,1566.59,91,-2
clarinet_41,24,0.052,2094.17,96,1
clarinet_42,1,1.000,554.497,73,0
clarinet_42,2,0.878,184.384,54,-6
clarinet_42,3,0.655,1664.84,92,4
clarinet_42,4,0.521,924.61,82,-14
clarinet_42,5,0.288,1294.72,88,-32
clarinet_42,6,0.176,1108.99,85,0
clarinet_42,7,0.174,550.459,73,-12
clarinet_42,8,0.167,2219.33,97,1
clarinet_42,9,0.158,558.535,73,13
clarinet_42,10,0.150,188.421,54,32
clarinet_42,11,0.150,180.346,54,-44
clarinet_42,12,0.114,2959.56,102,0
clarinet_42,13,0.113,2773.83,101,-12
clarinet_42,14,0.107,2033.6,96,-50
clarinet_42,15,0.105,2405.06,98,41
clarinet_42,16,0.088,546.422,73,-25
clarinet_42,17,0.086,1670.22,92,9
clarinet_42,18,0.084,1479.11,90,-1
clarinet_42,19,0.083,738.881,78,-3
clarinet_42,20,0.079,928.648,82,-7
clarinet_42,21,0.077,3143.94,103,4
clarinet_42,22,0.074,562.572,73,25
clarinet_42,23,0.073,192.459,55,-32
clarinet_42,24,0.073,176.308,53,17
clarinet_42,25,0.059,1849.22,94,-14
clarinet_42,26,0.058,1658.11,92,-3
clarinet_42,27,0.055,542.384,73,-38
clarinet_42,28,0.051,196.496,55,4
clarinet_43,1,1.000,195.151,55,-7
clarinet_43,2,0.747,586.798,74,-2
clarinet_43,3,0.536,979.791,83,-14
clarinet_43,4,0.250,1371.44,89,-32
clarinet_43,5,0.201,1174.94,86,0
clarinet_43,6,0.185,199.188,55,28
clarinet_43,7,0.148,1566.59,91,-2
clarinet_43,8,0.147,191.113,55,-44
clarinet_43,9,0.109,783.294,79,-2
clarinet_43,10,0.096,3134.52,103,-1
clarinet_43,11,0.089,581.414,74,-18
clarinet_43,12,0.088,593.527,74,18
clarinet_43,13,0.087,1959.58,95,-14
clarinet_43,14,0.086,203.226,56,-37
clarinet_43,15,0.083,2351.23,98,1
clarinet_43,16,0.073,187.075,54,19
clarinet_43,17,0.072,985.174,83,-5
clarinet_43,18,0.056,207.263,56,-3
clarinet_43,19,0.055,577.377,74,-30
clarinet_44,1,1.000,1037.66,84,-15
clarinet_44,2,0.908,621.79,75,-1
clarinet_44,3,0.529,207.263,56,-3
clarinet_44,4,0.371,1453.54,90,-31
clarinet_44,5,0.198,1244.93,87,1
clarinet_44,6,0.174,1033.63,84,-21
clarinet_44,7,0.172,1041.7,84,-8
clarinet_44,8,0.159,2283.94,98,-49
clarinet_44,9,0.127,1660.8,92,0
clarinet_44,10,0.117,616.407,75,-16
clarinet_44,11,0.102,1868.06,94,3
clarinet_44,12,0.100,628.52,75,17
clarinet_44,13,0.088,830.399,80,0
clarinet_44,14,0.085,1029.59,84,-28
clarinet_44,15,0.083,1045.74,84,-1
clarinet_44,16,0.070,612.369,75,-28
clarinet_44,17,0.066,2075.33,96,-15
clarinet_44,18,0.063,2907.07,102,-31
clarinet_44,19,0.060,2491.2,99,2
clarinet_44,20,0.057,1025.55,84,-35
clarinet_44,21,0.057,632.557,75,28
clarinet_44,22,0.056,1049.78,84,5
clarinet_45,1,1.000,1099.57,85,-14
clarinet_45,2,0.988,659.474,76,1
clarinet_45,3,0.842,219.376,57,-5
clarinet_45,4,0.281,1539.67,91,-32
clarinet_45,5,0.224,1759.05,93,-1
clarinet_45,6,0.188,1095.54,85,-21
clarinet_45,7,0.176,655.437,76,-10
clarinet_45,8,0.169,663.512,76,11
clarinet_45,9,0.164,1103.61,85,-8
clarinet_45,10,0.150,2419.87,99,-49
clarinet_45,11,0.150,215.339,57,-37
clarinet_45,12,0.142,223.414,57,27
clarinet_45,13,0.118,2639.24,100,1
clarinet_45,14,0.118,1318.95,88,1
clarinet_45,15,0.091,2859.97,101,41
clarinet_45,16,0.089,1091.5,85,-27
clarinet_45,17,0.089,1979.77,95,4
clarinet_45,18,0.086,651.399,76,-21
clarinet_45,19,0.080,878.851,81,-2
clarinet_45,20,0.079,667.55,76,22
clarinet_45,21,0.075,1107.65,85,-2
clarinet_45,22,0.073,211.301,56,30
clarinet_45,23,0.069,227.451,58,-42
clarinet_45,24,0.060,2199.15,97,-14
clarinet_45,25,0.058,1087.46,85,-34
clarinet_45,26,0.057,3079.34,103,-32
clarinet_45,27,0.056,671.587,76,32
clarinet_45,28,0.053,647.362,76,-32
clarinet_45,29,0.051,1111.69,85,5
clarinet_46,1,1.000,1164.17,86,-16
clarinet_46,2,0.712,232.835,58,-2
clarinet_46,3,0.369,698.505,77,0
clarinet_46,4,0.237,2096.86,96,3
clarinet_46,5,0.144,1631.19,92,-32
clarinet_46,6,0.134,1158.79,86,-24
clarinet_46,7,0.113,1170.9,86,-6
clarinet_46,8,0.090,238.218,58,38
clarinet_46,9,0.079,1154.75,86,-30
clarinet_46,10,0.075,1398.36,89,2
clarinet_46,11,0.073,226.106,57,47
clarinet_46,12,0.066,1174.94,86,0
clarinet_46,13,0.063,702.542,77,10
clarinet_46,14,0.062,694.467,77,-10
clarinet_46,15,0.057,2562.53,100,-50
clarinet_46,16,0.056,1150.72,86,-36
clarinet_46,17,0.052,242.256,59,-33
clarinet_46,18,0.050,3262.38,104,-32
clarinet_47,1,1.000,246.294,59,-5
clarinet_47,2,0.489,740.226,78,1
clarinet_47,3,0.484,1728.09,93,-32
clarinet_47,4,0.367,1234.16,87,-14
clarinet_47,5,0.206,2222.03,97,4
clarinet_47,6,0.173,250.331,59,24
clarinet_47,7,0.170,242.256,59,-33
clarinet_47,8,0.132,2962.25,102,1
clarinet_47,9,0.116,1480.45,90,1
clarinet_47,10,0.110,2715.96,101,-49
clarinet_47,11,0.092,1732.13,93,-28
clarinet_47,12,0.089,744.264,78,10
clarinet_47,13,0.085,254.369,60,-49
clarinet_47,14,0.083,238.218,58,38
clarinet_47,15,0.083,1724.05,93,-36
clarinet_47,16,0.081,736.189,78,-9
clarinet_47,17,0.077,2468.32,99,-14
clarinet_47,18,0.070,1238.2,87,-9
clarinet_47,19,0.064,1230.12,87,-20
clarinet_47,20,0.056,258.406,60,-21
clarinet_47,21,0.055,3209.89,103,40
clarinet_47,22,0.054,234.181,58,8
clarinet_48,1,1.000,261.098,60,-3
clarinet_48,2,0.700,784.64,79,1
clarinet_48,3,0.184,257.06,60,-30
clarinet_48,4,0.157,265.136,60,23
clarinet_48,5,0.109,1569.28,91,1
clarinet_48,6,0.094,1306.84,88,-15
clarinet_48,7,0.094,2092.82,96,0
clarinet_48,8,0.087,253.023,59,42
clarinet_48,9,0.077,269.173,60,49
clarinet_48,10,0.067,777.911,79,-13
clarinet_48,11,0.066,1831.72,94,-31
clarinet_48,12,0.058,2353.92,98,3
clarinet_48,13,0.057,248.985,59,14
clarinet_48,14,0.052,273.211,61,-25
clarinet_49,1,1.000,830.399,80,0
clarinet_49,2,0.739,275.903,61,-8
clarinet_49,3,0.534,1662.14,92,1
clarinet_49,4,0.468,1384.9,89,-15
clarinet_49,5,0.178,2771.14,101,-14
clarinet_49,6,0.128,2216.64,97,-1
clarinet_49,7,0.117,825.016,80,-12
clarinet_49,8,0.114,2493.89,99,3
clarinet_49,9,0.107,837.129,80,14
clarinet_49,10,0.103,1939.39,95,-32
clarinet_49,11,0.093,270.519,61,-42
clarinet_49,12,0.091,282.632,61,34
clarinet_49,13,0.089,1107.65,85,-2
clarinet_49,14,0.067,820.978,80,-20
clarinet_49,15,0.066,1379.51,89,-22
clarinet_49,16,0.064,841.166,80,22
clarinet_49,17,0.062,1658.11,92,-3
clarinet_49,18,0.055,266.482,60,32
clarinet_49,19,0.055,286.67,62,-42
clarinet_49,20,0.053,3048.39,103,-49
clarinet_49,21,0.053,1670.22,92,9
clarinet_50,1,1.000,1468.34,90,-14
clarinet_50,2,0.895,880.197,81,0
clarinet_50,3,0.504,1761.74,93,2
clarinet_50,4,0.345,293.399,62,-2
clarinet_50,5,0.285,2641.94,100,3
clarinet_50,6,0.239,2348.54,98,-1
clarinet_50,7,0.221,1173.6,86,-2
clarinet_50,8,0.162,884.234,81,8
clarinet_50,9,0.139,876.159,81,-8
clarinet_50,10,0.127,3230.08,104,-49
clarinet_50,11,0.114,1473.72,90,-7
clarinet_50,12,0.106,2055.14,96,-32
clarinet_50,13,0.103,2935.33,102,-14
clarinet_50,14,0.101,1461.61,90,-22
clarinet_50,15,0.086,888.272,81,16
clarinet_50,16,0.078,586.798,74,-2
clarinet_50,17,0.067,1477.76,90,-3
clarinet_50,18,0.062,1457.57,90,-26
clarinet_50,19,0.058,872.121,81,-16
clarinet_50,20,0.054,3523.48,105,2
clarinet_50,21,0.054,2352.57,98,2
clarinet_50,22,0.051,1767.12,93,7
clarinet_51,1,1.000,1554.48,91,-15
clarinet_51,2,0.896,310.895,63,-1
clarinet_51,3,0.705,932.685,82,1
clarinet_51,4,0.499,1866.72,94,2
clarinet_51,5,0.448,1243.58,87,-1
clarinet_51,6,0.376,2799.4,101,3
clarinet_51,7,0.164,621.79,75,-1
clarinet_51,8,0.147,928.648,82,-7
clarinet_51,9,0.123,936.723,82,8
clarinet_51,10,0.112,316.279,63,28
clarinet_51,11,0.110,3110.3,103,-14
clarinet_51,12,0.092,2795.36,101,1
clarinet_51,13,0.091,2488.51,99,0
clarinet_51,14,0.090,1561.2,91,-7
clarinet_51,15,0.088,304.166,63,-39
clarinet_51,16,0.082,1247.62,87,4
clarinet_51,17,0.070,940.761,82,16
clarinet_51,18,0.067,924.61,82,-14
clarinet_51,19,0.063,2176.27,97,-32
clarinet_51,20,0.062,1545.05,91,-25
clarinet_51,21,0.062,320.316,64,-50
clarinet_51,22,0.061,2803.44,101,6
clarinet_51,23,0.057,300.128,62,38
clarinet_51,24,0.054,1565.24,91,-3
clarinet_52,1,1.000,328.391,64,-7
clarinet_52,2,0.763,1647.34,92,-15
clarinet_52,3,0.426,987.866,83,0
clarinet_52,4,0.321,2306.81,98,-32
clarinet_52,5,0.217,1977.08,95,1
clarinet_52,6,0.160,1317.6,88,-1
clarinet_52,7,0.133,323.008,64,-35
clarinet_52,8,0.125,335.121,64,29
clarinet_52,9,0.103,2636.55,100,0
clarinet_52,10,0.099,1643.3,92,-19
clarinet_52,11,0.080,318.97,63,43
clarinet_52,12,0.072,339.158,64,49
clarinet_52,13,0.067,1655.42,92,-6
clarinet_52,14,0.059,314.933,63,21
clarinet_52,15,0.058,3296.03,104,-14
clarinet_52,16,0.052,1981.12,95,5
clarinet_52,17,0.052,1637.92,92,-24
clarinet_52,18,0.051,982.482,83,-9
clarinet_53,1,1.000,348.579,65,-3
clarinet_53,2,0.486,1047.08,84,1
clarinet_53,3,0.460,1745.59,93,-14
clarinet_53,4,0.351,2444.09,99,-32
clarinet_53,5,0.178,344.542,65,-23
clarinet_53,6,0.172,352.617,65,17
clarinet_53,7,0.153,2094.17,96,1
clarinet_53,8,0.111,2792.67,101,-1
clarinet_53,9,0.093,1395.66,89,-2
clarinet_53,10,0.090,1043.05,84,-6
clarinet_53,11,0.088,340.504,65,-44
clarinet_53,12,0.082,356.655,65,36
clarinet_53,13,0.079,1051.12,84,8
clarinet_53,14,0.073,3142.6,103,4
clarinet_53,15,0.073,1741.55,93,-18
clarinet_53,16,0.062,1749.63,93,-10
clarinet_53,17,0.057,336.467,64,36
clarinet_53,18,0.054,360.692,66,-44
clarinet_54,1,1.000,368.767,66,-6
clarinet_54,2,0.310,1108.99,85,0
clarinet_54,3,0.291,2589.45,100,-32
clarinet_54,4,0.263,1849.22,94,-14
clarinet_54,5,0.262,2219.33,97,1
clarinet_54,6,0.131,363.384,66,-31
clarinet_54,7,0.114,375.497,66,26
clarinet_54,8,0.114,1479.11,90,-1
clarinet_54,9,0.076,359.346,65,49
clarinet_54,10,0.071,379.534,66,44
clarinet_54,11,0.055,355.309,65,30
clarinet_54,12,0.055,2959.56,102,0
clarinet_54,13,0.055,2223.37,97,5
clarinet_55,1,1.000,391.647,67,-2
clarinet_55,2,0.919,1567.93,91,0
clarinet_55,3,0.560,1174.94,86,0
clarinet_55,4,0.467,1959.58,95,-14
clarinet_55,5,0.352,2742.88,101,-32
clarinet_55,6,0.182,2351.23,98,1
clarinet_55,7,0.125,783.294,79,-2
clarinet_55,8,0.121,3135.87,103,0
clarinet_55,9,0.116,1955.54,95,-18
clarinet_55,10,0.113,1561.2,91,-7
clarinet_55,11,0.099,1573.32,91,6
clarinet_55,12,0.089,384.918,67,-32
clarinet_55,13,0.075,3527.52,105,4
clarinet_55,14,0.071,1169.56,86,-8
clarinet_55,15,0.067,1577.36,91,10
clarinet_55,16,0.067,401.068,67,40
clarinet_55,17,0.064,1963.62,95,-10
clarinet_55,18,0.057,1557.17,91,-12
clarinet_55,19,0.056,379.534,66,44
clarinet_55,20,0.053,2737.49,101,-35
clarinet_55,21,0.051,1951.51,95,-21
clarinet_56,1,1.000,414.527,68,-3
clarinet_56,2,0.293,1244.93,87,1
clarinet_56,3,0.223,1660.8,92,0
clarinet_56,4,0.182,418.564,68,14
clarinet_56,5,0.158,410.489,68,-20
clarinet_56,6,0.089,422.602,68,30
clarinet_56,7,0.080,406.452,68,-37
clarinet_56,8,0.073,2075.33,96,-15
clarinet_56,9,0.065,2491.2,99,2
clarinet_56,10,0.058,426.64,68,47
clarinet_56,11,0.055,830.399,80,0
clarinet_56,12,0.054,402.414,67,45
clarinet_57,1,1.000,438.752,69,-5
clarinet_57,2,0.244,1318.95,88,1
clarinet_57,3,0.151,1759.05,93,-1
clarinet_57,4,0.126,433.369,69,-26
clarinet_57,5,0.119,445.482,69,21
clarinet_57,6,0.078,878.851,81,-2
clarinet_57,7,0.075,429.331,69,-42
clarinet_57,8,0.070,449.519,69,37
clarinet_57,9,0.053,425.294,68,41
clarinet_58,1,1.000,465.67,70,-2
clarinet_58,2,0.333,1397.01,89,0
clarinet_58,3,0.151,469.707,70,13
clarinet_58,4,0.120,2329.69,98,-15
clarinet_58,5,0.111,1864.02,94,-1
clarinet_58,6,0.105,2796.71,101,2
clarinet_58,7,0.086,457.595,70,-32
clarinet_58,8,0.075,473.745,70,28
clarinet_58,9,0.060,931.339,82,-2
clarinet_58,10,0.057,453.557,70,-47
clarinet_58,11,0.057,3262.38,104,-32
clarinet_58,12,0.051,1403.74,89,8
clarinet_59,1,1.000,492.587,71,-5
clarinet_59,2,0.615,1480.45,90,1
clarinet_59,3,0.228,1974.39,95,-1
clarinet_59,4,0.146,986.52,83,-2
clarinet_59,5,0.145,488.549,71,-19
clarinet_59,6,0.095,500.662,71,24
clarinet_59,7,0.082,1476.42,90,-4
clarinet_59,8,0.075,484.512,71,-33
clarinet_59,9,0.063,504.7,71,38
clarinet_59,10,0.060,3950.12,107,0
clarinet_59,11,0.058,1488.53,90,10
clarinet_59,12,0.055,3456.18,105,-32
clarinet_59,13,0.050,479.128,70,47
clarinet_60,1,1.000,522.196,72,-3
clarinet_60,2,0.446,1569.28,91,1
clarinet_60,3,0.119,1045.74,84,-1
clarinet_60,4,0.092,528.925,72,19
clarinet_60,5,0.071,512.775,72,-35
clarinet_60,6,0.058,2092.82,96,0
clarinet_60,7,0.056,534.309,72,36
clarinet_60,8,0.050,508.737,72,-49
clarinet_61,1,1.000,553.151,73,-4
clarinet_61,2,0.534,1662.14,92,1
clarinet_61,3,0.131,547.768,73,-21
clarinet_61,4,0.114,559.88,73,17
clarinet_61,5,0.100,2216.64,97,-1
clarinet_61,6,0.099,1107.65,85,-2
clarinet_61,7,0.090,2771.14,101,-14
clarinet_61,8,0.077,543.73,73,-34
clarinet_61,9,0.067,563.918,73,30
clarinet_61,10,0.053,3325.64,104,2
clarinet_61,11,0.053,539.692,73,-46
clarinet_62,1,1.000,586.798,74,-2
clarinet_62,2,0.215,1761.74,93,2
clarinet_62,3,0.201,1173.6,86,-2
clarinet_62,4,0.186,582.76,74,-14
clarinet_62,5,0.150,590.835,74,10
clarinet_62,6,0.144,2348.54,98,-1
clarinet_62,7,0.085,578.722,74,-26
clarinet_62,8,0.079,594.873,74,22
clarinet_62,9,0.058,574.685,74,-38
clarinet_62,10,0.051,598.91,74,34
clarinet_63,1,1.000,621.79,75,-1
clarinet_63,2,0.136,625.828,75,10
clarinet_63,3,0.123,1243.58,87,-1
clarinet_63,4,0.085,613.715,75,-24
clarinet_63,5,0.069,629.865,75,21
clarinet_63,6,0.063,1865.37,94,1
clarinet_63,7,0.057,609.677,75,-35
clarinet_64,1,1.000,658.129,76,-3
clarinet_64,2,0.486,1317.6,88,-1
clarinet_64,3,0.125,652.745,76,-17
clarinet_64,4,0.121,1977.08,95,1
clarinet_64,5,0.119,2636.55,100,0
clarinet_64,6,0.100,664.858,76,15
clarinet_64,7,0.073,648.708,76,-28
clarinet_64,8,0.068,1313.57,88,-7
clarinet_64,9,0.061,668.896,76,25
clarinet_64,10,0.053,644.67,76,-39
clarinet_65,1,1.000,697.159,77,-3
clarinet_65,2,0.899,1395.66,89,-2
clarinet_65,3,0.473,2094.17,96,1
clarinet_65,4,0.119,2792.67,101,-1
clarinet_65,5,0.112,691.775,77,-17
clarinet_65,6,0.111,703.888,77,13
clarinet_65,7,0.104,2098.21,96,4
clarinet_65,8,0.101,3491.18,105,-14
clarinet_65,9,0.081,1402.39,89,7
clarinet_65,10,0.071,687.738,77,-27
clarinet_65,11,0.062,1386.24,89,-13
clarinet_65,12,0.061,707.926,77,23
clarinet_65,13,0.050,1406.43,89,12
clarinet_66,1,1.000,738.881,78,-3
clarinet_66,2,0.705,1479.11,90,-1
clarinet_66,3,0.403,2219.33,97,1
clarinet_66,4,0.134,733.497,78,-15
clarinet_66,5,0.129,1475.07,90,-6
clarinet_66,6,0.114,1483.14,90,4
clarinet_66,7,0.114,3698.44,106,-14
clarinet_66,8,0.094,745.61,78,13
clarinet_66,9,0.070,729.46,78,-25
clarinet_66,10,0.062,1471.03,90,-10
clarinet_66,11,0.059,749.648,78,22
clarinet_66,12,0.057,2959.56,102,0
clarinet_66,13,0.056,1487.18,90,8
clarinet_66,14,0.050,725.422,78,-34
clarinet_67,1,1.000,783.294,79,-2
clarinet_67,2,0.679,1566.59,91,-2
clarinet_67,3,0.201,2351.23,98,1
clarinet_67,4,0.172,779.257,79,-10
clarinet_67,5,0.164,787.332,79,7
clarinet_67,6,0.088,775.219,79,-19
clarinet_67,7,0.082,3134.52,103,-1
clarinet_67,8,0.081,791.369,79,16
clarinet_67,9,0.081,1573.32,91,6
clarinet_67,10,0.080,1561.2,91,-7
clarinet_67,11,0.057,771.181,79,-29
clarinet_67,12,0.053,795.407,79,25
clarinet_67,13,0.051,1557.17,91,-12
clarinet_68,1,1.000,830.399,80,0
clarinet_68,2,0.730,1660.8,92,0
clarinet_68,3,0.123,835.783,80,11
clarinet_68,4,0.110,823.67,80,-15
clarinet_68,5,0.095,1664.84,92,4
clarinet_68,6,0.088,2491.2,99,2
clarinet_68,7,0.074,839.821,80,19
clarinet_68,8,0.065,1652.72,92,-9
clarinet_68,9,0.065,3321.6,104,0
clarinet_68,10,0.062,819.633,80,-23
clarinet_68,11,0.052,1670.22,92,9
clarinet_68,12,0.051,4152,108,-14
clarinet_68,13,0.051,843.858,80,27
clarinet_69,1,1.000,878.851,81,-2
clarinet_69,2,0.501,1759.05,93,-1
clarinet_69,3,0.123,873.467,81,-13
clarinet_69,4,0.114,3519.44,105,0
clarinet_69,5,0.112,885.58,81,11
clarinet_69,6,0.110,2639.24,100,1
clarinet_69,7,0.081,869.43,81,-21
clarinet_69,8,0.066,1755.01,93,-5
clarinet_69,9,0.062,889.618,81,19
clarinet_69,10,0.051,865.392,81,-29
clarinet_70,1,1.000,931.339,82,-2
clarinet_70,2,0.473,2796.71,101,2
clarinet_70,3,0.186,1864.02,94,-1
clarinet_70,4,0.141,927.302,82,-9
clarinet_70,5,0.081,939.415,82,13
clarinet_70,6,0.073,923.264,82,-17
clarinet_70,7,0.068,4660.73,110,-14
clarinet_70,8,0.061,3728.05,106,-1
clarinet_70,9,0.054,2789.98,101,-2
clarinet_70,10,0.053,943.452,82,21
clarinet_70,11,0.051,2802.09,101,5
clarinet_71,1,1.000,986.52,83,-2
clarinet_71,2,0.149,1974.39,95,-1
clarinet_71,3,0.126,981.137,83,-12
clarinet_71,4,0.122,993.249,83,10
clarinet_71,5,0.077,977.099,83,-19
clarinet_71,6,0.069,997.287,83,17
clarinet_71,7,0.054,973.061,83,-26
clarinet_71,8,0.050,1001.32,83,24
clarinet_72,1,1.000,1045.74,84,-1
clarinet_72,2,0.210,3138.56,103,1
clarinet_72,3,0.188,1049.78,84,5
clarinet_72,4,0.161,1041.7,84,-8
clarinet_72,5,0.085,1053.81,84,12
clarinet_72,6,0.082,1037.66,84,-15
clarinet_72,7,0.081,2092.82,96,0
clarinet_72,8,0.057,1057.85,84,19
clarinet_72,9,0.053,1033.63,84,-21
cowbell,1,1.000,648.708,76,-28
cowbell,2,0.816,644.67,76,-39
cowbell,3,0.722,641.978,76,-46
cowbell,4,0.534,637.941,75,43
cowbell,5,0.402,635.249,75,36
cowbell,6,0.306,631.211,75,25
cowbell,7,0.288,655.437,76,-10
cowbell,8,0.228,3279.88,104,-22
cowbell,9,0.201,628.52,75,17
cowbell,10,0.190,659.474,76,1
cowbell,11,0.165,3283.91,104,-20
cowbell,12,0.158,624.482,75,6
cowbell,13,0.129,662.166,76,8
cowbell,14,0.122,2994.55,102,20
cowbell,15,0.121,668.896,76,25
cowbell,16,0.120,672.933,76,36
cowbell,17,0.113,666.204,76,18
cowbell,18,0.112,2998.59,102,22
cowbell,19,0.110,710.617,77,30
cowbell,20,0.110,1253,87,12
cowbell,21,0.108,675.625,76,42
cowbell,22,0.108,2991.86,102,19
cowbell,23,0.105,3286.61,104,-19
cowbell,24,0.103,717.347,77,46
cowbell,25,0.102,621.79,75,-1
cowbell,26,0.101,706.58,77,20
cowbell,27,0.100,2987.82,102,16
cowbell,28,0.100,699.85,77,3
cowbell,29,0.099,703.888,77,13
cowbell,30,0.099,713.309,77,36
cowbell,31,0.098,724.076,78,-38
cowbell,32,0.097,617.753,75,-13
cowbell,33,0.093,697.159,77,-3
cowbell,34,0.090,693.121,77,-13
cowbell,35,0.088,679.662,77,-47
cowbell,36,0.088,3001.28,102,24
cowbell,37,0.084,728.114,78,-28
cowbell,38,0.084,3273.15,104,-26
cowbell,39,0.081,721.384,78,-44
cowbell,40,0.081,730.805,78,-22
cowbell,41,0.075,686.392,77,-30
cowbell,42,0.074,2985.13,102,15
cowbell,43,0.073,613.715,75,-24
cowbell,44,0.072,7034.84,117,-1
cowbell,45,0.071,3005.32,102,26
cowbell,46,0.071,2981.09,102,12
cowbell,47,0.070,611.023,75,-32
cowbell,48,0.070,7028.11,117,-3
cowbell,49,0.069,690.429,77,-20
cowbell,50,0.069,7030.81,117,-2
drums_36,1,1.000,378.188,66,38
drums_36,2,0.401,4.0376,0,0
drums_36,3,0.273,555.843,73,5
drums_36,4,0.217,415.873,68,2
drums_36,5,0.204,248.985,59,14
drums_36,6,0.187,243.602,59,-24
drums_36,7,0.113,231.489,58,-12
drums_36,8,0.059,17.4963,13,17
drums_37,1,1.000,11373.9,125,30
drums_37,2,0.986,11532.7,126,-45
drums_37,3,0.929,11380.6,125,32
drums_37,4,0.898,11371.2,125,30
drums_37,5,0.890,11513.9,126,-48
drums_37,6,0.882,11530,126,-46
drums_37,7,0.882,11523.3,126,-47
drums_37,8,0.879,11516.6,126,-48
drums_37,9,0.878,11675.4,126,-24
drums_37,10,0.877,11390.1,125,33
drums_37,11,0.871,11535.4,126,-45
drums_37,12,0.867,11383.3,125,32
drums_37,13,0.857,11376.6,125,31
drums_37,14,0.856,7071.18,117,8
drums_37,15,0.837,11526,126,-47
drums_37,16,0.826,11542.1,126,-44
drums_37,17,0.826,11539.5,126,-44
drums_37,18,0.815,11672.7,126,-25
drums_37,19,0.812,11364.5,125,29
drums_37,20,0.809,11367.2,125,29
drums_37,21,0.801,8334.95,120,-8
drums_37,22,0.800,11392.8,125,33
drums_37,23,0.786,11682.1,126,-23
drums_37,24,0.778,11507.2,126,-49
drums_37,25,0.762,7068.49,117,7
drums_37,26,0.745,11679.4,126,-24
drums_37,27,0.737,11520.6,126,-47
drums_37,28,0.723,7080.6,117,10
drums_37,29,0.712,11504.5,126,-50
drums_37,30,0.711,11453.3,125,43
drums_37,31,0.711,7064.45,117,6
drums_37,32,0.709,7073.87,117,8
drums_37,33,0.707,11450.6,125,42
drums_37,34,0.704,7077.91,117,9
drums_37,35,0.702,11684.8,126,-23
drums_37,36,0.692,11418.3,125,37
drums_37,37,0.691,11126.3,125,-8
drums_37,38,0.682,11647.1,126,-28
drums_37,39,0.682,11386,125,32
drums_37,40,0.672,8332.26,120,-8
drums_37,41,0.666,11119.5,125,-9
drums_37,42,0.664,11544.8,126,-44
drums_37,43,0.661,11511.2,126,-49
drums_37,44,0.661,11116.9,125,-9
drums_37,45,0.648,8369.94,120,0
drums_37,46,0.645,11666,126,-26
drums_37,47,0.643,7061.76,117,5
drums_37,48,0.643,11656.5,126,-27
drums_37,49,0.638,11548.9,126,-43
drums_37,50,0.638,11399.5,125,34
drums_38,1,1.000,378.188,66,38
drums_38,2,0.240,555.843,73,5
drums_38,3,0.158,243.602,59,-24
drums_38,4,0.145,248.985,59,14
drums_38,5,0.139,415.873,68,2
drums_38,6,0.105,4.0376,0,0
drums_38,7,0.098,231.489,58,-12
drums_38,8,0.064,14.8045,10,28
drums_39,1,1.000,223.41,57,27
drums_39,2,0.904,226.102,57,47
drums_39,3,0.649,228.794,58,-32
drums_39,4,0.549,220.719,57,6
drums_39,5,0.549,231.485,58,-12
drums_39,6,0.446,233.504,58,3
drums_39,7,0.424,168.231,52,36
drums_39,8,0.409,170.922,53,-37
drums_39,9,0.393,165.539,52,8
drums_39,10,0.351,236.196,58,23
drums_39,11,0.330,323.676,64,-32
drums_39,12,0.314,162.847,52,-21
drums_39,13,0.313,172.941,53,-17
drums_39,14,0.302,246.963,59,0
drums_39,15,0.297,238.888,58,43
drums_39,16,0.296,328.386,64,-7
drums_39,17,0.294,325.695,64,-21
drums_39,18,0.286,149.389,50,30
drums_39,19,0.283,244.271,59,-19
drums_39,20,0.282,218.027,57,-16
drums_39,21,0.280,241.579,59,-38
drums_39,22,0.278,152.081,51,-39
drums_39,23,0.278,468.354,70,8
drums_39,24,0.271,249.654,59,19
drums_39,25,0.271,465.663,70,-2
drums_39,26,0.268,255.038,60,-44
drums_39,27,0.261,331.078,64,8
drums_39,28,0.250,257.729,60,-26
drums_39,29,0.246,252.346,59,37
drums_39,30,0.234,160.156,52,-50
drums_39,31,0.234,147.37,50,6
drums_39,32,0.233,175.633,53,10
drums_39,33,0.225,333.77,64,22
drums_39,34,0.225,154.772,51,-9
drums_39,35,0.220,470.373,70,16
drums_39,36,0.214,260.421,60,-8
drums_39,37,0.214,320.984,64,-46
drums_39,38,0.214,178.325,53,36
drums_39,39,0.213,360.014,66,-47
drums_39,40,0.212,157.464,51,21
drums_39,41,0.212,462.971,70,-12
drums_39,42,0.210,307.526,63,-20
drums_39,43,0.209,362.705,66,-34
drums_39,44,0.205,181.016,54,-38
drums_39,45,0.201,349.92,65,3
drums_39,46,0.201,144.678,50,-26
drums_39,47,0.199,365.397,66,-22
drums_39,48,0.197,310.217,63,-5
drums_39,49,0.196,357.322,65,40
drums_39,50,0.190,183.708,54,-12
drums_41,1,1.000,242.252,59,-33
drums_41,2,0.997,227.448,58,-42
drums_41,3,0.962,229.467,58,-27
drums_41,4,0.949,244.944,59,-14
drums_41,5,0.840,239.561,58,47
drums_41,6,0.817,232.158,58,-7
drums_41,7,0.794,234.85,58,13
drums_41,8,0.738,236.869,58,28
drums_41,9,0.706,246.963,59,0
drums_41,10,0.684,224.756,57,37
drums_41,11,0.356,222.065,57,16
drums_41,12,0.337,249.654,59,19
drums_41,13,0.198,252.346,59,37
drums_41,14,0.181,220.046,57,0
drums_41,15,0.165,257.057,60,-30
drums_41,16,0.164,254.365,60,-49
drums_41,17,0.163,217.354,57,-21
drums_41,18,0.152,259.748,60,-12
drums_41,19,0.145,264.459,60,19
drums_41,20,0.141,262.44,60,5
drums_41,21,0.139,267.15,60,36
drums_41,22,0.131,214.662,57,-43
drums_41,23,0.118,269.842,61,-46
drums_41,24,0.116,211.971,56,36
drums_41,25,0.102,271.861,61,-34
drums_41,26,0.101,209.952,56,19
drums_41,27,0.099,207.26,56,-3
drums_41,28,0.095,274.553,61,-17
drums_41,29,0.087,204.569,56,-26
drums_41,30,0.085,277.244,61,0
drums_41,31,0.077,284.646,61,46
drums_41,32,0.075,279.936,61,17
drums_41,33,0.074,281.955,61,30
drums_41,34,0.071,201.877,56,-49
drums_41,35,0.070,287.338,62,-38
drums_41,36,0.069,199.858,55,34
drums_41,37,0.064,197.166,55,10
drums_41,38,0.062,292.049,62,-10
drums_41,39,0.062,289.357,62,-26
drums_41,40,0.062,294.74,62,6
drums_41,41,0.056,297.432,62,22
drums_41,42,0.053,299.451,62,34
drums_41,43,0.053,194.475,55,-14
drums_41,44,0.051,359.341,65,49
drums_41,45,0.050,302.142,62,49
drums_42,1,1.000,7790.43,119,-25
drums_42,2,0.958,7999.03,119,21
drums_42,3,0.917,7792.45,119,-24
drums_42,4,0.883,7785.72,119,-26
drums_42,5,0.835,7787.74,119,-25
drums_42,6,0.834,7795.14,119,-24
drums_42,7,0.810,7994.32,119,20
drums_42,8,0.802,7996.34,119,21
drums_42,9,0.793,8001.05,119,22
drums_42,10,0.752,7989.61,119,19
drums_42,11,0.725,8003.74,119,22
drums_42,12,0.717,7746.02,119,-35
drums_42,13,0.716,13352.1,128,0
drums_42,14,0.711,8305.89,120,-14
drums_42,15,0.709,7694.2,119,-46
drums_42,16,0.704,8303.87,120,-14
drums_42,17,0.700,12016.4,126,26
drums_42,18,0.696,7743.32,119,-35
drums_42,19,0.695,7984.9,119,18
drums_42,20,0.689,7741.3,119,-36
drums_42,21,0.689,12018.4,126,26
drums_42,22,0.685,12778.1,127,32
drums_42,23,0.682,7733.9,119,-37
drums_42,24,0.671,7696.89,119,-46
drums_42,25,0.663,7992.3,119,20
drums_42,26,0.663,13350.1,128,0
drums_42,27,0.662,7736.59,119,-37
drums_42,28,0.656,8301.18,120,-15
drums_42,29,0.655,12775.4,127,32
drums_42,30,0.649,12011.7,126,25
drums_42,31,0.647,7783.7,119,-26
drums_42,32,0.646,12021.1,126,26
drums_42,33,0.642,7738.61,119,-36
drums_42,34,0.640,12780.2,127,32
drums_42,35,0.640,12013.7,126,25
drums_42,36,0.635,7987.59,119,19
drums_42,37,0.631,7698.91,119,-45
drums_42,38,0.618,7692.18,119,-47
drums_42,39,0.617,13347.4,128,0
drums_42,40,0.615,12773.4,127,31
drums_42,41,0.614,9440.43,122,8
drums_42,42,0.613,7781.01,119,-27
drums_42,43,0.613,7689.49,119,-47
drums_42,44,0.612,12056.1,126,31
drums_42,45,0.610,13354.8,128,0
drums_42,46,0.608,13031.2,128,-34
drums_42,47,0.608,7797.16,119,-23
drums_42,48,0.604,12569.5,127,4
drums_42,49,0.604,12564.8,127,3
drums_42,50,0.604,7422.34,118,-8
drums_43,1,1.000,359.346,65,49
drums_43,2,0.076,244.948,59,-14
drums_43,3,0.075,226.106,57,47
drums_44,1,1.000,7586.65,118,29
drums_44,2,0.988,7583.96,118,29
drums_44,3,0.924,7574.54,118,27
drums_44,4,0.855,7577.23,118,27
drums_44,5,0.842,7581.26,118,28
drums_44,6,0.842,7589.34,118,30
drums_44,7,0.760,12010.5,126,25
drums_44,8,0.756,7571.84,118,26
drums_44,9,0.710,12007.8,126,24
drums_44,10,0.680,7649.9,118,44
drums_44,11,0.663,7647.21,118,43
drums_44,12,0.658,12019.9,126,26
drums_44,13,0.649,12017.2,126,26
drums_44,14,0.642,7372.66,118,-20
drums_44,15,0.632,7593.38,118,31
drums_44,16,0.627,12013.2,126,25
drums_44,17,0.603,7022.73,117,-4
drums_44,18,0.593,7369.96,118,-21
drums_44,19,0.592,7652.6,118,44
drums_44,20,0.578,12022.6,126,27
drums_44,21,0.574,11295.9,125,19
drums_44,22,0.573,11293.2,125,18
drums_44,23,0.573,7333.63,118,-29
drums_44,24,0.571,7020.04,117,-5
drums_44,25,0.570,7375.35,118,-19
drums_44,26,0.561,11407.6,125,36
drums_44,27,0.557,12324.1,127,-31
drums_44,28,0.556,7336.32,118,-29
drums_44,29,0.554,11431.8,125,39
drums_44,30,0.546,7596.07,118,32
drums_44,31,0.536,7360.54,118,-23
drums_44,32,0.528,7339.01,118,-28
drums_44,33,0.527,7330.93,118,-30
drums_44,34,0.520,7363.23,118,-22
drums_44,35,0.520,7644.52,118,43
drums_44,36,0.519,7025.42,117,-4
drums_44,37,0.518,12321.4,127,-31
drums_44,38,0.515,8186.9,120,-39
drums_44,39,0.514,7324.2,118,-31
drums_44,40,0.514,11404.9,125,35
drums_44,41,0.507,11672.7,126,-25
drums_44,42,0.505,7083.29,117,11
drums_44,43,0.503,7734.69,119,-37
drums_44,44,0.503,11410.3,125,36
drums_44,45,0.501,11429.1,125,39
drums_44,46,0.498,11417,125,37
drums_44,47,0.495,7326.9,118,-31
drums_44,48,0.495,7659.32,118,46
drums_44,49,0.491,11419.7,125,37
drums_44,50,0.490,7080.6,117,10
drums_45,1,1.000,358,65,43
drums_45,2,0.057,6.72933,0,0
drums_45,3,0.055,244.948,59,-14
drums_46,1,1.000,11422.2,125,38
drums_46,2,0.987,7169.32,117,32
drums_46,3,0.965,7172.01,117,32
drums_46,4,0.955,7424.36,118,-8
drums_46,5,0.931,7151.15,117,27
drums_46,6,0.896,12348.8,127,-27
drums_46,7,0.895,7700.93,119,-45
drums_46,8,0.891,7698.24,119,-45
drums_46,9,0.880,12250.6,127,-41
drums_46,10,0.876,12351.5,127,-27
drums_46,11,0.873,7422.34,118,-8
drums_46,12,0.870,7223.15,117,44
drums_46,13,0.868,7153.84,117,28
drums_46,14,0.863,12247.9,127,-41
drums_46,15,0.853,12346.1,127,-28
drums_46,16,0.852,7241.32,117,49
drums_46,17,0.848,11984.8,126,21
drums_46,18,0.846,7244.01,117,49
drums_46,19,0.844,7427.05,118,-7
drums_46,20,0.844,7166.63,117,31
drums_46,21,0.842,7744.67,119,-35
drums_46,22,0.841,11982.1,126,21
drums_46,23,0.839,7220.46,117,44
drums_46,24,0.838,12516.4,127,-4
drums_46,25,0.827,7747.36,119,-34
drums_46,26,0.823,7726.5,119,-39
drums_46,27,0.810,7174.03,117,33
drums_46,28,0.798,7741.98,119,-35
drums_46,29,0.792,7750.05,119,-34
drums_46,30,0.773,7225.85,117,45
drums_46,31,0.765,12519.1,127,-3
drums_46,32,0.763,11190,125,2
drums_46,33,0.760,7228.54,117,46
drums_46,34,0.749,7419.65,118,-9
drums_46,35,0.742,11419.5,125,37
drums_46,36,0.741,12354.2,127,-26
drums_46,37,0.737,7148.46,117,26
drums_46,38,0.731,12253.3,127,-41
drums_46,39,0.729,11254.6,125,12
drums_46,40,0.728,7729.19,119,-38
drums_46,41,0.726,11863.6,126,3
drums_46,42,0.723,11187.3,125,2
drums_46,43,0.723,12294.3,127,-35
drums_46,44,0.717,7754.76,119,-33
drums_46,45,0.715,7470.79,118,3
drums_46,46,0.712,7393.4,118,-15
drums_46,47,0.711,11972,126,19
drums_46,48,0.710,7757.45,119,-32
drums_46,49,0.710,12245.9,127,-42
drums_46,50,0.708,12028.5,126,27
drums_47,1,1.000,242.925,59,-28
drums_47,2,0.975,228.121,58,-37
drums_47,3,0.914,244.944,59,-14
drums_47,4,0.893,240.906,59,-43
drums_47,5,0.870,226.102,57,47
drums_47,6,0.760,230.14,58,-22
drums_47,7,0.715,238.888,58,43
drums_47,8,0.660,234.85,58,13
drums_47,9,0.653,236.869,58,28
drums_47,10,0.628,232.831,58,-2
drums_47,11,0.565,246.963,59,0
drums_47,12,0.533,224.083,57,32
drums_47,13,0.279,222.065,57,16
drums_47,14,0.251,248.981,59,14
drums_47,15,0.172,257.057,60,-30
drums_47,16,0.165,255.038,60,-44
drums_47,17,0.162,259.075,60,-17
drums_47,18,0.152,251,59,28
drums_47,19,0.152,261.094,60,-4
drums_47,20,0.144,253.019,59,42
drums_47,21,0.140,263.113,60,10
drums_47,22,0.123,265.132,60,23
drums_47,23,0.120,211.971,56,36
drums_47,24,0.111,213.989,57,-48
drums_47,25,0.110,8.07507,0,0
drums_47,26,0.109,216.008,57,-32
drums_47,27,0.108,209.952,56,19
drums_47,28,0.108,220.046,57,0
drums_47,29,0.107,218.027,57,-16
drums_47,30,0.107,267.823,60,41
drums_47,31,0.101,269.842,61,-46
drums_47,32,0.101,271.861,61,-34
drums_47,33,0.101,10.0938,4,-35
drums_47,34,0.099,273.88,61,-21
drums_47,35,0.095,275.898,61,-8
drums_47,36,0.094,207.933,56,2
drums_47,37,0.090,277.917,61,5
drums_47,38,0.088,283.973,61,42
drums_47,39,0.087,279.936,61,17
drums_47,40,0.087,281.955,61,30
drums_47,41,0.087,6.05631,0,0
drums_47,42,0.084,285.992,62,-46
drums_47,43,0.083,12.1126,7,-20
drums_47,44,0.077,288.011,62,-34
drums_47,45,0.076,205.914,56,-15
drums_47,46,0.069,290.03,62,-22
drums_47,47,0.065,292.049,62,-10
drums_47,48,0.065,14.1314,9,47
drums_47,49,0.064,294.067,62,2
drums_47,50,0.063,296.086,62,14
drums_48,1,1.000,135.932,49,-34
drums_48,2,0.307,218.03,57,-16
drums_48,3,0.130,153.429,51,-24
drums_48,4,0.107,321.662,64,-42
drums_48,5,0.107,45.7595,30,-18
drums_48,6,0.075,168.233,52,36
drums_48,7,0.060,254.369,60,-49
drums_48,8,0.055,180.346,54,-44
drums_49,1,1.000,137.278,49,-16
drums_49,2,0.731,44.4136,29,30
drums_49,3,0.206,218.03,57,-16
drums_49,4,0.161,52.4888,32,19
drums_49,5,0.128,150.737,50,45
drums_49,6,0.088,254.369,60,-49
drums_49,7,0.079,118.436,46,28
drums_49,8,0.074,228.797,58,-32
drums_49,9,0.068,114.399,46,-32
drums_49,10,0.063,100.94,44,-49
drums_49,11,0.061,247.639,59,5
drums_49,12,0.057,348.579,65,-3
drums_50,1,1.000,138.624,49,0
drums_50,2,0.387,44.4136,29,30
drums_50,3,0.191,218.03,57,-16
drums_50,4,0.114,323.008,64,-35
drums_50,5,0.107,127.857,48,-40
drums_50,6,0.100,53.8347,33,-37
drums_50,7,0.057,111.707,45,27
drums_50,8,0.056,197.842,55,16
drums_50,9,0.055,176.308,53,17
drums_50,10,0.055,61.9098,35,5
drums_50,11,0.054,115.744,46,-12
drums_51,1,1.000,340.504,65,-44
drums_51,2,0.747,309.549,63,-9
drums_51,3,0.620,243.602,59,-24
drums_51,4,0.349,467.016,70,3
drums_51,5,0.343,117.09,46,8
drums_51,6,0.329,830.399,80,0
drums_51,7,0.295,189.767,54,44
drums_51,8,0.294,172.271,53,-23
drums_51,9,0.239,947.49,82,28
drums_51,10,0.235,473.745,70,28
drums_51,11,0.235,251.677,59,33
drums_51,12,0.222,384.918,67,-32
drums_51,13,0.214,1043.05,84,-6
drums_51,14,0.199,321.662,64,-42
drums_51,15,0.199,1078.04,85,-49
drums_51,16,0.192,1072.66,84,43
drums_51,17,0.192,746.956,78,16
drums_51,18,0.191,807.52,80,-49
drums_51,19,0.190,1714.63,93,-45
drums_51,20,0.186,1086.11,85,-36
drums_51,21,0.173,1009.4,83,38
drums_51,22,0.167,788.678,79,10
drums_51,23,0.167,1440.08,90,-47
drums_51,24,0.167,1763.08,93,3
drums_51,25,0.165,885.58,81,11
drums_51,26,0.165,667.55,76,22
drums_51,27,0.164,989.212,83,3
drums_51,28,0.161,1281.26,88,-50
drums_51,29,0.159,379.534,66,44
drums_51,30,0.156,1253,87,12
drums_51,31,0.154,488.549,71,-19
drums_51,32,0.151,1168.21,86,-10
drums_51,33,0.149,1437.39,89,49
drums_51,34,0.129,1271.84,87,38
drums_51,35,0.128,1053.81,84,12
drums_51,36,0.127,1227.43,87,-24
drums_51,37,0.123,1772.51,93,12
drums_51,38,0.123,1094.19,85,-23
drums_51,39,0.123,850.587,80,41
drums_51,40,0.122,970.37,83,-31
drums_51,41,0.119,881.542,81,3
drums_51,42,0.118,355.309,65,30
drums_51,43,0.117,296.091,62,14
drums_51,44,0.116,1604.27,91,40
drums_51,45,0.112,779.257,79,-10
drums_51,46,0.111,1262.42,87,25
drums_51,47,0.110,234.181,58,8
drums_51,48,0.109,995.941,83,14
drums_51,49,0.109,1464.3,90,-18
drums_51,50,0.107,978.445,83,-16
drums_52,1,1.000,228.121,58,-37
drums_52,2,0.993,225.429,57,42
drums_52,3,0.862,232.831,58,-2
drums_52,4,0.856,230.14,58,-22
drums_52,5,0.743,223.41,57,27
drums_52,6,0.625,235.523,58,18
drums_52,7,0.623,324.349,64,-28
drums_52,8,0.558,329.059,64,-3
drums_52,9,0.553,237.542,58,33
drums_52,10,0.544,326.368,64,-17
drums_52,11,0.516,468.354,70,8
drums_52,12,0.496,321.657,64,-42
drums_52,13,0.474,466.336,70,1
drums_52,14,0.470,220.719,57,6
drums_52,15,0.469,240.233,59,-48
drums_52,16,0.466,244.944,59,-14
drums_52,17,0.466,246.963,59,0
drums_52,18,0.458,249.654,59,19
drums_52,19,0.451,242.252,59,-33
drums_52,20,0.435,331.078,64,8
drums_52,21,0.426,463.644,70,-9
drums_52,22,0.423,170.249,53,-44
drums_52,23,0.409,172.941,53,-17
drums_52,24,0.407,254.365,60,-49
drums_52,25,0.403,333.77,64,22
drums_52,26,0.398,257.057,60,-30
drums_52,27,0.381,379.528,66,44
drums_52,28,0.369,471.046,70,18
drums_52,29,0.362,252.346,59,37
drums_52,30,0.356,259.075,60,-17
drums_52,31,0.346,168.231,52,36
drums_52,32,0.344,182.362,54,-25
drums_52,33,0.341,177.652,53,30
drums_52,34,0.335,174.96,53,3
drums_52,35,0.318,261.767,60,1
drums_52,36,0.318,473.065,70,25
drums_52,37,0.318,376.837,66,32
drums_52,38,0.317,179.67,53,49
drums_52,39,0.316,381.547,67,-47
drums_52,40,0.315,336.461,64,36
drums_52,41,0.311,218.7,57,-10
drums_52,42,0.305,165.539,52,8
drums_52,43,0.303,384.239,67,-35
drums_52,44,0.302,475.756,70,35
drums_52,45,0.301,372.126,66,10
drums_52,46,0.283,271.188,61,-38
drums_52,47,0.275,148.716,50,22
drums_52,48,0.274,350.593,65,7
drums_52,49,0.274,266.477,60,32
drums_52,50,0.274,151.408,51,-47
drums_53,1,1.000,802.124,79,40
drums_53,2,0.953,804.143,79,44
drums_53,3,0.933,800.105,79,35
drums_53,4,0.893,806.162,79,48
drums_53,5,0.850,798.087,79,31
drums_53,6,0.806,796.068,79,26
drums_53,7,0.770,794.049,79,22
drums_53,8,0.751,808.18,80,-47
drums_53,9,0.739,792.03,79,18
drums_53,10,0.729,1092.15,85,-26
drums_53,11,0.720,1076,84,48
drums_53,12,0.713,1090.14,85,-29
drums_53,13,0.689,1042.36,84,-7
drums_53,14,0.679,981.794,83,-10
drums_53,15,0.676,1078.02,85,-49
drums_53,16,0.670,1073.98,84,45
drums_53,17,0.664,785.974,79,4
drums_53,18,0.662,783.955,79,0
drums_53,19,0.661,790.011,79,13
drums_53,20,0.651,1062.55,84,26
drums_53,21,0.649,1094.17,85,-23
drums_53,22,0.641,983.813,83,-7
drums_53,23,0.630,1063.89,84,29
drums_53,24,0.630,1060.53,84,23
drums_53,25,0.623,1043.7,84,-5
drums_53,26,0.621,832.406,80,4
drums_53,27,0.611,979.776,83,-14
drums_53,28,0.608,1040.34,84,-10
drums_53,29,0.602,1088.12,85,-32
drums_53,30,0.600,1034.28,84,-20
drums_53,31,0.600,1038.32,84,-14
drums_53,32,0.600,787.993,79,9
drums_53,33,0.599,781.936,79,-5
drums_53,34,0.589,834.424,80,8
drums_53,35,0.586,1036.3,84,-17
drums_53,36,0.582,739.542,78,-1
drums_53,37,0.575,1058.51,84,20
drums_53,38,0.572,777.899,79,-14
drums_53,39,0.568,1072.64,84,43
drums_53,40,0.567,779.918,79,-9
drums_53,41,0.559,1032.26,84,-24
drums_53,42,0.557,737.523,78,-6
drums_53,43,0.557,1106.29,85,-4
drums_53,44,0.555,1104.27,85,-7
drums_53,45,0.555,1102.25,85,-10
drums_53,46,0.552,1100.23,85,-13
drums_53,47,0.550,973.719,83,-25
drums_53,48,0.548,733.486,78,-15
drums_53,49,0.546,340.499,65,-44
drums_53,50,0.543,977.757,83,-18
drums_54,1,1.000,149.391,50,30
drums_54,2,0.957,141.316,49,34
drums_54,3,0.904,301.474,62,45
drums_54,4,0.861,129.203,48,-21
drums_54,5,0.413,173.617,53,-10
drums_54,6,0.355,481.82,71,-43
drums_54,7,0.346,493.933,71,0
drums_54,8,0.338,94.2106,42,32
drums_54,9,0.330,109.015,45,-16
drums_54,10,0.313,187.075,54,19
drums_54,11,0.304,67.2933,36,49
drums_54,12,0.291,74.0226,38,14
drums_54,13,0.288,324.354,64,-28
drums_54,14,0.283,248.985,59,14
drums_54,15,0.271,51.1429,32,-26
drums_54,16,0.270,192.459,55,-32
drums_54,17,0.262,243.602,59,-24
drums_54,18,0.261,263.79,60,14
drums_54,19,0.208,335.121,64,29
drums_54,20,0.194,379.534,66,44
drums_54,21,0.190,6.72933,0,0
drums_54,22,0.180,427.985,69,-48
drums_54,23,0.171,364.73,66,-25
drums_54,24,0.168,358,65,43
drums_54,25,0.153,349.925,65,3
drums_54,26,0.146,464.324,70,-7
drums_54,27,0.142,853.279,80,47
drums_54,28,0.139,398.376,67,28
drums_54,29,0.118,417.219,68,8
drums_54,30,0.116,219.376,57,-5
drums_54,31,0.115,212.647,56,41
drums_54,32,0.114,698.505,77,0
drums_54,33,0.112,516.813,72,-21
drums_54,34,0.103,1065.93,84,32
drums_54,35,0.097,689.084,77,-23
drums_54,36,0.094,838.475,80,16
drums_54,37,0.093,565.264,73,34
drums_54,38,0.092,1169.56,86,-8
drums_54,39,0.091,577.377,74,-30
drums_54,40,0.090,966.332,83,-38
drums_54,41,0.085,881.542,81,3
drums_54,42,0.085,890.963,81,21
drums_54,43,0.080,897.693,81,34
drums_54,44,0.079,228.797,58,-32
drums_54,45,0.076,802.136,79,40
drums_54,46,0.074,795.407,79,25
drums_54,47,0.074,717.347,77,46
drums_54,48,0.074,1.34587,0,0
drums_54,49,0.073,1079.38,85,-46
drums_54,50,0.072,606.986,75,-43
drums_55,1,1.000,8085.84,119,40
drums_55,2,0.965,8087.86,119,40
drums_55,3,0.964,8092.57,119,41
drums_55,4,0.896,7964.04,119,14
drums_55,5,0.891,8083.82,119,39
drums_55,6,0.871,10342.2,124,-34
drums_55,7,0.866,8090.55,119,41
drums_55,8,0.859,8094.59,119,42
drums_55,9,0.848,10340.1,124,-34
drums_55,10,0.848,7966.06,119,14
drums_55,11,0.824,8081.8,119,39
drums_55,12,0.819,7931.74,119,6
drums_55,13,0.798,8079.11,119,38
drums_55,14,0.795,6888.04,117,-38
drums_55,15,0.792,10338.1,124,-35
drums_55,16,0.792,7962.02,119,13
drums_55,17,0.777,7929.72,119,6
drums_55,18,0.767,8112.09,119,45
drums_55,19,0.764,10083.7,123,22
drums_55,20,0.762,7960,119,13
drums_55,21,0.760,10344.2,124,-34
drums_55,22,0.750,6384.02,115,31
drums_55,23,0.745,8118.81,119,47
drums_55,24,0.744,8120.83,119,47
drums_55,25,0.743,6886.02,117,-38
drums_55,26,0.731,7933.76,119,7
drums_55,27,0.728,11077,125,-15
drums_55,28,0.728,11075,125,-16
drums_55,29,0.727,5501.14,113,-27
drums_55,30,0.722,10336.1,124,-35
drums_55,31,0.719,5316.76,112,14
drums_55,32,0.705,11079,125,-15
drums_55,33,0.704,12020.4,126,26
drums_55,34,0.704,9840.15,123,-20
drums_55,35,0.704,7927.03,119,5
drums_55,36,0.703,5497.11,113,-28
drums_55,37,0.700,8320.69,120,-11
drums_55,38,0.696,11083.7,125,-14
drums_55,39,0.695,10370.4,124,-29
drums_55,40,0.694,10346.9,124,-33
drums_55,41,0.694,7968.75,119,15
drums_55,42,0.694,6386.04,115,31
drums_55,43,0.693,10085.8,123,22
drums_55,44,0.693,5318.78,112,15
drums_55,45,0.690,8114.1,119,46
drums_55,46,0.689,8077.09,119,38
drums_55,47,0.689,5499.13,113,-28
drums_55,48,0.688,7925.01,119,5
drums_55,49,0.687,6375.27,115,28
drums_55,50,0.685,6377.29,115,29
drums_56,1,1.000,117.09,46,8
drums_56,2,0.803,172.271,53,-23
drums_56,3,0.132,165.542,52,8
drums_56,4,0.112,339.158,64,49
drums_56,5,0.095,242.256,59,-33
drums_56,6,0.095,161.504,52,-35
drums_56,7,0.092,308.203,63,-16
drums_56,8,0.088,248.985,59,14
drums_56,9,0.083,157.466,51,21
drums_56,10,0.080,139.97,49,17
drums_56,11,0.078,153.429,51,-24
drums_56,12,0.071,144.008,50,-34
drums_56,13,0.067,52.4888,32,19
drums_56,14,0.065,149.391,50,30
drums_56,15,0.056,189.767,54,44
drums_56,16,0.050,288.015,62,-34
drums_57,1,1.000,8404.93,120,7
drums_57,2,0.998,4577.29,110,-45
drums_57,3,0.991,6987.74,117,-13
drums_57,4,0.989,6119.65,115,-43
drums_57,5,0.980,10013.2,123,10
drums_57,6,0.945,7994.45,119,20
drums_57,7,0.934,5855.86,114,-19
drums_57,8,0.908,6256.93,115,-4
drums_57,9,0.904,8111.54,119,45
drums_57,10,0.894,7647.21,118,43
drums_57,11,0.873,6983.7,117,-14
drums_57,12,0.861,5849.13,114,-21
drums_57,13,0.856,8329.57,120,-9
drums_57,14,0.855,8376.67,120,1
drums_57,15,0.826,5223.31,112,-17
drums_57,16,0.821,6667.42,116,6
drums_57,17,0.820,6672.8,116,7
drums_57,18,0.813,8546.25,120,36
drums_57,19,0.798,7983.68,119,18
drums_57,20,0.789,8561.06,120,39
drums_57,21,0.783,6660.69,116,4
drums_57,22,0.779,11491,125,48
drums_57,23,0.751,9517.97,122,22
drums_57,24,0.746,9040.18,121,33
drums_57,25,0.744,6348.45,115,21
drums_57,26,0.737,10304,124,-41
drums_57,27,0.734,7011.96,117,-7
drums_57,28,0.729,5212.54,112,-20
drums_57,29,0.728,8686.22,121,-36
drums_57,30,0.727,9526.04,122,24
drums_57,31,0.726,8044.24,119,31
drums_57,32,0.724,6374.02,115,28
drums_57,33,0.723,4815.51,110,43
drums_57,34,0.719,5283.87,112,3
drums_57,35,0.717,8423.78,120,11
drums_57,36,0.717,7258.26,118,-47
drums_57,37,0.716,8098.08,119,42
drums_57,38,0.715,5937.96,114,5
drums_57,39,0.713,7263.64,118,-46
drums_57,40,0.711,9543.54,122,27
drums_57,41,0.708,8742.75,121,-25
drums_57,42,0.705,6371.33,115,27
drums_57,43,0.705,10032.1,123,13
drums_57,44,0.702,5989.1,114,20
drums_57,45,0.698,6563.79,116,-21
drums_57,46,0.697,7757.57,119,-32
drums_57,47,0.697,7120.98,117,20
drums_57,48,0.695,8002.52,119,22
drums_57,49,0.694,7766.99,119,-30
drums_57,50,0.691,4729.37,110,11
drums_58,1,1.000,117.09,46,8
drums_58,2,0.783,170.925,53,-37
drums_58,3,0.265,52.4888,32,19
drums_58,4,0.129,165.542,52,8
drums_58,5,0.112,308.203,63,-16
drums_58,6,0.090,161.504,52,-35
drums_58,7,0.090,339.158,64,49
drums_58,8,0.082,189.767,54,44
drums_58,9,0.075,157.466,51,21
drums_58,10,0.069,144.008,50,-34
drums_58,11,0.066,153.429,51,-24
drums_58,12,0.065,149.391,50,30
drums_58,13,0.057,88.8272,41,30
drums_58,14,0.052,84.7896,40,49
drums_59,1,1.000,10663.8,124,19
drums_59,2,0.961,9733.16,123,-39
drums_59,3,0.948,9731.14,123,-40
drums_59,4,0.943,10665.8,124,19
drums_59,5,0.939,10661.8,124,19
drums_59,6,0.933,9603.28,122,38
drums_59,7,0.933,9607.32,122,38
drums_59,8,0.930,9605.3,122,38
drums_59,9,0.923,9735.18,123,-39
drums_59,10,0.895,9729.12,123,-40
drums_59,11,0.893,9601.26,122,37
drums_59,12,0.876,10882.5,125,-46
drums_59,13,0.870,10667.8,124,20
drums_59,14,0.870,9609.34,122,39
drums_59,15,0.866,10884.5,125,-46
drums_59,16,0.859,10659.8,124,18
drums_59,17,0.858,10886.5,125,-45
drums_59,18,0.836,9727.1,123,-40
drums_59,19,0.827,8365.78,120,-1
drums_59,20,0.824,10888.6,125,-45
drums_59,21,0.821,9725.08,123,-41
drums_59,22,0.805,9599.24,122,37
drums_59,23,0.804,8367.8,120,-1
drums_59,24,0.802,10880.5,125,-46
drums_59,25,0.799,10657.8,124,18
drums_59,26,0.798,9737.19,123,-38
drums_59,27,0.797,10669.9,124,20
drums_59,28,0.768,10890.6,125,-45
drums_59,29,0.765,10655.7,124,18
drums_59,30,0.762,9723.06,123,-41
drums_59,31,0.760,9611.36,122,39
drums_59,32,0.738,8451.91,120,16
drums_59,33,0.738,11505.6,126,-50
drums_59,34,0.729,11476.7,125,46
drums_59,35,0.721,11478.7,125,46
drums_59,36,0.719,8373.85,120,0
drums_59,37,0.719,8375.87,120,1
drums_59,38,0.717,10671.9,124,20
drums_59,39,0.712,9597.23,122,36
drums_59,40,0.711,8420.96,120,10
drums_59,41,0.709,8453.93,120,17
drums_59,42,0.707,11369.7,125,30
drums_59,43,0.705,8369.81,120,0
drums_59,44,0.702,11474.7,125,46
drums_59,45,0.699,11371.7,125,30
drums_59,46,0.696,9613.38,122,39
drums_59,47,0.681,8418.94,120,10
drums_59,48,0.679,11472.7,125,45
drums_59,49,0.677,8387.98,120,3
drums_59,50,0.677,10653.7,124,17
drums_60,1,1.000,8271.69,120,-21
drums_60,2,0.919,8266.31,120,-22
drums_60,3,0.913,8194.98,120,-37
drums_60,4,0.894,9978.25,123,4
drums_60,5,0.893,10048.2,123,16
drums_60,6,0.856,9949.99,123,-1
drums_60,7,0.811,8182.87,120,-40
drums_60,8,0.789,9667.36,122,49
drums_60,9,0.732,8030.78,119,28
drums_60,10,0.676,9056.33,121,36
drums_60,11,0.641,10063,123,19
drums_60,12,0.640,6653.96,116,2
drums_60,13,0.635,9402.22,122,1
drums_60,14,0.633,10505.8,124,-7
drums_60,15,0.630,9404.91,122,1
drums_60,16,0.630,8248.81,120,-26
drums_60,17,0.621,8205.75,120,-35
drums_60,18,0.592,10777.7,124,37
drums_60,19,0.575,8326.87,120,-9
drums_60,20,0.574,9960.76,123,1
drums_60,21,0.569,7756.23,119,-32
drums_60,22,0.561,5337.71,112,21
drums_60,23,0.559,9602.76,122,37
drums_60,24,0.554,9347.04,122,-9
drums_60,25,0.550,7721.23,119,-40
drums_60,26,0.546,7947.34,119,10
drums_60,27,0.544,5340.4,112,22
drums_60,28,0.531,10535.4,124,-2
drums_60,29,0.529,7457.44,118,0
drums_60,30,0.528,10106.1,123,26
drums_60,31,0.524,7779.11,119,-27
drums_60,32,0.522,9598.72,122,37
drums_60,33,0.519,8448,120,16
drums_60,34,0.515,8971.54,121,20
drums_60,35,0.513,9429.14,122,6
drums_60,36,0.512,8454.73,120,17
drums_60,37,0.511,12246,127,-42
drums_60,38,0.511,8450.69,120,16
drums_60,39,0.510,9968.83,123,2
drums_60,40,0.505,10785.8,124,39
drums_60,41,0.504,11007.8,125,-26
drums_60,42,0.503,9881.35,123,-13
drums_60,43,0.501,7995.79,119,20
drums_60,44,0.497,10558.3,124,2
drums_60,45,0.492,6582.63,116,-16
drums_60,46,0.491,7974.26,119,16
drums_60,47,0.491,9575.84,122,33
drums_60,48,0.489,8126.34,119,48
drums_60,49,0.487,10006.5,123,9
drums_60,50,0.487,9913.65,123,-7
drums_61,1,1.000,232.835,58,-2
drums_61,2,0.498,83.4437,40,22
drums_61,3,0.424,78.0602,39,6
drums_61,4,0.418,372.805,66,13
drums_61,5,0.258,68.6392,37,-16
drums_61,6,0.229,104.978,44,19
drums_61,7,0.224,573.339,74,-42
drums_61,8,0.154,9.42106,2,45
drums_61,9,0.130,130.549,48,-3
drums_61,10,0.114,212.647,56,41
drums_61,11,0.108,195.151,55,-7
drums_61,12,0.103,522.196,72,-3
drums_61,13,0.099,121.128,47,-33
drums_61,14,0.099,938.069,82,11
drums_61,15,0.092,201.88,56,-49
drums_61,16,0.090,16.1504,12,-21
drums_61,17,0.089,358,65,43
drums_61,18,0.085,538.347,72,49
drums_61,19,0.083,173.617,53,-10
drums_61,20,0.082,40.376,28,-35
drums_61,21,0.082,36.3384,26,-18
drums_61,22,0.077,149.391,50,30
drums_61,23,0.073,24.2256,19,-19
drums_61,24,0.069,512.775,72,-35
drums_61,25,0.069,160.158,52,-50
drums_61,26,0.068,184.384,54,-6
drums_61,27,0.065,292.053,62,-10
drums_61,28,0.063,952.873,82,38
drums_61,29,0.063,288.015,62,-34
drums_61,30,0.062,345.888,65,-17
drums_61,31,0.059,313.587,63,14
drums_61,32,0.057,1.34587,0,0
drums_61,33,0.057,306.858,63,-24
drums_61,34,0.052,398.376,67,28
drums_61,35,0.052,496.625,71,10
drums_61,36,0.051,1123.8,85,23
drums_61,37,0.051,504.7,71,38
drums_62,1,1.000,98.2482,43,4
drums_62,2,0.438,107.669,45,-37
drums_62,3,0.332,114.399,46,-32
drums_62,4,0.293,119.782,46,47
drums_62,5,0.270,125.166,47,24
drums_62,6,0.262,129.203,48,-21
drums_62,7,0.214,133.241,48,32
drums_62,8,0.194,138.624,49,0
drums_62,9,0.192,145.354,50,-18
drums_62,10,0.187,142.662,50,-50
drums_62,11,0.179,149.391,50,30
drums_62,12,0.164,292.053,62,-10
drums_62,13,0.154,485.858,71,-28
drums_62,14,0.152,192.459,55,-32
drums_62,15,0.135,156.12,51,6
drums_62,16,0.131,481.82,71,-43
drums_62,17,0.129,181.692,54,-31
drums_62,18,0.126,162.85,52,-21
drums_62,19,0.125,174.963,53,3
drums_62,20,0.123,158.812,51,36
drums_62,21,0.120,312.241,63,6
drums_62,22,0.119,169.579,52,49
drums_62,23,0.118,165.542,52,8
drums_62,24,0.115,302.82,63,-47
drums_62,25,0.107,323.008,64,-35
drums_62,26,0.107,331.083,64,8
drums_62,27,0.093,345.888,65,-17
drums_62,28,0.088,340.504,65,-44
drums_62,29,0.082,349.925,65,3
drums_62,30,0.082,506.046,71,42
drums_62,31,0.075,499.316,71,19
drums_62,32,0.075,356.655,65,36
drums_62,33,0.073,503.354,71,33
drums_62,34,0.069,496.625,71,10
drums_63,1,1.000,235.527,58,18
drums_63,2,0.278,253.023,59,42
drums_63,3,0.250,213.993,57,-48
drums_63,4,0.207,5.38347,0,0
drums_63,5,0.173,265.136,60,23
drums_63,6,0.156,275.903,61,-8
drums_63,7,0.126,285.324,62,-50
drums_63,8,0.118,397.031,67,22
drums_63,9,0.111,189.767,54,44
drums_63,10,0.102,296.091,62,14
drums_63,11,0.096,376.843,66,32
drums_63,12,0.081,305.512,63,-32
drums_63,13,0.071,168.233,52,36
drums_63,14,0.068,153.429,51,-24
drums_63,15,0.067,523.542,72,1
drums_63,16,0.065,316.279,63,28
drums_63,17,0.062,415.873,68,2
drums_63,18,0.062,541.038,73,-42
drums_63,19,0.061,139.97,49,17
drums_63,20,0.056,86.1354,41,-23
drums_63,21,0.054,329.737,64,1
drums_63,22,0.052,95.5565,43,-44
drums_64,1,1.000,201.88,56,-49
drums_64,2,0.571,107.669,45,-37
drums_64,3,0.401,189.767,54,44
drums_64,4,0.338,179,53,43
drums_64,5,0.265,170.925,53,-37
drums_64,6,0.235,617.753,75,-13
drums_64,7,0.231,146.699,50,-2
drums_64,8,0.228,162.85,52,-21
drums_64,9,0.223,127.857,48,-40
drums_64,10,0.215,154.775,51,-9
drums_64,11,0.210,122.474,47,-14
drums_64,12,0.209,117.09,46,8
drums_64,13,0.201,139.97,49,17
drums_64,14,0.197,133.241,48,32
drums_64,15,0.092,955.565,82,43
drums_64,16,0.092,951.527,82,35
drums_64,17,0.062,632.557,75,28
drums_64,18,0.059,247.639,59,5
drums_64,19,0.058,729.46,78,-25
drums_64,20,0.056,1119.76,85,17
drums_64,21,0.054,601.602,74,42
drums_64,22,0.052,1522.17,90,49
drums_65,1,1.000,216.684,57,-26
drums_65,2,0.373,203.226,56,-37
drums_65,3,0.314,196.496,55,4
drums_65,4,0.255,188.421,54,32
drums_65,5,0.238,181.692,54,-31
drums_65,6,0.221,176.308,53,17
drums_65,7,0.214,146.699,50,-2
drums_65,8,0.210,150.737,50,45
drums_65,9,0.192,154.775,51,-9
drums_65,10,0.186,170.925,53,-37
drums_65,11,0.177,164.196,52,-7
drums_65,12,0.174,142.662,50,-50
drums_65,13,0.172,160.158,52,-50
drums_65,14,0.141,129.203,48,-21
drums_65,15,0.126,135.932,49,-34
drums_65,16,0.090,796.753,79,28
drums_65,17,0.055,675.625,76,42
drums_65,18,0.052,1309.53,88,-12
drums_67,1,1.000,148.045,50,14
drums_67,2,0.185,452.211,69,47
drums_67,3,0.108,141.316,49,34
drums_67,4,0.073,137.278,49,-16
drums_67,5,0.060,441.444,69,6
drums_67,6,0.057,133.241,48,32
drums_67,7,0.056,417.219,68,8
drums_68,1,1.000,378.188,66,38
drums_68,2,0.306,401.068,67,40
drums_68,3,0.148,239.564,58,47
drums_68,4,0.119,532.963,72,32
drums_68,5,0.067,231.489,58,-12
drums_68,6,0.060,952.873,82,38
drums_68,7,0.057,542.384,73,-38
drums_69,1,1.000,150.737,50,45
drums_69,2,0.088,454.903,70,-42
drums_70,1,1.000,232.835,58,-2
drums_70,2,0.767,235.527,58,18
drums_70,3,0.548,228.797,58,-32
drums_70,4,0.474,239.564,58,47
drums_70,5,0.418,366.076,66,-18
drums_70,6,0.383,82.0978,40,-7
drums_70,7,0.370,243.602,59,-24
drums_70,8,0.329,247.639,59,5
drums_70,9,0.307,370.113,66,1
drums_70,10,0.268,78.0602,39,6
drums_70,11,0.258,86.1354,41,-23
drums_70,12,0.247,90.173,42,-44
drums_70,13,0.245,251.677,59,33
drums_70,14,0.234,94.2106,42,32
drums_70,15,0.224,98.2482,43,4
drums_70,16,0.207,224.76,57,37
drums_70,17,0.188,110.361,45,6
drums_70,18,0.186,255.715,60,-40
drums_70,19,0.182,173.617,53,-10
drums_70,20,0.182,102.286,44,-26
drums_70,21,0.181,267.827,60,41
drums_70,22,0.179,263.79,60,14
drums_70,23,0.170,169.579,52,49
drums_70,24,0.168,106.323,44,41
drums_70,25,0.166,259.752,60,-12
drums_70,26,0.161,149.391,50,30
drums_70,27,0.152,358,65,43
drums_70,28,0.151,271.865,61,-34
drums_70,29,0.151,145.354,50,-18
drums_70,30,0.151,141.316,49,34
drums_70,31,0.150,153.429,51,-24
drums_70,32,0.150,157.466,51,21
drums_70,33,0.149,216.684,57,-26
drums_70,34,0.148,121.128,47,-33
drums_70,35,0.147,114.399,46,-32
drums_70,36,0.142,192.459,55,-32
drums_70,37,0.142,118.436,46,28
drums_70,38,0.138,125.166,47,24
drums_70,39,0.137,184.384,54,-6
drums_70,40,0.136,129.203,48,-21
drums_70,41,0.135,165.542,52,8
drums_70,42,0.133,220.722,57,6
drums_70,43,0.133,275.903,61,-8
drums_70,44,0.130,212.647,56,41
drums_70,45,0.130,74.0226,38,14
drums_70,46,0.128,188.421,54,32
drums_70,47,0.125,161.504,52,-35
drums_70,48,0.123,208.609,56,8
drums_70,49,0.121,137.278,49,-16
drums_70,50,0.116,394.339,67,10
drums_71,1,1.000,179,53,43
drums_71,2,0.431,538.347,72,49
drums_71,3,0.114,592.181,74,14
drums_71,4,0.082,514.121,72,-30
drums_71,5,0.060,562.572,73,25
drums_71,6,0.059,496.625,71,10
drums_72,1,1.000,581.414,74,-18
drums_72,2,0.909,585.452,74,-6
drums_72,3,0.893,588.144,74,2
drums_72,4,0.846,578.722,74,-26
drums_72,5,0.734,621.79,75,-1
drums_72,6,0.731,641.978,76,-46
drums_72,7,0.727,574.685,74,-38
drums_72,8,0.727,635.249,75,36
drums_72,9,0.713,628.52,75,17
drums_72,10,0.683,173.617,53,-10
drums_72,11,0.681,146.699,50,-2
drums_72,12,0.680,166.887,52,22
drums_72,13,0.643,571.993,74,-46
drums_72,14,0.637,160.158,52,-50
drums_72,15,0.631,169.579,52,49
drums_72,16,0.627,176.308,53,17
drums_72,17,0.620,592.181,74,14
drums_72,18,0.619,153.429,51,-24
drums_72,19,0.613,637.941,75,43
drums_72,20,0.613,162.85,52,-21
drums_72,21,0.606,149.391,50,30
drums_72,22,0.604,625.828,75,10
drums_72,23,0.602,180.346,54,-44
drums_72,24,0.581,567.956,73,42
drums_72,25,0.562,631.211,75,25
drums_72,26,0.556,139.97,49,17
drums_72,27,0.553,156.12,51,6
drums_72,28,0.541,644.67,76,-39
drums_72,29,0.533,648.708,76,-28
drums_72,30,0.528,126.511,47,42
drums_72,31,0.524,142.662,50,-50
drums_72,32,0.522,619.098,75,-9
drums_72,33,0.498,133.241,48,32
drums_72,34,0.495,183.038,54,-18
drums_72,35,0.484,565.264,73,34
drums_72,36,0.482,601.602,74,42
drums_72,37,0.476,615.061,75,-20
drums_72,38,0.467,594.873,74,22
drums_72,39,0.460,129.203,48,-21
drums_72,40,0.433,434.715,69,-21
drums_72,41,0.429,561.226,73,21
drums_72,42,0.423,135.932,49,-34
drums_72,43,0.422,119.782,46,47
drums_72,44,0.407,779.257,79,-10
drums_72,45,0.406,651.399,76,-21
drums_72,46,0.398,187.075,54,19
drums_72,47,0.385,598.91,74,34
drums_72,48,0.382,123.82,47,5
drums_72,49,0.379,662.166,76,8
drums_72,50,0.379,1020.17,84,-44
flute_36,1,1.000,261.098,60,-3
flute_36,2,0.288,522.196,72,-3
flute_36,3,0.153,783.294,79,-2
flute_36,4,0.143,254.369,60,-49
flute_36,5,0.135,266.482,60,32
flute_36,6,0.114,1306.84,88,-15
flute_36,7,0.085,250.331,59,24
flute_36,8,0.084,1044.39,84,-3
flute_36,9,0.074,518.159,72,-17
flute_36,10,0.073,1567.93,91,0
flute_36,11,0.068,270.519,61,-42
flute_36,12,0.063,246.294,59,-5
flute_36,13,0.055,274.557,61,-16
flute_37,1,1.000,553.151,73,-4
flute_37,2,0.848,277.248,61,0
flute_37,3,0.501,830.399,80,0
flute_37,4,0.420,1108.99,85,0
flute_37,5,0.219,557.189,73,9
flute_37,6,0.200,273.211,61,-25
flute_37,7,0.156,561.226,73,21
flute_37,8,0.144,281.286,61,25
flute_37,9,0.135,1662.14,92,1
flute_37,10,0.110,1384.9,89,-15
flute_37,11,0.101,1104.96,85,-6
flute_37,12,0.092,545.076,73,-29
flute_37,13,0.085,565.264,73,34
flute_37,14,0.081,285.324,62,-50
flute_37,15,0.077,269.173,60,49
flute_37,16,0.074,1113.03,85,7
flute_37,17,0.065,1666.18,92,5
flute_37,18,0.062,541.038,73,-42
flute_37,19,0.061,569.301,73,46
flute_37,20,0.056,265.136,60,23
flute_38,1,1.000,880.197,81,0
flute_38,2,0.669,586.798,74,-2
flute_38,3,0.396,1173.6,86,-2
flute_38,4,0.374,293.399,62,-2
flute_38,5,0.333,1466.99,90,-15
flute_38,6,0.202,876.159,81,-8
flute_38,7,0.093,592.181,74,14
flute_38,8,0.090,1760.39,93,0
flute_38,9,0.087,888.272,81,16
flute_38,10,0.084,872.121,81,-16
flute_38,11,0.073,1169.56,86,-8
flute_38,12,0.068,868.084,81,-24
flute_38,13,0.065,893.655,81,27
flute_38,14,0.058,1462.96,90,-20
flute_38,15,0.051,286.67,62,-42
flute_38,16,0.050,864.046,81,-32
flute_39,1,1.000,310.895,63,-1
flute_39,2,0.755,621.79,75,-1
flute_39,3,0.214,932.685,82,1
flute_39,4,0.213,617.753,75,-13
flute_39,5,0.156,1554.48,91,-15
flute_39,6,0.156,1243.58,87,-1
flute_39,7,0.123,304.166,63,-39
flute_39,8,0.105,625.828,75,10
flute_39,9,0.103,316.279,63,28
flute_39,10,0.070,629.865,75,21
flute_39,11,0.060,320.316,64,-50
flute_39,12,0.060,928.648,82,-7
flute_39,13,0.051,609.677,75,-35
flute_39,14,0.050,300.128,62,38
flute_40,1,1.000,328.391,64,-7
flute_40,2,0.141,658.129,76,-3
flute_40,3,0.135,323.008,64,-35
flute_40,4,0.117,335.121,64,29
flute_40,5,0.089,987.866,83,0
flute_40,6,0.074,318.97,63,43
flute_40,7,0.067,339.158,64,49
flute_40,8,0.053,314.933,63,21
flute_41,1,1.000,348.579,65,-3
flute_41,2,0.199,344.542,65,-23
flute_41,3,0.197,352.617,65,17
flute_41,4,0.146,697.159,77,-3
flute_41,5,0.108,1047.08,84,1
flute_41,6,0.094,340.504,65,-44
flute_41,7,0.093,356.655,65,36
flute_41,8,0.061,336.467,64,36
flute_41,9,0.060,360.692,66,-44
flute_42,1,1.000,370.113,66,1
flute_42,2,0.571,738.881,78,-3
flute_42,3,0.195,1108.99,85,0
flute_42,4,0.142,374.151,66,19
flute_42,5,0.133,362.038,66,-38
flute_42,6,0.096,1849.22,94,-14
flute_42,7,0.080,378.188,66,38
flute_42,8,0.073,358,65,43
flute_42,9,0.066,1479.11,90,-1
flute_42,10,0.065,382.226,67,-44
flute_42,11,0.059,1104.96,85,-6
flute_42,12,0.056,730.805,78,-22
flute_42,13,0.055,353.963,65,23
flute_42,14,0.050,746.956,78,16
flute_43,1,1.000,391.647,67,-2
flute_43,2,0.437,783.294,79,-2
flute_43,3,0.386,1174.94,86,0
flute_43,4,0.160,1959.58,95,-14
flute_43,5,0.106,1566.59,91,-2
flute_43,6,0.096,787.332,79,7
flute_43,7,0.086,384.918,67,-32
flute_43,8,0.073,1169.56,86,-8
flute_43,9,0.070,779.257,79,-10
flute_43,10,0.067,401.068,67,40
flute_43,11,0.052,379.534,66,44
flute_44,1,1.000,414.527,68,-3
flute_44,2,0.213,830.399,80,0
flute_44,3,0.173,418.564,68,14
flute_44,4,0.157,410.489,68,-20
flute_44,5,0.106,1244.93,87,1
flute_44,6,0.085,422.602,68,30
flute_44,7,0.079,406.452,68,-37
flute_44,8,0.056,426.64,68,47
flute_44,9,0.051,402.414,67,45
flute_45,1,1.000,438.752,69,-5
flute_45,2,0.197,1318.95,88,1
flute_45,3,0.126,445.482,69,21
flute_45,4,0.123,433.369,69,-26
flute_45,5,0.102,878.851,81,-2
flute_45,6,0.081,2199.15,97,-14
flute_45,7,0.078,429.331,69,-42
flute_45,8,0.070,449.519,69,37
flute_45,9,0.053,425.294,68,41
flute_46,1,1.000,465.67,70,-2
flute_46,2,0.193,461.632,70,-17
flute_46,3,0.146,469.707,70,13
flute_46,4,0.092,457.595,70,-32
flute_46,5,0.079,931.339,82,-2
flute_46,6,0.064,473.745,70,28
flute_46,7,0.058,453.557,70,-47
flute_47,1,1.000,492.587,71,-5
flute_47,2,0.289,1480.45,90,1
flute_47,3,0.139,987.866,83,0
flute_47,4,0.139,487.204,71,-24
flute_47,5,0.132,499.316,71,19
flute_47,6,0.080,483.166,71,-38
flute_47,7,0.076,503.354,71,33
flute_47,8,0.074,1974.39,95,-1
flute_47,9,0.059,479.128,70,47
flute_48,1,1.000,522.196,72,-3
flute_48,2,0.684,1045.74,84,-1
flute_48,3,0.287,1569.28,91,1
flute_48,4,0.093,528.925,72,19
flute_48,5,0.063,512.775,72,-35
flute_48,6,0.056,1053.81,84,12
flute_48,7,0.053,532.963,72,32
flute_49,1,1.000,553.151,73,-4
flute_49,2,0.610,1107.65,85,-2
flute_49,3,0.172,2216.64,97,-1
flute_49,4,0.161,547.768,73,-21
flute_49,5,0.151,1662.14,92,1
flute_49,6,0.125,559.88,73,17
flute_49,7,0.110,1102.26,85,-10
flute_49,8,0.108,1114.38,85,9
flute_49,9,0.065,563.918,73,30
flute_49,10,0.061,543.73,73,-34
flute_49,11,0.060,1668.87,92,8
flute_49,12,0.060,1098.23,85,-16
flute_50,1,1.000,586.798,74,-2
flute_50,2,0.308,1761.74,93,2
flute_50,3,0.168,582.76,74,-14
flute_50,4,0.166,1174.94,86,0
flute_50,5,0.143,590.835,74,10
flute_50,6,0.087,578.722,74,-26
flute_50,7,0.074,594.873,74,22
flute_50,8,0.054,574.685,74,-38
flute_51,1,1.000,621.79,75,-1
flute_51,2,0.206,617.753,75,-13
flute_51,3,0.149,1243.58,87,-1
flute_51,4,0.144,625.828,75,10
flute_51,5,0.088,613.715,75,-24
flute_51,6,0.080,1866.72,94,2
flute_51,7,0.074,629.865,75,21
flute_51,8,0.060,609.677,75,-35
flute_52,1,1.000,658.129,76,-3
flute_52,2,0.245,1317.6,88,-1
flute_52,3,0.111,652.745,76,-17
flute_52,4,0.072,648.708,76,-28
flute_52,5,0.059,668.896,76,25
flute_53,1,1.000,697.159,77,-3
flute_53,2,0.270,2094.17,96,1
flute_53,3,0.138,691.775,77,-17
flute_53,4,0.128,703.888,77,13
flute_53,5,0.078,1395.66,89,-2
flute_53,6,0.077,687.738,77,-27
flute_53,7,0.073,707.926,77,23
flute_53,8,0.054,683.7,77,-37
flute_53,9,0.051,711.963,77,33
flute_54,1,1.000,738.881,78,-3
flute_54,2,0.270,2219.33,97,1
flute_54,3,0.094,745.61,78,13
flute_54,4,0.077,1479.11,90,-1
flute_54,5,0.072,729.46,78,-25
flute_54,6,0.057,750.993,78,26
flute_54,7,0.053,725.422,78,-34
flute_55,1,1.000,783.294,79,-2
flute_55,2,0.190,779.257,79,-10
flute_55,3,0.178,787.332,79,7
flute_55,4,0.092,1566.59,91,-2
flute_55,5,0.082,791.369,79,16
flute_55,6,0.080,775.219,79,-19
flute_55,7,0.052,795.407,79,25
flute_55,8,0.051,771.181,79,-29
flute_56,1,1.000,830.399,80,0
flute_56,2,0.164,1662.14,92,1
flute_56,3,0.114,825.016,80,-12
flute_56,4,0.109,837.129,80,14
flute_56,5,0.073,820.978,80,-20
flute_56,6,0.062,841.166,80,22
flute_57,1,1.000,880.197,81,0
flute_57,2,0.154,876.159,81,-8
flute_57,3,0.106,888.272,81,16
flute_57,4,0.068,870.775,81,-18
flute_57,5,0.058,892.309,81,24
flute_57,6,0.051,866.738,81,-26
flute_58,1,1.000,931.339,82,-2
flute_58,2,0.154,927.302,82,-9
flute_58,3,0.102,1864.02,94,-1
flute_58,4,0.092,939.415,82,13
flute_58,5,0.081,923.264,82,-17
flute_58,6,0.062,943.452,82,21
flute_59,1,1.000,986.52,83,-2
flute_59,2,0.231,1975.73,95,0
flute_59,3,0.088,994.595,83,12
flute_59,4,0.071,977.099,83,-19
flute_59,5,0.058,998.633,83,19
flute_60,1,1.000,1045.74,84,-1
flute_60,2,0.095,2092.82,96,0
flute_60,3,0.088,1053.81,84,12
flute_60,4,0.084,1037.66,84,-15
flute_60,5,0.059,1057.85,84,19
flute_61,1,1.000,1107.65,85,-2
flute_61,2,0.281,1103.61,85,-8
flute_61,3,0.172,2215.3,97,-2
flute_61,4,0.143,3324.29,104,1
flute_61,5,0.133,2219.33,97,1
flute_61,6,0.105,1100.92,85,-12
flute_61,7,0.093,1115.72,85,11
flute_61,8,0.060,1119.76,85,17
flute_61,9,0.057,3320.25,104,-1
flute_62,1,1.000,1174.94,86,0
flute_62,2,0.175,1170.9,86,-6
flute_62,3,0.165,1181.67,86,10
flute_62,4,0.134,2351.23,98,1
flute_62,5,0.107,3527.52,105,4
flute_62,6,0.094,3530.21,105,5
flute_62,7,0.094,1165.52,86,-14
flute_62,8,0.089,1185.71,86,16
flute_62,9,0.067,1189.75,86,22
flute_62,10,0.052,1161.48,86,-20
flute_63,1,1.000,1243.58,87,-1
flute_63,2,0.092,1251.66,87,10
flute_63,3,0.084,1235.51,87,-13
flute_63,4,0.078,2487.16,99,-1
flute_63,5,0.059,1231.47,87,-18
flute_64,1,1.000,1317.6,88,-1
flute_64,2,0.128,1313.57,88,-7
flute_64,3,0.111,1324.33,88,8
flute_64,4,0.093,2636.55,100,0
flute_64,5,0.060,1308.18,88,-14
flute_64,6,0.060,1328.37,88,13
flute_65,1,1.000,1395.66,89,-2
flute_65,2,0.178,1402.39,89,7
flute_65,3,0.163,2792.67,101,-1
flute_65,4,0.096,1390.28,89,-8
flute_65,5,0.081,4189.68,108,2
flute_65,6,0.080,1406.43,89,12
flute_65,7,0.073,1386.24,89,-13
flute_65,8,0.070,2796.71,101,2
flute_65,9,0.066,2799.4,101,3
flute_65,10,0.058,1410.47,89,17
flute_66,1,1.000,1469.69,90,-12
flute_66,2,0.126,2939.37,102,-12
flute_66,3,0.075,1479.11,90,-1
flute_66,4,0.051,1481.8,90,2
flute_66,5,0.050,1457.57,90,-26
flute_67,1,1.000,1566.59,91,-2
flute_67,2,0.144,1573.32,91,6
flute_67,3,0.120,3134.52,103,-1
flute_67,4,0.119,1561.2,91,-7
flute_67,5,0.077,1577.36,91,10
flute_67,6,0.068,1557.17,91,-12
flute_67,7,0.057,4702.46,110,1
flute_67,8,0.055,1581.39,91,15
flute_68,1,1.000,1658.11,92,-3
flute_68,2,0.187,1654.07,92,-7
flute_68,3,0.171,1662.14,92,1
flute_68,4,0.103,1666.18,92,5
flute_68,5,0.082,1650.03,92,-12
flute_68,6,0.068,1670.22,92,9
flute_68,7,0.064,1645.99,92,-16
flute_69,1,1.000,1759.05,93,-1
flute_69,2,0.204,1763.08,93,3
flute_69,3,0.165,1755.01,93,-5
flute_69,4,0.143,3519.44,105,0
flute_69,5,0.087,1750.97,93,-9
flute_69,6,0.084,1767.12,93,7
flute_69,7,0.068,1771.16,93,11
flute_69,8,0.057,5278.49,112,1
flute_70,1,1.000,1862.68,94,-2
flute_70,2,0.171,1866.72,94,2
flute_70,3,0.110,1854.6,94,-9
flute_70,4,0.088,3726.7,106,-1
flute_70,5,0.059,1874.79,94,9
flute_71,1,1.000,1974.39,95,-1
flute_71,2,0.137,1967.66,95,-7
flute_71,3,0.086,1983.81,95,7
flute_71,4,0.064,1963.62,95,-10
flute_71,5,0.061,1987.84,95,11
flute_72,1,1.000,2091.48,96,-1
flute_72,2,0.109,2083.4,96,-8
flute_72,3,0.090,2099.55,96,5
flute_72,4,0.062,2079.36,96,-11
flute_72,5,0.052,2103.59,96,9
harp_36,1,1.000,129.203,48,-21
harp_36,2,0.256,259.752,60,-12
harp_36,3,0.179,133.241,48,32
harp_36,4,0.157,125.166,47,24
harp_36,5,0.154,193.805,55,-19
harp_36,6,0.103,64.6016,36,-21
harp_36,7,0.100,588.144,74,2
harp_36,8,0.084,121.128,47,-33
harp_36,9,0.084,520.85,72,-8
harp_36,10,0.082,137.278,49,-16
harp_36,11,0.064,325.7,64,-21
harp_36,12,0.056,117.09,46,8
harp_36,13,0.052,141.316,49,34
harp_37,1,1.000,137.278,49,-16
harp_37,2,0.611,275.903,61,-8
harp_37,3,0.348,205.918,56,-15
harp_37,4,0.281,68.6392,37,-16
harp_37,5,0.219,345.888,65,-17
harp_37,6,0.178,144.008,50,-34
harp_37,7,0.126,554.497,73,0
harp_37,8,0.117,127.857,48,-40
harp_37,9,0.101,148.045,50,14
harp_37,10,0.081,123.82,47,5
harp_37,11,0.072,152.083,51,-39
harp_37,12,0.065,483.166,71,-38
harp_37,13,0.061,269.173,60,49
harp_37,14,0.058,156.12,51,6
harp_37,15,0.057,119.782,46,47
harp_37,16,0.052,414.527,68,-3
harp_37,17,0.051,628.52,75,17
harp_38,1,1.000,145.354,50,-18
harp_38,2,0.429,72.6768,38,-18
harp_38,3,0.305,366.076,66,-18
harp_38,4,0.268,292.053,62,-10
harp_38,5,0.188,216.684,57,-26
harp_38,6,0.185,588.144,74,2
harp_38,7,0.087,68.6392,37,-16
harp_38,8,0.061,133.241,48,32
harp_38,9,0.057,76.7144,39,-24
harp_38,10,0.056,160.158,52,-50
harp_38,11,0.053,514.121,72,-30
harp_39,1,1.000,154.775,51,-9
harp_39,2,0.147,76.7144,39,-24
harp_39,3,0.115,308.203,63,-16
harp_39,4,0.113,160.158,52,-50
harp_39,5,0.108,232.835,58,-2
harp_39,6,0.101,148.045,50,14
harp_39,7,0.075,623.136,75,2
harp_39,8,0.066,164.196,52,-7
harp_39,9,0.059,144.008,50,-34
harp_40,1,1.000,164.196,52,-7
harp_40,2,0.429,246.294,59,-5
harp_40,3,0.399,328.391,64,-7
harp_40,4,0.220,82.0978,40,-7
harp_40,5,0.137,493.933,71,0
harp_40,6,0.122,172.271,53,-23
harp_40,7,0.101,577.377,74,-30
harp_40,8,0.093,410.489,68,-20
harp_40,9,0.092,240.91,59,-43
harp_40,10,0.090,250.331,59,24
harp_40,11,0.085,152.083,51,-39
harp_40,12,0.080,176.308,53,17
harp_40,13,0.065,148.045,50,14
harp_40,14,0.065,324.354,64,-28
harp_40,15,0.065,180.346,54,-44
harp_40,16,0.057,236.872,58,28
harp_40,17,0.053,184.384,54,-6
harp_40,18,0.051,144.008,50,-34
harp_40,19,0.051,5.38347,0,0
harp_41,1,1.000,173.617,53,-10
harp_41,2,0.659,261.098,60,-3
harp_41,3,0.415,86.1354,41,-23
harp_41,4,0.172,169.579,52,49
harp_41,5,0.164,612.369,75,-28
harp_41,6,0.151,177.654,53,30
harp_41,7,0.141,349.925,65,3
harp_41,8,0.081,165.542,52,8
harp_41,9,0.071,181.692,54,-31
harp_41,10,0.061,616.407,75,-16
harp_41,11,0.056,92.8648,42,7
harp_41,12,0.054,161.504,52,-35
harp_41,13,0.054,269.173,60,49
harp_41,14,0.053,80.752,40,-35
harp_42,1,1.000,183.038,54,-18
harp_42,2,0.977,91.5189,42,-18
harp_42,3,0.574,275.903,61,-8
harp_42,4,0.566,368.767,66,-6
harp_42,5,0.267,179,53,43
harp_42,6,0.149,86.1354,41,-23
harp_42,7,0.134,174.963,53,3
harp_42,8,0.119,98.2482,43,4
harp_42,9,0.117,191.113,55,-44
harp_42,10,0.104,461.632,70,-17
harp_42,11,0.092,82.0978,40,-7
harp_42,12,0.088,282.632,61,34
harp_42,13,0.088,170.925,53,-37
harp_42,14,0.084,555.843,73,5
harp_42,15,0.078,196.496,55,4
harp_42,16,0.073,103.632,44,-3
harp_42,17,0.068,166.887,52,22
harp_42,18,0.064,78.0602,39,6
harp_42,19,0.061,12.1128,7,-19
harp_42,20,0.060,200.534,55,40
harp_42,21,0.057,364.73,66,-25
harp_42,22,0.056,286.67,62,-42
harp_42,23,0.054,107.669,45,-37
harp_42,24,0.051,204.572,56,-26
harp_43,1,1.000,98.2482,43,4
harp_43,2,0.920,293.399,62,-2
harp_43,3,0.718,193.805,55,-19
harp_43,4,0.166,391.647,67,-2
harp_43,5,0.155,103.632,44,-3
harp_43,6,0.151,91.5189,42,-18
harp_43,7,0.109,189.767,54,44
harp_43,8,0.092,592.181,74,14
harp_43,9,0.090,87.4813,41,3
harp_43,10,0.089,107.669,45,-37
harp_43,11,0.088,297.436,62,22
harp_43,12,0.086,489.895,71,-14
harp_43,13,0.079,201.88,56,-49
harp_43,14,0.065,83.4437,40,22
harp_43,15,0.065,111.707,45,27
harp_43,16,0.062,286.67,62,-42
harp_43,17,0.058,185.73,54,7
harp_43,18,0.056,1.34587,0,0
harp_43,19,0.051,115.744,46,-12
harp_44,1,1.000,102.286,44,-26
harp_44,2,0.663,205.918,56,-15
harp_44,3,0.268,309.549,63,-9
harp_44,4,0.137,96.9024,43,-19
harp_44,5,0.131,414.527,68,-3
harp_44,6,0.128,109.015,45,-16
harp_44,7,0.098,201.88,56,-49
harp_44,8,0.087,305.512,63,-32
harp_44,9,0.078,92.8648,42,7
harp_44,10,0.076,113.053,45,47
harp_44,11,0.063,624.482,75,6
harp_44,12,0.058,88.8272,41,30
harp_44,13,0.053,117.09,46,8
harp_45,1,1.000,109.015,45,-16
harp_45,2,0.247,216.684,57,-26
harp_45,3,0.206,329.737,64,1
harp_45,4,0.133,550.459,73,-12
harp_45,5,0.073,223.414,57,27
harp_45,6,0.070,96.9024,43,-19
harp_45,7,0.064,438.752,69,-5
harp_45,8,0.054,121.128,47,-33
harp_45,9,0.052,92.8648,42,7
harp_46,1,1.000,115.744,46,-12
harp_46,2,0.552,231.489,58,-12
harp_46,3,0.134,348.579,65,-3
harp_46,4,0.097,227.451,58,-42
harp_46,5,0.080,238.218,58,38
harp_46,6,0.061,100.94,44,-49
harp_46,7,0.056,465.67,70,-2
harp_47,1,1.000,246.294,59,-5
harp_47,2,0.650,123.82,47,5
harp_47,3,0.112,113.053,45,47
harp_47,4,0.110,370.113,66,1
harp_47,5,0.081,493.933,71,0
harp_47,6,0.073,133.241,48,32
harp_47,7,0.073,109.015,45,-16
harp_47,8,0.065,254.369,60,-49
harp_47,9,0.057,104.978,44,19
harp_47,10,0.057,619.098,75,-9
harp_47,11,0.055,137.278,49,-16
harp_48,1,1.000,261.098,60,-3
harp_48,2,0.788,129.203,48,-21
harp_48,3,0.240,392.993,67,4
harp_48,4,0.106,115.744,46,-12
harp_48,5,0.090,148.045,50,14
harp_48,6,0.084,111.707,45,27
harp_48,7,0.074,153.429,51,-24
harp_48,8,0.067,107.669,45,-37
harp_48,9,0.066,656.783,76,-7
harp_48,10,0.063,157.466,51,21
harp_48,11,0.054,103.632,44,-3
harp_48,12,0.053,161.504,52,-35
harp_48,13,0.052,13.4587,9,-37
harp_49,1,1.000,138.624,49,0
harp_49,2,0.437,277.248,61,0
harp_49,3,0.121,417.219,68,8
harp_49,4,0.091,557.189,73,9
harp_49,5,0.084,130.549,48,-3
harp_49,6,0.080,146.699,50,-2
harp_49,7,0.072,273.211,61,-25
harp_49,8,0.053,126.511,47,42
harp_49,9,0.051,150.737,50,45
harp_50,1,1.000,146.699,50,-2
harp_50,2,0.280,293.399,62,-2
harp_50,3,0.135,152.083,51,-39
harp_50,4,0.127,139.97,49,17
harp_50,5,0.082,156.12,51,6
harp_50,6,0.075,135.932,49,-34
harp_50,7,0.065,438.752,69,-5
harp_50,8,0.058,160.158,52,-50
harp_50,9,0.053,131.895,48,14
harp_51,1,1.000,154.775,51,-9
harp_51,2,0.401,310.895,63,-1
harp_51,3,0.277,621.79,75,-1
harp_51,4,0.172,158.812,51,36
harp_51,5,0.148,465.67,70,-2
harp_51,6,0.146,150.737,50,45
harp_51,7,0.082,162.85,52,-21
harp_51,8,0.071,146.699,50,-2
harp_51,9,0.063,305.512,63,-32
harp_51,10,0.058,776.565,79,-16
harp_51,11,0.055,166.887,52,22
harp_52,1,1.000,164.196,52,-7
harp_52,2,0.259,328.391,64,-7
harp_52,3,0.168,493.933,71,0
harp_52,4,0.154,168.233,52,36
harp_52,5,0.085,156.12,51,6
harp_52,6,0.080,335.121,64,29
harp_52,7,0.077,172.271,53,-23
harp_52,8,0.068,658.129,76,-3
harp_52,9,0.055,152.083,51,-39
harp_52,10,0.054,323.008,64,-35
harp_52,11,0.052,176.308,53,17
harp_53,1,1.000,173.617,53,-10
harp_53,2,0.462,349.925,65,3
harp_53,3,0.210,523.542,72,1
harp_53,4,0.126,168.233,52,36
harp_53,5,0.102,180.346,54,-44
harp_53,6,0.079,698.505,77,0
harp_53,7,0.070,164.196,52,-7
harp_53,8,0.066,873.467,81,-13
harp_53,9,0.064,4.0376,0,0
harp_53,10,0.062,184.384,54,-6
harp_53,11,0.051,160.158,52,-50
harp_54,1,1.000,184.384,54,-6
harp_54,2,0.363,554.497,73,0
harp_54,3,0.338,370.113,66,1
harp_54,4,0.118,189.767,54,44
harp_54,5,0.104,177.654,53,30
harp_54,6,0.086,550.459,73,-12
harp_54,7,0.079,193.805,55,-19
harp_54,8,0.059,173.617,53,-10
harp_54,9,0.051,197.842,55,16
harp_54,10,0.050,558.535,73,13
harp_55,1,1.000,193.805,55,-19
harp_55,2,0.560,392.993,67,4
harp_55,3,0.145,588.144,74,2
harp_55,4,0.132,200.534,55,40
harp_55,5,0.095,397.031,67,22
harp_55,6,0.090,184.384,54,-6
harp_55,7,0.073,204.572,56,-26
harp_55,8,0.065,5.38347,0,0
harp_55,9,0.063,180.346,54,-44
harp_55,10,0.060,384.918,67,-32
harp_55,11,0.054,401.068,67,40
harp_55,12,0.051,208.609,56,8
harp_55,13,0.051,176.308,53,17
harp_56,1,1.000,415.873,68,2
harp_56,2,0.645,207.263,56,-3
harp_56,3,0.151,621.79,75,-1
harp_56,4,0.146,1.34587,0,0
harp_56,5,0.119,421.256,68,25
harp_56,6,0.099,199.188,55,28
harp_56,7,0.075,405.106,68,-43
harp_56,8,0.068,425.294,68,41
harp_56,9,0.068,215.339,57,-37
harp_56,10,0.065,10.7669,5,-23
harp_56,11,0.064,195.151,55,-7
harp_56,12,0.054,1039.01,84,-12
harp_56,13,0.051,429.331,69,-42
harp_56,14,0.050,401.068,67,40
harp_57,1,1.000,218.03,57,-16
harp_57,2,0.795,440.098,69,0
harp_57,3,0.208,659.474,76,1
harp_57,4,0.131,230.143,58,-22
harp_57,5,0.112,880.197,81,0
harp_57,6,0.104,195.151,55,-7
harp_57,7,0.102,234.181,58,8
harp_57,8,0.101,5.38347,0,0
harp_57,9,0.083,238.218,58,38
harp_57,10,0.068,242.256,59,-33
harp_57,11,0.066,663.512,76,11
harp_57,12,0.057,246.294,59,-5
harp_57,13,0.053,250.331,59,24
harp_57,14,0.052,13.4587,9,-37
harp_58,1,1.000,234.181,58,8
harp_58,2,0.338,467.016,70,3
harp_58,3,0.088,4.0376,0,0
harp_58,4,0.059,699.85,77,3
harp_58,5,0.059,211.301,56,30
harp_58,6,0.055,253.023,59,42
harp_58,7,0.052,207.263,56,-3
harp_59,1,1.000,247.639,59,5
harp_59,2,0.197,493.933,71,0
harp_59,3,0.071,257.06,60,-30
harp_60,1,1.000,261.098,60,-3
harp_60,2,0.164,523.542,72,1
harp_60,3,0.147,783.294,79,-2
harp_60,4,0.132,265.136,60,23
harp_60,5,0.089,253.023,59,42
harp_60,6,0.068,269.173,60,49
harp_60,7,0.055,248.985,59,14
harp_60,8,0.053,1047.08,84,1
harp_61,1,1.000,554.497,73,0
harp_61,2,0.653,277.248,61,0
harp_61,3,0.223,831.745,80,2
harp_61,4,0.107,270.519,61,-42
harp_61,5,0.099,282.632,61,34
harp_61,6,0.094,8.0752,0,0
harp_61,7,0.088,547.768,73,-21
harp_61,8,0.081,2.69173,0,0
harp_61,9,0.076,1110.34,85,3
harp_61,10,0.072,1387.59,89,-12
harp_61,11,0.057,286.67,62,-42
harp_61,12,0.056,563.918,73,30
harp_61,13,0.054,266.482,60,32
harp_61,14,0.053,1666.18,92,5
harp_62,1,1.000,586.798,74,-2
harp_62,2,0.400,294.745,62,6
harp_62,3,0.116,881.542,81,3
harp_62,4,0.093,594.873,74,22
harp_62,5,0.075,578.722,74,-26
harp_62,6,0.063,598.91,74,34
harp_62,7,0.059,1469.69,90,-12
harp_62,8,0.052,573.339,74,-42
harp_63,1,1.000,623.136,75,2
harp_63,2,0.379,310.895,63,-1
harp_63,3,0.092,631.211,75,25
harp_63,4,0.088,934.031,82,3
harp_63,5,0.086,615.061,75,-20
harp_63,6,0.073,8.0752,0,0
harp_63,7,0.069,4.0376,0,0
harp_63,8,0.061,611.023,75,-32
harp_63,9,0.059,293.399,62,-2
harp_63,10,0.059,635.249,75,36
harp_64,1,1.000,331.083,64,8
harp_64,2,0.665,660.82,76,4
harp_64,3,0.253,990.558,83,5
harp_64,4,0.195,337.812,64,42
harp_64,5,0.124,5.38347,0,0
harp_64,6,0.120,341.85,65,-37
harp_64,7,0.106,293.399,62,-2
harp_64,8,0.101,1321.64,88,4
harp_64,9,0.098,10.7669,5,-23
harp_64,10,0.090,317.624,63,36
harp_64,11,0.085,345.888,65,-17
harp_64,12,0.070,313.587,63,14
harp_64,13,0.068,349.925,65,3
harp_64,14,0.061,668.896,76,25
harp_64,15,0.058,1651.38,92,-10
harp_64,16,0.056,652.745,76,-17
harp_64,17,0.055,985.174,83,-5
harp_64,18,0.055,353.963,65,23
harp_64,19,0.053,16.1504,12,-21
harp_64,20,0.052,309.549,63,-9
harp_65,1,1.000,351.271,65,10
harp_65,2,0.275,345.888,65,-17
harp_65,3,0.187,699.85,77,3
harp_65,4,0.070,10.7669,5,-23
harp_65,5,0.067,129.203,48,-21
harp_65,6,0.067,1047.08,84,1
harp_65,7,0.065,4.0376,0,0
harp_65,8,0.063,294.745,62,6
harp_65,9,0.062,1051.12,84,8
harp_65,10,0.059,1401.05,89,5
harp_66,1,1.000,371.459,66,7
harp_66,2,0.574,741.572,78,4
harp_66,3,0.235,367.421,66,-12
harp_66,4,0.118,363.384,66,-31
harp_66,5,0.108,2.69173,0,0
harp_66,6,0.089,8.0752,0,0
harp_66,7,0.089,379.534,66,44
harp_66,8,0.076,1114.38,85,9
harp_66,9,0.075,359.346,65,49
harp_66,10,0.073,1484.49,90,5
harp_66,11,0.066,12.1128,7,-19
harp_66,12,0.065,1111.69,85,5
harp_66,13,0.061,383.572,67,-38
harp_66,14,0.054,355.309,65,30
harp_66,15,0.052,294.745,62,6
harp_67,1,1.000,392.993,67,4
harp_67,2,0.135,388.955,67,-13
harp_67,3,0.130,784.64,79,1
harp_67,4,0.085,401.068,67,40
harp_67,5,0.083,384.918,67,-32
harp_67,6,0.057,380.88,67,-50
harp_67,7,0.057,405.106,68,-43
harp_68,1,1.000,415.873,68,2
harp_68,2,0.114,833.091,80,5
harp_68,3,0.073,8.0752,0,0
harp_68,4,0.069,4.0376,0,0
harp_68,5,0.060,829.054,80,-3
harp_68,6,0.054,1667.53,92,7
harp_69,1,1.000,440.098,69,0
harp_69,2,0.301,882.888,81,6
harp_69,3,0.138,127.857,48,-40
harp_69,4,0.137,133.241,48,32
harp_69,5,0.133,1768.47,93,8
harp_69,6,0.119,1764.43,93,4
harp_69,7,0.116,1324.33,88,8
harp_69,8,0.113,1771.16,93,11
harp_69,9,0.111,4.0376,0,0
harp_69,10,0.102,294.745,62,6
harp_69,11,0.102,9.42106,2,45
harp_69,12,0.101,446.828,69,27
harp_69,13,0.065,146.699,50,-2
harp_69,14,0.062,267.827,60,41
harp_69,15,0.061,427.985,69,-48
harp_69,16,0.058,452.211,69,47
harp_69,17,0.058,20.188,16,-35
harp_69,18,0.051,64.6016,36,-21
harp_70,1,1.000,467.016,70,3
harp_70,2,0.112,935.377,82,6
harp_70,3,0.089,9.42106,2,45
harp_70,4,0.086,477.783,70,43
harp_70,5,0.082,2.69173,0,0
harp_70,6,0.069,14.8045,10,28
harp_70,7,0.067,457.595,70,-32
harp_70,8,0.066,440.098,69,0
harp_70,9,0.060,481.82,71,-43
harp_71,1,1.000,495.279,71,5
harp_71,2,0.273,990.558,83,5
harp_71,3,0.135,994.595,83,12
harp_71,4,0.064,487.204,71,-24
harp_71,5,0.056,985.174,83,-5
harp_71,6,0.056,1487.18,90,8
harp_72,1,1.000,526.234,72,10
harp_72,2,0.198,530.271,72,23
harp_72,3,0.103,2.69173,0,0
harp_72,4,0.085,9.42106,2,45
harp_72,5,0.080,1048.43,84,3
harp_72,6,0.066,515.467,72,-26
horn_36,1,1.000,325.7,64,-21
horn_36,2,0.845,261.098,60,-3
horn_36,3,0.580,391.647,67,-2
horn_36,4,0.524,718.693,77,49
horn_36,5,0.513,522.196,72,-3
horn_36,6,0.455,457.595,70,-32
horn_36,7,0.393,195.151,55,-7
horn_36,8,0.347,915.189,82,-32
horn_36,9,0.250,1569.28,91,1
horn_36,10,0.218,1372.78,89,-30
horn_36,11,0.206,654.091,76,-14
horn_36,12,0.197,1633.88,92,-29
horn_36,13,0.193,850.587,80,41
horn_36,14,0.176,1437.39,89,49
horn_36,15,0.168,783.294,79,-2
horn_36,16,0.149,321.662,64,-42
horn_36,17,0.134,1503.33,90,27
horn_36,18,0.120,1896.33,94,29
horn_36,19,0.097,588.144,74,2
horn_36,20,0.092,1699.83,92,40
horn_36,21,0.086,526.234,72,10
horn_36,22,0.086,979.791,83,-14
horn_36,23,0.085,398.376,67,28
horn_36,24,0.084,722.73,78,-41
horn_36,25,0.080,1830.38,94,-32
horn_36,26,0.076,317.624,63,36
horn_36,27,0.075,2418.52,99,-50
horn_36,28,0.074,386.264,67,-25
horn_36,29,0.070,333.775,64,22
horn_36,30,0.067,518.159,72,-17
horn_36,31,0.066,1045.74,84,-1
horn_36,32,0.062,2615.02,100,-15
horn_36,33,0.061,462.978,70,-12
horn_36,34,0.060,269.173,60,49
horn_36,35,0.059,1960.93,95,-13
horn_36,36,0.056,919.227,82,-24
horn_36,37,0.055,1306.84,88,-15
horn_36,38,0.054,2092.82,96,0
horn_36,39,0.054,189.767,54,44
horn_36,40,0.053,1573.32,91,6
horn_36,41,0.053,313.587,63,14
horn_36,42,0.052,130.549,48,-3
horn_36,43,0.051,1765.78,93,6
horn_37,1,1.000,345.888,65,-17
horn_37,2,0.376,623.136,75,2
horn_37,3,0.374,275.903,61,-8
horn_37,4,0.339,553.151,73,-4
horn_37,5,0.207,415.873,68,2
horn_37,6,0.170,1593.51,91,28
horn_37,7,0.169,969.024,83,-33
horn_37,8,0.166,341.85,65,-37
horn_37,9,0.166,349.925,65,3
horn_37,10,0.160,691.775,77,-17
horn_37,11,0.153,207.263,56,-3
horn_37,12,0.136,1316.26,88,-3
horn_37,13,0.105,1523.52,91,-50
horn_37,14,0.083,337.812,64,42
horn_37,15,0.081,353.963,65,23
horn_37,16,0.081,1039.01,84,-12
horn_37,17,0.077,1662.14,92,1
horn_37,18,0.074,1800.77,93,40
horn_37,19,0.074,1177.63,86,4
horn_37,20,0.066,1246.27,87,2
horn_37,21,0.065,619.098,75,-9
horn_37,22,0.064,2009.38,95,29
horn_37,23,0.062,900.385,81,40
horn_37,24,0.061,627.174,75,14
horn_37,25,0.060,1384.9,89,-15
horn_37,26,0.053,358,65,43
horn_37,27,0.053,3464.26,105,-28
horn_37,28,0.053,333.775,64,22
horn_38,1,1.000,440.098,69,0
horn_38,2,0.655,366.076,66,-18
horn_38,3,0.403,219.376,57,-5
horn_38,4,0.273,512.775,72,-35
horn_38,5,0.239,586.798,74,-2
horn_38,6,0.172,807.52,80,-49
horn_38,7,0.157,1541.02,91,-30
horn_38,8,0.128,1615.04,92,-49
horn_38,9,0.122,1761.74,93,2
horn_38,10,0.114,733.497,78,-15
horn_38,11,0.106,146.699,50,-2
horn_38,12,0.090,1468.34,90,-14
horn_38,13,0.089,432.023,69,-32
horn_38,14,0.075,293.399,62,-2
horn_38,15,0.074,223.414,57,27
horn_38,16,0.074,1026.9,84,-33
horn_38,17,0.073,1394.32,89,-3
horn_38,18,0.072,954.219,82,40
horn_38,19,0.070,1687.72,92,27
horn_38,20,0.069,880.197,81,0
horn_38,21,0.066,449.519,69,37
horn_38,22,0.066,1834.42,94,-28
horn_38,23,0.066,374.151,66,19
horn_38,24,0.062,427.985,69,-48
horn_38,25,0.061,1981.12,95,5
horn_38,26,0.061,215.339,57,-37
horn_38,27,0.053,659.474,76,1
horn_38,28,0.050,1100.92,85,-12
horn_39,1,1.000,387.609,67,-19
horn_39,2,0.444,465.67,70,-2
horn_39,3,0.219,543.73,73,-34
horn_39,4,0.184,232.835,58,-2
horn_39,5,0.173,310.895,63,-1
horn_39,6,0.154,1710.6,93,-49
horn_39,7,0.131,382.226,67,-44
horn_39,8,0.129,394.339,67,10
horn_39,9,0.121,1554.48,91,-15
horn_39,10,0.099,1088.81,85,-31
horn_39,11,0.091,154.775,51,-9
horn_39,12,0.089,1943.43,95,-28
horn_39,13,0.087,1010.75,83,40
horn_39,14,0.087,776.565,79,-16
horn_39,15,0.085,1788.66,93,28
horn_39,16,0.076,398.376,67,28
horn_39,17,0.075,378.188,66,38
horn_39,18,0.071,3033.58,102,43
horn_39,19,0.066,621.79,75,-1
horn_39,20,0.065,854.625,80,49
horn_39,21,0.063,932.685,82,1
horn_39,22,0.063,2877.46,102,-49
horn_39,23,0.062,2099.55,96,5
horn_39,24,0.060,1477.76,90,-3
horn_39,25,0.059,1866.72,94,2
horn_39,26,0.058,374.151,66,19
horn_39,27,0.056,460.286,70,-22
horn_39,28,0.055,402.414,67,45
horn_39,29,0.053,2955.52,102,-3
horn_39,30,0.053,1632.54,92,-30
horn_39,31,0.052,2799.4,101,3
horn_40,1,1.000,576.031,74,-34
horn_40,2,0.866,493.933,71,0
horn_40,3,0.807,328.391,64,-7
horn_40,4,0.794,411.835,68,-15
horn_40,5,0.395,246.294,59,-5
horn_40,6,0.325,658.129,76,-3
horn_40,7,0.289,1565.24,91,-3
horn_40,8,0.243,1647.34,92,-15
horn_40,9,0.204,164.196,52,-7
horn_40,10,0.200,741.572,78,4
horn_40,11,0.193,1729.44,93,-30
horn_40,12,0.183,1317.6,88,-1
horn_40,13,0.176,580.068,74,-22
horn_40,14,0.175,1483.14,90,4
horn_40,15,0.174,1399.7,89,3
horn_40,16,0.163,489.895,71,-14
horn_40,17,0.160,1812.88,94,-49
horn_40,18,0.150,571.993,74,-46
horn_40,19,0.138,497.971,71,14
horn_40,20,0.118,323.008,64,-35
horn_40,21,0.118,823.67,80,-15
horn_40,22,0.115,1153.41,86,-32
horn_40,23,0.107,2388.91,98,29
horn_40,24,0.104,1894.98,94,28
horn_40,25,0.096,1235.51,87,-13
horn_40,26,0.090,417.219,68,8
horn_40,27,0.089,335.121,64,29
horn_40,28,0.086,485.858,71,-28
horn_40,29,0.085,405.106,68,-43
horn_40,30,0.082,2884.19,102,-45
horn_40,31,0.082,2224.72,97,6
horn_40,32,0.081,2141.27,96,39
horn_40,33,0.081,584.106,74,-10
horn_40,34,0.079,2554.45,99,45
horn_40,35,0.073,567.956,73,42
horn_40,36,0.070,1977.08,95,1
horn_40,37,0.068,2966.29,102,4
horn_40,38,0.066,2306.81,98,-32
horn_40,39,0.065,987.866,83,0
horn_40,40,0.064,2800.75,101,4
horn_40,41,0.064,318.97,63,43
horn_40,42,0.058,242.256,59,-33
horn_40,43,0.057,502.008,71,28
horn_40,44,0.056,2718.65,101,-47
horn_40,45,0.056,1069.96,84,38
horn_40,46,0.055,421.256,68,25
horn_40,47,0.053,481.82,71,-43
horn_40,48,0.052,588.144,74,2
horn_40,49,0.051,1561.2,91,-7
horn_40,50,0.050,2059.18,96,-28
horn_41,1,1.000,348.579,65,-3
horn_41,2,0.684,436.061,69,-16
horn_41,3,0.481,261.098,60,-3
horn_41,4,0.326,523.542,72,1
horn_41,5,0.176,344.542,65,-23
horn_41,6,0.160,352.617,65,17
horn_41,7,0.137,1745.59,93,-14
horn_41,8,0.127,432.023,69,-32
horn_41,9,0.125,1570.63,91,3
horn_41,10,0.106,1047.08,84,1
horn_41,11,0.103,784.64,79,1
horn_41,12,0.102,440.098,69,0
horn_41,13,0.101,1134.57,85,40
horn_41,14,0.100,1658.11,92,-3
horn_41,15,0.099,959.603,82,50
horn_41,16,0.096,1833.07,94,-30
horn_41,17,0.089,340.504,65,-44
horn_41,18,0.089,265.136,60,23
horn_41,19,0.088,2008.03,95,28
horn_41,20,0.081,356.655,65,36
horn_41,21,0.073,257.06,60,-30
horn_41,22,0.063,1483.14,90,4
horn_41,23,0.059,1920.55,95,-49
horn_41,24,0.058,444.136,69,16
horn_41,25,0.056,336.467,64,36
horn_41,26,0.052,360.692,66,-44
horn_41,27,0.052,1395.66,89,-2
horn_42,1,1.000,461.632,70,-17
horn_42,2,0.380,368.767,66,-6
horn_42,3,0.181,465.67,70,-2
horn_42,4,0.171,277.248,61,0
horn_42,5,0.165,1571.97,91,4
horn_42,6,0.160,184.384,54,-6
horn_42,7,0.148,1756.36,93,-4
horn_42,8,0.147,457.595,70,-32
horn_42,9,0.134,554.497,73,0
horn_42,10,0.114,1664.84,92,4
horn_42,11,0.111,1479.11,90,-1
horn_42,12,0.109,924.61,82,-14
horn_42,13,0.092,831.745,80,2
horn_42,14,0.090,738.881,78,-3
horn_42,15,0.088,1386.24,89,-13
horn_42,16,0.086,469.707,70,13
horn_42,17,0.085,2866.7,101,45
horn_42,18,0.071,453.557,70,-47
horn_42,19,0.069,2589.45,100,-32
horn_42,20,0.067,1108.99,85,0
horn_42,21,0.063,2773.83,101,-12
horn_42,22,0.060,1017.47,84,-49
horn_42,23,0.057,1942.09,95,-30
horn_42,24,0.056,473.745,70,28
horn_42,25,0.055,647.362,76,-32
horn_42,26,0.053,1201.86,86,40
horn_42,27,0.053,363.384,66,-31
horn_42,28,0.050,2959.56,102,0
horn_43,1,1.000,1469.69,90,-12
horn_43,2,0.812,489.895,71,-14
horn_43,3,0.801,195.151,55,-7
horn_43,4,0.790,685.046,77,-34
horn_43,5,0.720,391.647,67,-2
horn_43,6,0.512,783.294,79,-2
horn_43,7,0.511,1664.84,92,4
horn_43,8,0.485,1566.59,91,-2
horn_43,9,0.451,979.791,83,-14
horn_43,10,0.390,586.798,74,-2
horn_43,11,0.353,293.399,62,-2
horn_43,12,0.351,1371.44,89,-32
horn_43,13,0.286,1763.08,93,3
horn_43,14,0.279,1959.58,95,-14
horn_43,15,0.245,2742.88,101,-32
horn_43,16,0.193,2939.37,102,-12
horn_43,17,0.185,1273.19,87,39
horn_43,18,0.182,2449.48,99,-28
horn_43,19,0.169,2156.08,97,-49
horn_43,20,0.146,1473.72,90,-7
horn_43,21,0.125,395.685,67,16
horn_43,22,0.120,387.609,67,-19
horn_43,23,0.116,191.113,55,-44
horn_43,24,0.105,495.279,71,5
horn_43,25,0.103,2645.97,100,6
horn_43,26,0.100,1174.94,86,0
horn_43,27,0.096,2351.23,98,1
horn_43,28,0.094,779.257,79,-10
horn_43,29,0.093,1461.61,90,-22
horn_43,30,0.092,483.166,71,-38
horn_43,31,0.091,2841.12,101,29
horn_43,32,0.088,787.332,79,7
horn_43,33,0.084,1076.69,84,49
horn_43,34,0.076,1659.45,92,-2
horn_43,35,0.075,2547.72,99,40
horn_43,36,0.073,1861.33,94,-3
horn_43,37,0.073,691.775,77,-17
horn_43,38,0.071,383.572,67,-38
horn_43,39,0.068,1561.2,91,-7
horn_43,40,0.067,297.436,62,22
horn_43,41,0.065,675.625,76,42
horn_43,42,0.064,1671.57,92,11
horn_43,43,0.064,399.722,67,34
horn_43,44,0.063,203.226,56,-37
horn_43,45,0.061,499.316,71,19
horn_43,46,0.061,479.128,70,47
horn_43,47,0.061,1477.76,90,-3
horn_43,48,0.061,1457.57,90,-26
horn_43,49,0.061,1767.12,93,7
horn_43,50,0.060,187.075,54,19
horn_44,1,1.000,621.79,75,-1
horn_44,2,0.998,414.527,68,-3
horn_44,3,0.890,310.895,63,-1
horn_44,4,0.479,518.159,72,-17
horn_44,5,0.412,207.263,56,-3
horn_44,6,0.365,1557.17,91,-12
horn_44,7,0.364,1141.29,86,-50
horn_44,8,0.363,1660.8,92,0
horn_44,9,0.348,1764.43,93,4
horn_44,10,0.333,1348.56,88,39
horn_44,11,0.321,726.768,78,-31
horn_44,12,0.277,2698.46,100,40
horn_44,13,0.275,2387.57,98,28
horn_44,14,0.251,934.031,82,3
horn_44,15,0.233,1453.54,90,-31
horn_44,16,0.216,2802.09,101,5
horn_44,17,0.203,3010.7,102,29
horn_44,18,0.183,830.399,80,0
horn_44,19,0.181,1037.66,84,-15
horn_44,20,0.179,418.564,68,14
horn_44,21,0.163,306.858,63,-24
horn_44,22,0.161,1971.69,95,-3
horn_44,23,0.157,410.489,68,-20
horn_44,24,0.149,2907.07,102,-31
horn_44,25,0.143,314.933,63,21
horn_44,26,0.119,628.52,75,17
horn_44,27,0.117,1244.93,87,1
horn_44,28,0.117,616.407,75,-16
horn_44,29,0.117,1868.06,94,3
horn_44,30,0.108,3217.97,103,45
horn_44,31,0.100,3114.33,103,-12
horn_44,32,0.088,422.602,68,30
horn_44,33,0.087,2075.33,96,-15
horn_44,34,0.078,302.82,63,-47
horn_44,35,0.076,2180.3,97,-29
horn_44,36,0.076,2283.94,98,-49
horn_44,37,0.073,318.97,63,43
horn_44,38,0.071,1656.76,92,-5
horn_44,39,0.071,1145.33,86,-44
horn_44,40,0.070,612.369,75,-28
horn_44,41,0.069,632.557,75,28
horn_44,42,0.068,406.452,68,-37
horn_44,43,0.067,3530.21,105,5
horn_44,44,0.066,1768.47,93,8
horn_44,45,0.063,1137.26,85,44
horn_44,46,0.060,426.64,68,47
horn_44,47,0.060,1760.39,93,0
horn_44,48,0.059,2594.83,100,-28
horn_44,49,0.056,3321.6,104,0
horn_44,50,0.055,3425.23,105,-47
horn_45,1,1.000,438.752,69,-5
horn_45,2,0.530,329.737,64,1
horn_45,3,0.405,219.376,57,-5
horn_45,4,0.306,549.113,73,-16
horn_45,5,0.196,1759.05,93,-1
horn_45,6,0.191,1539.67,91,-32
horn_45,7,0.169,659.474,76,1
horn_45,8,0.160,1650.03,92,-12
horn_45,9,0.149,1318.95,88,1
horn_45,10,0.132,445.482,69,21
horn_45,11,0.118,433.369,69,-26
horn_45,12,0.116,1209.93,87,-49
horn_45,13,0.082,2749.6,101,-28
horn_45,14,0.081,429.331,69,-42
horn_45,15,0.074,223.414,57,27
horn_45,16,0.069,449.519,69,37
horn_45,17,0.068,1429.31,89,40
horn_45,18,0.066,215.339,57,-37
horn_45,19,0.064,2309.51,98,-30
horn_45,20,0.063,2968.98,102,5
horn_45,21,0.062,2199.15,97,-14
horn_45,22,0.060,2419.87,99,-49
horn_45,23,0.059,2859.97,101,41
horn_45,24,0.055,425.294,68,41
horn_45,25,0.054,2639.24,100,1
horn_45,26,0.051,323.008,64,-35
horn_46,1,1.000,465.67,70,-2
horn_46,2,0.529,1281.26,88,-50
horn_46,3,0.479,1746.93,93,-13
horn_46,4,0.309,232.835,58,-2
horn_46,5,0.278,581.414,74,-18
horn_46,6,0.270,1398.36,89,2
horn_46,7,0.269,1164.17,86,-16
horn_46,8,0.268,2329.69,98,-15
horn_46,9,0.246,1631.19,92,-32
horn_46,10,0.244,1514.1,90,39
horn_46,11,0.235,931.339,82,-2
horn_46,12,0.227,698.505,77,0
horn_46,13,0.222,2679.62,100,28
horn_46,14,0.200,348.579,65,-3
horn_46,15,0.199,815.595,80,-32
horn_46,16,0.186,461.632,70,-17
horn_46,17,0.169,1048.43,84,3
horn_46,18,0.164,2796.71,101,2
horn_46,19,0.149,469.707,70,13
horn_46,20,0.139,2446.78,99,-30
horn_46,21,0.127,3146.64,103,6
horn_46,22,0.121,3029.54,102,40
horn_46,23,0.119,2912.45,102,-28
horn_46,24,0.105,115.744,46,-12
horn_46,25,0.094,1277.23,87,45
horn_46,26,0.093,2096.86,96,3
horn_46,27,0.085,3379.47,104,29
horn_46,28,0.084,2563.88,100,-49
horn_46,29,0.083,1285.3,88,-44
horn_46,30,0.082,457.595,70,-32
horn_46,31,0.077,473.745,70,28
horn_46,32,0.075,3495.21,105,-12
horn_46,33,0.073,1864.02,94,-1
horn_46,34,0.068,1981.12,95,5
horn_46,35,0.063,3262.38,104,-32
horn_46,36,0.060,1741.55,93,-18
horn_46,37,0.060,3612.31,105,45
horn_46,38,0.056,2213.95,97,-3
horn_46,39,0.054,453.557,70,-47
horn_46,40,0.050,1753.66,93,-6
horn_47,1,1.000,370.113,66,1
horn_47,2,0.885,246.294,59,-5
horn_47,3,0.580,492.587,71,-5
horn_47,4,0.485,616.407,75,-16
horn_47,5,0.394,1234.16,87,-14
horn_47,6,0.348,864.046,81,-32
horn_47,7,0.339,1728.09,93,-32
horn_47,8,0.321,1357.98,89,-49
horn_47,9,0.304,1110.34,85,3
horn_47,10,0.239,986.52,83,-2
horn_47,11,0.199,3086.07,103,-28
horn_47,12,0.199,2715.96,101,-49
horn_47,13,0.174,2345.84,98,-3
horn_47,14,0.152,1604.27,91,40
horn_47,15,0.151,242.256,59,-33
horn_47,16,0.149,740.226,78,1
horn_47,17,0.148,250.331,59,24
horn_47,18,0.139,2962.25,102,1
horn_47,19,0.135,2839.78,101,28
horn_47,20,0.122,3209.89,103,40
horn_47,21,0.116,1974.39,95,-1
horn_47,22,0.107,2468.32,99,-14
horn_47,23,0.097,122.474,47,-14
horn_47,24,0.089,1480.45,90,1
horn_47,25,0.086,362.038,66,-38
horn_47,26,0.080,3456.18,105,-32
horn_47,27,0.078,238.218,58,38
horn_47,28,0.076,3580,105,29
horn_47,29,0.073,2222.03,97,4
horn_47,30,0.073,1851.91,94,-12
horn_47,31,0.072,487.204,71,-24
horn_47,32,0.070,379.534,66,44
horn_47,33,0.069,3332.36,104,5
horn_47,34,0.068,2098.21,96,4
horn_47,35,0.068,1238.2,87,-9
horn_47,36,0.068,1114.38,85,9
horn_47,37,0.068,254.369,60,-49
horn_47,38,0.066,499.316,71,19
horn_47,39,0.063,1732.13,93,-28
horn_47,40,0.055,358,65,43
horn_47,41,0.055,383.572,67,-38
horn_47,42,0.052,234.181,58,8
horn_48,1,1.000,261.098,60,-3
horn_48,2,0.610,391.647,67,-2
horn_48,3,0.496,522.196,72,-3
horn_48,4,0.343,652.745,76,-17
horn_48,5,0.274,784.64,79,1
horn_48,6,0.268,915.189,82,-32
horn_48,7,0.248,1699.83,92,40
horn_48,8,0.223,1176.29,86,2
horn_48,9,0.211,1306.84,88,-15
horn_48,10,0.192,2353.92,98,3
horn_48,11,0.180,257.06,60,-30
horn_48,12,0.166,1830.38,94,-32
horn_48,13,0.150,265.136,60,23
horn_48,14,0.148,2877.46,102,-49
horn_48,15,0.143,1045.74,84,-1
horn_48,16,0.141,2746.91,101,-29
horn_48,17,0.136,1438.73,90,-49
horn_48,18,0.125,3008.01,102,28
horn_48,19,0.117,3138.56,103,1
horn_48,20,0.115,2092.82,96,0
horn_48,21,0.115,395.685,67,16
horn_48,22,0.101,1569.28,91,1
horn_48,23,0.097,387.609,67,-19
horn_48,24,0.088,3269.11,104,-28
horn_48,25,0.087,3401,104,40
horn_48,26,0.086,253.023,59,42
horn_48,27,0.077,2223.37,97,5
horn_48,28,0.075,1960.93,95,-13
horn_48,29,0.074,269.173,60,49
horn_48,30,0.073,3531.55,105,6
horn_48,31,0.060,3662.1,106,-31
horn_48,32,0.059,248.985,59,14
horn_48,33,0.058,2484.47,99,-3
horn_48,34,0.057,399.722,67,34
horn_49,1,1.000,414.527,68,-3
horn_49,2,0.950,275.903,61,-8
horn_49,3,0.356,969.024,83,-33
horn_49,4,0.346,1800.77,93,40
horn_49,5,0.257,553.151,73,-4
horn_49,6,0.255,830.399,80,0
horn_49,7,0.231,1523.52,91,-50
horn_49,8,0.203,1384.9,89,-15
horn_49,9,0.170,1662.14,92,1
horn_49,10,0.165,2771.14,101,-14
horn_49,11,0.157,1107.65,85,-2
horn_49,12,0.156,3464.26,105,-28
horn_49,13,0.147,3187.01,103,28
horn_49,14,0.141,2355.27,98,4
horn_49,15,0.127,2909.76,102,-30
horn_49,16,0.126,409.143,68,-26
horn_49,17,0.125,691.775,77,-17
horn_49,18,0.123,421.256,68,25
horn_49,19,0.121,270.519,61,-42
horn_49,20,0.115,282.632,61,34
horn_49,21,0.111,3048.39,103,-49
horn_49,22,0.097,2078.02,96,-12
horn_49,23,0.087,137.278,49,-16
horn_49,24,0.084,2493.89,99,3
horn_49,25,0.080,1939.39,95,-32
horn_49,26,0.075,3325.64,104,2
horn_49,27,0.075,405.106,68,-43
horn_49,28,0.072,266.482,60,32
horn_49,29,0.072,425.294,68,41
horn_49,30,0.067,3602.88,105,40
horn_49,31,0.066,286.67,62,-42
horn_49,32,0.064,1246.27,87,2
horn_49,33,0.054,401.068,67,40
horn_49,34,0.053,262.444,60,5
horn_49,35,0.051,429.331,69,-42
horn_50,1,1.000,440.098,69,0
horn_50,2,0.713,586.798,74,-2
horn_50,3,0.606,880.197,81,0
horn_50,4,0.464,1026.9,84,-33
horn_50,5,0.419,2788.63,101,-3
horn_50,6,0.320,3230.08,104,-49
horn_50,7,0.300,3083.38,103,-29
horn_50,8,0.274,3376.78,104,28
horn_50,9,0.247,2935.33,102,-14
horn_50,10,0.240,146.699,50,-2
horn_50,11,0.229,3523.48,105,2
horn_50,12,0.198,293.399,62,-2
horn_50,13,0.187,2348.54,98,-1
horn_50,14,0.179,1320.29,88,2
horn_50,15,0.179,1468.34,90,-14
horn_50,16,0.162,1173.6,86,-2
horn_50,17,0.151,3670.18,106,-28
horn_50,18,0.145,2495.24,99,4
horn_50,19,0.142,444.136,69,16
horn_50,20,0.139,733.497,78,-15
horn_50,21,0.139,2641.94,100,3
horn_50,22,0.126,582.76,74,-14
horn_50,23,0.119,1615.04,92,-49
horn_50,24,0.117,590.835,74,10
horn_50,25,0.111,884.234,81,8
horn_50,26,0.107,1761.74,93,2
horn_50,27,0.094,3816.88,106,40
horn_50,28,0.088,876.159,81,-8
horn_50,29,0.087,432.023,69,-32
horn_50,30,0.072,448.173,69,32
horn_50,31,0.071,2201.84,97,-12
horn_50,32,0.061,888.272,81,16
horn_50,33,0.060,578.722,74,-26
horn_50,34,0.059,427.985,69,-48
horn_50,35,0.058,594.873,74,22
horn_51,1,1.000,621.79,75,-1
horn_51,2,0.760,465.67,70,-2
horn_51,3,0.697,310.895,63,-1
horn_51,4,0.431,932.685,82,1
horn_51,5,0.405,1710.6,93,-49
horn_51,6,0.311,1399.7,89,3
horn_51,7,0.282,2799.4,101,3
horn_51,8,0.228,1554.48,91,-15
horn_51,9,0.207,1243.58,87,-1
horn_51,10,0.170,2955.52,102,-3
horn_51,11,0.162,2332.39,98,-13
horn_51,12,0.160,625.828,75,10
horn_51,13,0.150,1865.37,94,1
horn_51,14,0.138,154.775,51,-9
horn_51,15,0.135,1088.81,85,-31
horn_51,16,0.118,3577.31,105,28
horn_51,17,0.116,3421.19,105,-49
horn_51,18,0.115,2177.61,97,-31
horn_51,19,0.104,2021.49,95,40
horn_51,20,0.096,777.911,79,-13
horn_51,21,0.094,3110.3,103,-14
horn_51,22,0.094,3266.42,104,-29
horn_51,23,0.090,316.279,63,28
horn_51,24,0.083,936.723,82,8
horn_51,25,0.078,629.865,75,21
horn_51,26,0.077,613.715,75,-24
horn_51,27,0.076,2488.51,99,0
horn_51,28,0.074,1714.63,93,-45
horn_51,29,0.071,304.166,63,-39
horn_51,30,0.071,472.399,70,23
horn_51,31,0.066,1706.56,92,47
horn_51,32,0.065,928.648,82,-7
horn_51,33,0.060,2803.44,101,6
horn_51,34,0.055,633.903,75,32
horn_51,35,0.055,456.249,70,-37
horn_51,36,0.052,609.677,75,-35
horn_51,37,0.051,320.316,64,-50
horn_52,1,1.000,987.866,83,0
horn_52,2,0.604,493.933,71,0
horn_52,3,0.515,328.391,64,-7
horn_52,4,0.491,164.196,52,-7
horn_52,5,0.411,1647.34,92,-15
horn_52,6,0.385,1153.41,86,-32
horn_52,7,0.364,1977.08,95,1
horn_52,8,0.257,1483.14,90,4
horn_52,9,0.246,2800.75,101,4
horn_52,10,0.223,1317.6,88,-1
horn_52,11,0.219,2966.29,102,4
horn_52,12,0.209,823.67,80,-15
horn_52,13,0.201,3130.48,103,-3
horn_52,14,0.195,2141.27,96,39
horn_52,15,0.171,1812.88,94,-49
horn_52,16,0.119,3296.03,104,-14
horn_52,17,0.114,658.129,76,-3
horn_52,18,0.109,489.895,71,-14
horn_52,19,0.107,2636.55,100,0
horn_52,20,0.105,3789.96,106,28
horn_52,21,0.104,3460.22,105,-30
horn_52,22,0.096,2471.01,99,-13
horn_52,23,0.093,3625.76,106,-49
horn_52,24,0.091,2306.81,98,-32
horn_52,25,0.088,497.971,71,14
horn_52,26,0.087,160.158,52,-50
horn_52,27,0.086,994.595,83,12
horn_52,28,0.080,168.233,52,36
horn_52,29,0.072,978.445,83,-16
horn_52,30,0.070,1651.38,92,-10
horn_52,31,0.069,1643.3,92,-19
horn_52,32,0.068,323.008,64,-35
horn_52,33,0.063,1973.04,95,-2
horn_52,34,0.062,1981.12,95,5
horn_52,35,0.059,335.121,64,29
horn_52,36,0.052,999.979,83,21
horn_52,37,0.050,485.858,71,-28
horn_53,1,1.000,348.579,65,-3
horn_53,2,0.217,523.542,72,1
horn_53,3,0.175,344.542,65,-23
horn_53,4,0.165,352.617,65,17
horn_53,5,0.090,1745.59,93,-14
horn_53,6,0.085,340.504,65,-44
horn_53,7,0.079,356.655,65,36
horn_53,8,0.078,1222.05,87,-32
horn_53,9,0.077,1047.08,84,1
horn_53,10,0.077,1570.63,91,3
horn_53,11,0.055,336.467,64,36
horn_53,12,0.053,360.692,66,-44
horn_54,1,1.000,368.767,66,-6
horn_54,2,0.545,184.384,54,-6
horn_54,3,0.312,554.497,73,0
horn_54,4,0.194,738.881,78,-3
horn_54,5,0.187,1108.99,85,0
horn_54,6,0.178,924.61,82,-14
horn_54,7,0.155,1664.84,92,4
horn_54,8,0.134,1294.72,88,-32
horn_54,9,0.126,363.384,66,-31
horn_54,10,0.125,375.497,66,26
horn_54,11,0.115,1479.11,90,-1
horn_54,12,0.115,2959.56,102,0
horn_54,13,0.103,2034.95,96,-49
horn_54,14,0.094,3329.67,104,4
horn_54,15,0.094,180.346,54,-44
horn_54,16,0.092,188.421,54,32
horn_54,17,0.088,2219.33,97,1
horn_54,18,0.087,3143.94,103,4
horn_54,19,0.082,1849.22,94,-14
horn_54,20,0.077,359.346,65,49
horn_54,21,0.074,379.534,66,44
horn_54,22,0.067,3514.06,105,-3
horn_54,23,0.059,550.459,73,-12
horn_54,24,0.057,2773.83,101,-12
horn_54,25,0.056,355.309,65,30
horn_54,26,0.051,383.572,67,-38
horn_55,1,1.000,391.647,67,-2
horn_55,2,0.708,195.151,55,-7
horn_55,3,0.585,586.798,74,-2
horn_55,4,0.204,783.294,79,-2
horn_55,5,0.198,979.791,83,-14
horn_55,6,0.183,1567.93,91,0
horn_55,7,0.167,1371.44,89,-32
horn_55,8,0.129,199.188,55,28
horn_55,9,0.110,1174.94,86,0
horn_55,10,0.105,191.113,55,-44
horn_55,11,0.097,2351.23,98,1
horn_55,12,0.082,1763.08,93,3
horn_55,13,0.080,2939.37,102,-12
horn_55,14,0.077,2154.73,97,-50
horn_55,15,0.077,581.414,74,-18
horn_55,16,0.075,593.527,74,18
horn_55,17,0.070,401.068,67,40
horn_55,18,0.066,2742.88,101,-32
horn_55,19,0.063,203.226,56,-37
horn_55,20,0.061,2547.72,99,40
horn_55,21,0.060,1959.58,95,-14
horn_55,22,0.059,379.534,66,44
horn_55,23,0.053,187.075,54,19
horn_56,1,1.000,414.527,68,-3
horn_56,2,0.812,621.79,75,-1
horn_56,3,0.574,207.263,56,-3
horn_56,4,0.225,1037.66,84,-15
horn_56,5,0.201,830.399,80,0
horn_56,6,0.185,1660.8,92,0
horn_56,7,0.174,418.564,68,14
horn_56,8,0.169,2698.46,100,40
horn_56,9,0.151,410.489,68,-20
horn_56,10,0.139,1244.93,87,1
horn_56,11,0.134,1453.54,90,-31
horn_56,12,0.118,2075.33,96,-15
horn_56,13,0.116,3114.33,103,-12
horn_56,14,0.108,2907.07,102,-31
horn_56,15,0.098,616.407,75,-16
horn_56,16,0.095,3321.6,104,0
horn_56,17,0.094,628.52,75,17
horn_56,18,0.093,2283.94,98,-49
horn_56,19,0.090,1868.06,94,3
horn_56,20,0.083,211.301,56,30
horn_56,21,0.083,422.602,68,30
horn_56,22,0.077,3528.86,105,4
horn_56,23,0.077,406.452,68,-37
horn_56,24,0.058,632.557,75,28
horn_56,25,0.056,612.369,75,-28
horn_56,26,0.055,426.64,68,47
horn_57,1,1.000,438.752,69,-5
horn_57,2,0.497,219.376,57,-5
horn_57,3,0.130,659.474,76,1
horn_57,4,0.128,433.369,69,-26
horn_57,5,0.122,445.482,69,21
horn_57,6,0.106,1759.05,93,-1
horn_57,7,0.096,1539.67,91,-32
horn_57,8,0.088,215.339,57,-37
horn_57,9,0.083,223.414,57,27
horn_57,10,0.078,429.331,69,-42
horn_57,11,0.069,449.519,69,37
horn_57,12,0.054,425.294,68,41
horn_57,13,0.053,3300.06,104,-12
horn_57,14,0.053,1979.77,95,4
horn_58,1,1.000,465.67,70,-2
horn_58,2,0.675,232.835,58,-2
horn_58,3,0.438,931.339,82,-2
horn_58,4,0.418,1164.17,86,-16
horn_58,5,0.319,1631.19,92,-32
horn_58,6,0.258,2329.69,98,-15
horn_58,7,0.253,698.505,77,0
horn_58,8,0.234,3029.54,102,40
horn_58,9,0.231,1398.36,89,2
horn_58,10,0.188,2096.86,96,3
horn_58,11,0.186,3262.38,104,-32
horn_58,12,0.185,461.632,70,-17
horn_58,13,0.149,469.707,70,13
horn_58,14,0.143,2796.71,101,2
horn_58,15,0.137,2563.88,100,-49
horn_58,16,0.136,3495.21,105,-12
horn_58,17,0.100,1864.02,94,-1
horn_58,18,0.088,457.595,70,-32
horn_58,19,0.083,238.218,58,38
horn_58,20,0.072,473.745,70,28
horn_58,21,0.070,226.106,57,47
horn_58,22,0.066,1627.15,92,-36
horn_58,23,0.058,1158.79,86,-24
horn_58,24,0.057,453.557,70,-47
horn_58,25,0.052,1170.9,86,-6
horn_59,1,1.000,246.294,59,-5
horn_59,2,0.571,492.587,71,-5
horn_59,3,0.319,1234.16,87,-14
horn_59,4,0.262,986.52,83,-2
horn_59,5,0.247,1728.09,93,-32
horn_59,6,0.175,250.331,59,24
horn_59,7,0.167,242.256,59,-33
horn_59,8,0.141,2715.96,101,-49
horn_59,9,0.125,2468.32,99,-14
horn_59,10,0.117,740.226,78,1
horn_59,11,0.114,2222.03,97,4
horn_59,12,0.082,254.369,60,-49
horn_59,13,0.081,499.316,71,19
horn_59,14,0.081,238.218,58,38
horn_59,15,0.077,2962.25,102,1
horn_59,16,0.076,1974.39,95,-1
horn_59,17,0.072,487.204,71,-24
horn_59,18,0.065,3456.18,105,-32
horn_59,19,0.058,258.406,60,-21
horn_59,20,0.058,1238.2,87,-9
horn_59,21,0.054,234.181,58,8
horn_59,22,0.050,1230.12,87,-20
horn_60,1,1.000,261.098,60,-3
horn_60,2,0.481,522.196,72,-3
horn_60,3,0.338,784.64,79,1
horn_60,4,0.239,1306.84,88,-15
horn_60,5,0.209,1830.38,94,-32
horn_60,6,0.200,1045.74,84,-1
horn_60,7,0.189,257.06,60,-30
horn_60,8,0.156,2353.92,98,3
horn_60,9,0.149,2877.46,102,-49
horn_60,10,0.148,265.136,60,23
horn_60,11,0.141,2092.82,96,0
horn_60,12,0.105,3138.56,103,1
horn_60,13,0.093,253.023,59,42
horn_60,14,0.081,3662.1,106,-31
horn_60,15,0.080,1569.28,91,1
horn_60,16,0.072,269.173,60,49
horn_60,17,0.068,3401,104,40
horn_60,18,0.059,248.985,59,14
horn_61,1,1.000,275.903,61,-8
horn_61,2,0.256,830.399,80,0
horn_61,3,0.242,1384.9,89,-15
horn_61,4,0.184,1107.65,85,-2
horn_61,5,0.184,1662.14,92,1
horn_61,6,0.179,553.151,73,-4
horn_61,7,0.129,282.632,61,34
horn_61,8,0.128,270.519,61,-42
horn_61,9,0.105,2771.14,101,-14
horn_61,10,0.099,1939.39,95,-32
horn_61,11,0.081,2493.89,99,3
horn_61,12,0.079,266.482,60,32
horn_61,13,0.075,286.67,62,-42
horn_61,14,0.063,3325.64,104,2
horn_61,15,0.055,262.444,60,5
horn_61,16,0.053,2216.64,97,-1
horn_61,17,0.053,290.707,62,-18
horn_62,1,1.000,1761.74,93,2
horn_62,2,0.686,1466.99,90,-15
horn_62,3,0.659,586.798,74,-2
horn_62,4,0.605,2348.54,98,-1
horn_62,5,0.582,880.197,81,0
horn_62,6,0.413,1173.6,86,-2
horn_62,7,0.341,3230.08,104,-49
horn_62,8,0.331,2936.68,102,-14
horn_62,9,0.249,2055.14,96,-32
horn_62,10,0.237,293.399,62,-2
horn_62,11,0.231,3523.48,105,2
horn_62,12,0.132,2352.57,98,2
horn_62,13,0.123,2641.94,100,3
horn_62,14,0.116,884.234,81,8
horn_62,15,0.116,582.76,74,-14
horn_62,16,0.112,590.835,74,10
horn_62,17,0.097,1473.72,90,-7
horn_62,18,0.094,1753.66,93,-6
horn_62,19,0.090,1461.61,90,-22
horn_62,20,0.089,3816.88,106,40
horn_62,21,0.077,876.159,81,-8
horn_62,22,0.075,2344.5,98,-4
horn_62,23,0.069,2788.63,101,-3
horn_62,24,0.069,1771.16,93,11
horn_62,25,0.058,578.722,74,-26
horn_62,26,0.057,1457.57,90,-26
horn_62,27,0.056,1749.63,93,-10
horn_62,28,0.054,2356.61,98,5
horn_62,29,0.054,1477.76,90,-3
horn_62,30,0.052,594.873,74,22
horn_63,1,1.000,621.79,75,-1
horn_63,2,0.929,310.895,63,-1
horn_63,3,0.556,932.685,82,1
horn_63,4,0.322,3110.3,103,-14
horn_63,5,0.294,2799.4,101,3
horn_63,6,0.293,1243.58,87,-1
horn_63,7,0.246,1554.48,91,-15
horn_63,8,0.233,2177.61,97,-31
horn_63,9,0.198,1865.37,94,1
horn_63,10,0.178,3421.19,105,-49
horn_63,11,0.139,625.828,75,10
horn_63,12,0.116,316.279,63,28
horn_63,13,0.097,2488.51,99,0
horn_63,14,0.097,928.648,82,-7
horn_63,15,0.095,936.723,82,8
horn_63,16,0.093,304.166,63,-39
horn_63,17,0.087,613.715,75,-24
horn_63,18,0.069,320.316,64,-50
horn_63,19,0.067,629.865,75,21
horn_63,20,0.063,3114.33,103,-12
horn_63,21,0.059,609.677,75,-35
horn_63,22,0.057,1247.62,87,4
horn_63,23,0.055,2795.36,101,1
horn_63,24,0.053,3106.26,103,-16
horn_63,25,0.053,300.128,62,38
horn_63,26,0.052,2803.44,101,6
horn_64,1,1.000,987.866,83,0
horn_64,2,0.610,328.391,64,-7
horn_64,3,0.412,1647.34,92,-15
horn_64,4,0.274,1977.08,95,1
horn_64,5,0.234,2306.81,98,-32
horn_64,6,0.231,1317.6,88,-1
horn_64,7,0.226,3296.03,104,-14
horn_64,8,0.196,2966.29,102,4
horn_64,9,0.141,658.129,76,-3
horn_64,10,0.133,982.482,83,-9
horn_64,11,0.115,3625.76,106,-49
horn_64,12,0.095,323.008,64,-35
horn_64,13,0.085,994.595,83,12
horn_64,14,0.076,335.121,64,29
horn_64,15,0.074,978.445,83,-16
horn_64,16,0.066,2636.55,100,0
horn_64,17,0.060,1641.96,92,-20
horn_64,18,0.059,3291.99,104,-16
horn_64,19,0.055,998.633,83,19
horn_64,20,0.055,2302.78,98,-35
horn_64,21,0.051,318.97,63,43
horn_64,22,0.050,974.407,83,-24
horn_65,1,1.000,2095.51,96,2
horn_65,2,0.959,1745.59,93,-14
horn_65,3,0.927,1397.01,89,0
horn_65,4,0.700,348.579,65,-3
horn_65,5,0.465,1047.08,84,1
horn_65,6,0.417,3142.6,103,4
horn_65,7,0.417,2794.02,101,0
horn_65,8,0.361,3492.52,105,-14
horn_65,9,0.291,1741.55,93,-18
horn_65,10,0.282,1401.05,89,5
horn_65,11,0.282,2099.55,96,5
horn_65,12,0.242,1750.97,93,-9
horn_65,13,0.230,698.505,77,0
horn_65,14,0.226,2789.98,101,-2
horn_65,15,0.222,3488.49,105,-16
horn_65,16,0.154,3496.56,105,-12
horn_65,17,0.148,2798.06,101,3
horn_65,18,0.124,2444.09,99,-32
horn_65,19,0.123,344.542,65,-23
horn_65,20,0.121,3146.64,103,6
horn_65,21,0.121,352.617,65,17
horn_65,22,0.102,2103.59,96,9
horn_65,23,0.097,1405.08,89,10
horn_65,24,0.085,1753.66,93,-6
horn_65,25,0.081,1386.24,89,-13
horn_65,26,0.081,3500.6,105,-10
horn_65,27,0.075,1737.51,93,-22
horn_65,28,0.073,2084.75,96,-7
horn_65,29,0.071,1051.12,84,8
horn_65,30,0.064,356.655,65,36
horn_65,31,0.059,340.504,65,-44
horn_65,32,0.058,1382.2,89,-18
horn_65,33,0.057,3150.67,103,8
horn_65,34,0.056,1733.48,93,-26
horn_65,35,0.055,1410.47,89,17
horn_65,36,0.054,2108.97,96,13
horn_65,37,0.052,1757.7,93,-2
horn_65,38,0.052,2080.71,96,-10
horn_66,1,1.000,368.767,66,-6
horn_66,2,0.305,1479.11,90,-1
horn_66,3,0.242,1108.99,85,0
horn_66,4,0.213,1849.22,94,-14
horn_66,5,0.198,2219.33,97,1
horn_66,6,0.152,2959.56,102,0
horn_66,7,0.130,363.384,66,-31
horn_66,8,0.122,375.497,66,26
horn_66,9,0.109,3329.67,104,4
horn_66,10,0.078,359.346,65,49
horn_66,11,0.075,3699.79,106,-14
horn_66,12,0.071,2589.45,100,-32
horn_66,13,0.066,1483.14,90,4
horn_66,14,0.063,379.534,66,44
horn_66,15,0.053,355.309,65,30
horn_67,1,1.000,2351.23,98,1
horn_67,2,0.931,1174.94,86,0
horn_67,3,0.632,2742.88,101,-32
horn_67,4,0.562,1959.58,95,-14
horn_67,5,0.481,3135.87,103,0
horn_67,6,0.470,1567.93,91,0
horn_67,7,0.468,3527.52,105,4
horn_67,8,0.262,783.294,79,-2
horn_67,9,0.249,2347.19,98,-2
horn_67,10,0.247,391.647,67,-2
horn_67,11,0.142,1955.54,95,-18
horn_67,12,0.129,3523.48,105,2
horn_67,13,0.110,2355.27,98,4
horn_67,14,0.106,2357.96,98,6
horn_67,15,0.095,1181.67,86,10
horn_67,16,0.079,1165.52,86,-14
horn_67,17,0.068,2749.6,101,-28
horn_67,18,0.067,2339.12,98,-8
horn_67,19,0.065,3141.25,103,3
horn_67,20,0.062,1964.96,95,-9
horn_67,21,0.060,3534.24,105,7
horn_67,22,0.057,2733.45,101,-38
horn_67,23,0.057,1162.83,86,-18
horn_67,24,0.052,1573.32,91,6
horn_68,1,1.000,414.527,68,-3
horn_68,2,0.957,1244.93,87,1
horn_68,3,0.562,1660.8,92,0
horn_68,4,0.261,2907.07,102,-31
horn_68,5,0.239,2075.33,96,-15
horn_68,6,0.236,830.399,80,0
horn_68,7,0.179,418.564,68,14
horn_68,8,0.151,410.489,68,-20
horn_68,9,0.138,3321.6,104,0
horn_68,10,0.127,1239.54,87,-7
horn_68,11,0.102,1656.76,92,-5
horn_68,12,0.090,1253,87,12
horn_68,13,0.084,422.602,68,30
horn_68,14,0.075,406.452,68,-37
horn_68,15,0.072,1235.51,87,-13
horn_68,16,0.068,3737.47,106,4
horn_68,17,0.058,1257.04,87,17
horn_68,18,0.054,426.64,68,47
horn_68,19,0.050,1652.72,92,-9
horn_69,1,1.000,438.752,69,-5
horn_69,2,0.590,878.851,81,-2
horn_69,3,0.244,1318.95,88,1
horn_69,4,0.196,1759.05,93,-1
horn_69,5,0.175,2199.15,97,-14
horn_69,6,0.124,433.369,69,-26
horn_69,7,0.118,445.482,69,21
horn_69,8,0.076,429.331,69,-42
horn_69,9,0.070,449.519,69,37
horn_69,10,0.055,885.58,81,11
horn_69,11,0.053,425.294,68,41
horn_70,1,1.000,465.67,70,-2
horn_70,2,0.180,461.632,70,-17
horn_70,3,0.164,469.707,70,13
horn_70,4,0.102,2329.69,98,-15
horn_70,5,0.100,1864.02,94,-1
horn_70,6,0.090,457.595,70,-32
horn_70,7,0.077,473.745,70,28
horn_70,8,0.067,931.339,82,-2
horn_70,9,0.058,453.557,70,-47
horn_70,10,0.052,477.783,70,43
horn_70,11,0.050,1398.36,89,2
horn_71,1,1.000,492.587,71,-5
horn_71,2,0.327,1480.45,90,1
horn_71,3,0.300,1974.39,95,-1
horn_71,4,0.290,986.52,83,-2
horn_71,5,0.138,2468.32,99,-14
horn_71,6,0.136,2962.25,102,1
horn_71,7,0.135,487.204,71,-24
horn_71,8,0.117,499.316,71,19
horn_71,9,0.082,4444.05,109,4
horn_71,10,0.073,503.354,71,33
horn_71,11,0.070,483.166,71,-38
horn_71,12,0.053,479.128,70,47
horn_71,13,0.050,507.392,71,47
horn_72,1,1.000,1569.28,91,1
horn_72,2,0.982,1045.74,84,-1
horn_72,3,0.888,2092.82,96,0
horn_72,4,0.828,522.196,72,-3
horn_72,5,0.195,1049.78,84,5
horn_72,6,0.148,1041.7,84,-8
horn_72,7,0.118,2098.21,96,4
horn_72,8,0.104,2615.02,100,-15
horn_72,9,0.102,4185.64,108,0
horn_72,10,0.100,1561.2,91,-7
horn_72,11,0.096,2086.09,96,-6
horn_72,12,0.088,1053.81,84,12
horn_72,13,0.084,1037.66,84,-15
horn_72,14,0.079,4707.84,110,3
horn_72,15,0.075,1577.36,91,10
horn_72,16,0.073,528.925,72,19
horn_72,17,0.066,3662.1,106,-31
horn_72,18,0.060,1057.85,84,19
horn_72,19,0.059,2102.24,96,8
horn_72,20,0.057,512.775,72,-35
horn_72,21,0.057,1557.17,91,-12
horn_72,22,0.050,2082.06,96,-9
horn_72,23,0.050,1581.39,91,15
lonely_bassoon_36,1,1.000,458.94,70,-27
lonely_bassoon_36,2,0.592,524.888,72,5
lonely_bassoon_36,3,0.579,589.489,74,6
lonely_bassoon_36,4,0.472,462.978,70,-12
lonely_bassoon_36,5,0.401,392.993,67,4
lonely_bassoon_36,6,0.365,593.527,74,18
lonely_bassoon_36,7,0.309,528.925,72,19
lonely_bassoon_36,8,0.296,655.437,76,-10
lonely_bassoon_36,9,0.279,262.444,60,5
lonely_bassoon_36,10,0.268,585.452,74,-6
lonely_bassoon_36,11,0.243,327.046,64,-14
lonely_bassoon_36,12,0.233,454.903,70,-42
lonely_bassoon_36,13,0.202,519.504,72,-12
lonely_bassoon_36,14,0.200,196.496,55,4
lonely_bassoon_36,15,0.179,397.031,67,22
lonely_bassoon_36,16,0.176,651.399,76,-21
lonely_bassoon_36,17,0.141,130.549,48,-3
lonely_bassoon_36,18,0.141,659.474,76,1
lonely_bassoon_36,19,0.123,450.865,69,42
lonely_bassoon_36,20,0.107,331.083,64,8
lonely_bassoon_36,21,0.094,581.414,74,-18
lonely_bassoon_36,22,0.094,388.955,67,-13
lonely_bassoon_36,23,0.094,467.016,70,3
lonely_bassoon_36,24,0.075,446.828,69,27
lonely_bassoon_36,25,0.073,647.362,76,-32
lonely_bassoon_36,26,0.073,64.6016,36,-21
lonely_bassoon_36,27,0.071,721.384,78,-44
lonely_bassoon_36,28,0.063,717.347,77,46
lonely_bassoon_36,29,0.062,323.008,64,-35
lonely_bassoon_36,30,0.054,442.79,69,11
lonely_bassoon_36,31,0.054,1185.71,86,16
lonely_bassoon_36,32,0.052,471.053,70,18
lonely_bassoon_37,1,1.000,484.512,71,-33
lonely_bassoon_37,2,0.638,553.151,73,-4
lonely_bassoon_37,3,0.590,623.136,75,2
lonely_bassoon_37,4,0.513,625.828,75,10
lonely_bassoon_37,5,0.421,414.527,68,-3
lonely_bassoon_37,6,0.388,557.189,73,9
lonely_bassoon_37,7,0.343,480.474,71,-48
lonely_bassoon_37,8,0.321,619.098,75,-9
lonely_bassoon_37,9,0.314,275.903,61,-8
lonely_bassoon_37,10,0.297,691.775,77,-17
lonely_bassoon_37,11,0.283,345.888,65,-17
lonely_bassoon_37,12,0.228,549.113,73,-16
lonely_bassoon_37,13,0.223,207.263,56,-3
lonely_bassoon_37,14,0.211,418.564,68,14
lonely_bassoon_37,15,0.178,687.738,77,-27
lonely_bassoon_37,16,0.158,629.865,75,21
lonely_bassoon_37,17,0.144,137.278,49,-16
lonely_bassoon_37,18,0.129,279.94,61,17
lonely_bassoon_37,19,0.115,561.226,73,21
lonely_bassoon_37,20,0.086,68.6392,37,-16
lonely_bassoon_37,21,0.078,341.85,65,-37
lonely_bassoon_37,22,0.066,422.602,68,30
lonely_bassoon_37,23,0.066,757.723,78,41
lonely_bassoon_37,24,0.061,761.76,79,-50
lonely_bassoon_37,25,0.058,1248.96,87,6
lonely_bassoon_37,26,0.056,565.264,73,34
lonely_bassoon_37,27,0.054,699.85,77,3
lonely_bassoon_37,28,0.053,472.399,70,23
lonely_bassoon_37,29,0.051,464.324,70,-7
lonely_bassoon_37,30,0.051,764.452,79,-44
lonely_bassoon_37,31,0.050,1253,87,12
lonely_bassoon_38,1,1.000,515.467,72,-26
lonely_bassoon_38,2,0.614,441.444,69,6
lonely_bassoon_38,3,0.471,368.767,66,-6
lonely_bassoon_38,4,0.334,520.85,72,-8
lonely_bassoon_38,5,0.272,294.745,62,6
lonely_bassoon_38,6,0.257,446.828,69,27
lonely_bassoon_38,7,0.166,146.699,50,-2
lonely_bassoon_38,8,0.154,220.722,57,6
lonely_bassoon_38,9,0.126,589.489,74,6
lonely_bassoon_38,10,0.117,372.805,66,13
lonely_bassoon_38,11,0.107,526.234,72,10
lonely_bassoon_38,12,0.106,506.046,71,42
lonely_bassoon_38,13,0.093,452.211,69,47
lonely_bassoon_38,14,0.088,663.512,76,11
lonely_bassoon_38,15,0.075,737.535,78,-6
lonely_bassoon_38,16,0.071,290.707,62,-18
lonely_bassoon_38,17,0.068,298.782,62,30
lonely_bassoon_38,18,0.067,530.271,72,23
lonely_bassoon_38,19,0.065,456.249,70,-37
lonely_bassoon_38,20,0.060,502.008,71,28
lonely_bassoon_38,21,0.056,432.023,69,-32
lonely_bassoon_39,1,1.000,469.707,70,13
lonely_bassoon_39,2,0.834,547.768,73,-21
lonely_bassoon_39,3,0.455,625.828,75,10
lonely_bassoon_39,4,0.439,312.241,63,6
lonely_bassoon_39,5,0.414,391.647,67,-2
lonely_bassoon_39,6,0.294,234.181,58,8
lonely_bassoon_39,7,0.236,465.67,70,-2
lonely_bassoon_39,8,0.219,551.805,73,-8
lonely_bassoon_39,9,0.204,156.12,51,6
lonely_bassoon_39,10,0.189,543.73,73,-34
lonely_bassoon_39,11,0.165,1253,87,12
lonely_bassoon_39,12,0.137,78.0602,39,6
lonely_bassoon_39,13,0.129,703.888,77,13
lonely_bassoon_39,14,0.110,480.474,71,-48
lonely_bassoon_39,15,0.100,1257.04,87,17
lonely_bassoon_39,16,0.094,558.535,73,13
lonely_bassoon_39,17,0.092,461.632,70,-17
lonely_bassoon_39,18,0.083,539.692,73,-46
lonely_bassoon_39,19,0.082,555.843,73,5
lonely_bassoon_39,20,0.065,238.218,58,38
lonely_bassoon_39,21,0.064,384.918,67,-32
lonely_bassoon_39,22,0.056,306.858,63,-24
lonely_bassoon_39,23,0.056,1017.47,84,-49
lonely_bassoon_39,24,0.054,1174.94,86,0
lonely_bassoon_39,25,0.054,1331.06,88,16
lonely_bassoon_40,1,1.000,495.279,71,5
lonely_bassoon_40,2,0.552,413.181,68,-9
lonely_bassoon_40,3,0.444,577.377,74,-30
lonely_bassoon_40,4,0.306,247.639,59,5
lonely_bassoon_40,5,0.231,329.737,64,1
lonely_bassoon_40,6,0.201,164.196,52,-7
lonely_bassoon_40,7,0.190,499.316,71,19
lonely_bassoon_40,8,0.154,491.241,71,-9
lonely_bassoon_40,9,0.136,742.918,78,7
lonely_bassoon_40,10,0.132,660.82,76,4
lonely_bassoon_40,11,0.111,573.339,74,-42
lonely_bassoon_40,12,0.096,487.204,71,-24
lonely_bassoon_40,13,0.089,82.0978,40,-7
lonely_bassoon_40,14,0.078,506.046,71,42
lonely_bassoon_40,15,0.071,503.354,71,33
lonely_bassoon_40,16,0.059,1405.08,89,10
lonely_bassoon_40,17,0.057,1321.64,88,4
lonely_bassoon_41,1,1.000,524.888,72,5
lonely_bassoon_41,2,0.386,437.407,69,-10
lonely_bassoon_41,3,0.375,613.715,75,-24
lonely_bassoon_41,4,0.307,349.925,65,3
lonely_bassoon_41,5,0.214,520.85,72,-8
lonely_bassoon_41,6,0.180,174.963,53,3
lonely_bassoon_41,7,0.113,262.444,60,5
lonely_bassoon_41,8,0.110,701.196,77,7
lonely_bassoon_41,9,0.099,87.4813,41,3
lonely_bassoon_41,10,0.094,963.64,83,-43
lonely_bassoon_41,11,0.092,608.332,75,-39
lonely_bassoon_41,12,0.084,515.467,72,-26
lonely_bassoon_41,13,0.070,1314.91,88,-5
lonely_bassoon_41,14,0.062,511.429,72,-40
lonely_bassoon_41,15,0.060,535.655,72,41
lonely_bassoon_41,16,0.060,353.963,65,23
lonely_bassoon_41,17,0.052,433.369,69,-26
lonely_bassoon_42,1,1.000,551.805,73,-8
lonely_bassoon_42,2,0.498,460.286,70,-22
lonely_bassoon_42,3,0.423,644.67,76,-39
lonely_bassoon_42,4,0.264,736.189,78,-9
lonely_bassoon_42,5,0.200,275.903,61,-8
lonely_bassoon_42,6,0.198,367.421,66,-12
lonely_bassoon_42,7,0.161,546.422,73,-25
lonely_bassoon_42,8,0.097,640.632,76,-50
lonely_bassoon_42,9,0.097,542.384,73,-38
lonely_bassoon_42,10,0.092,456.249,70,-37
lonely_bassoon_42,11,0.078,183.038,54,-18
lonely_bassoon_42,12,0.067,559.88,73,17
lonely_bassoon_42,13,0.059,732.151,78,-18
lonely_bassoon_42,14,0.059,829.054,80,-3
lonely_bassoon_42,15,0.056,91.5189,42,-18
lonely_bassoon_42,16,0.050,531.617,72,27
lonely_bassoon_43,1,1.000,489.895,71,-14
lonely_bassoon_43,2,0.694,588.144,74,2
lonely_bassoon_43,3,0.376,391.647,67,-2
lonely_bassoon_43,4,0.325,493.933,71,0
lonely_bassoon_43,5,0.234,485.858,71,-28
lonely_bassoon_43,6,0.193,584.106,74,-10
lonely_bassoon_43,7,0.148,293.399,62,-2
lonely_bassoon_43,8,0.110,497.971,71,14
lonely_bassoon_43,9,0.107,395.685,67,16
lonely_bassoon_43,10,0.098,96.9024,43,-19
lonely_bassoon_43,11,0.085,979.791,83,-14
lonely_bassoon_43,12,0.083,502.008,71,28
lonely_bassoon_43,13,0.079,1274.54,87,41
lonely_bassoon_43,14,0.078,387.609,67,-19
lonely_bassoon_43,15,0.068,596.219,74,26
lonely_bassoon_43,16,0.061,686.392,77,-30
lonely_bassoon_43,17,0.061,598.91,74,34
lonely_bassoon_43,18,0.058,983.828,83,-7
lonely_bassoon_43,19,0.057,506.046,71,42
lonely_bassoon_43,20,0.055,1270.5,87,36
lonely_bassoon_44,1,1.000,516.813,72,-21
lonely_bassoon_44,2,0.280,620.444,75,-5
lonely_bassoon_44,3,0.234,520.85,72,-8
lonely_bassoon_44,4,0.138,413.181,68,-9
lonely_bassoon_44,5,0.104,527.58,72,14
lonely_bassoon_44,6,0.103,524.888,72,5
lonely_bassoon_44,7,0.092,309.549,63,-9
lonely_bassoon_44,8,0.091,506.046,71,42
lonely_bassoon_44,9,0.084,510.083,72,-44
lonely_bassoon_44,10,0.064,205.918,56,-15
lonely_bassoon_44,11,0.058,724.076,78,-38
lonely_bassoon_44,12,0.055,102.286,44,-26
lonely_bassoon_44,13,0.054,1240.89,87,-5
lonely_bassoon_44,14,0.050,532.963,72,32
lonely_bassoon_45,1,1.000,551.805,73,-8
lonely_bassoon_45,2,0.347,441.444,69,6
lonely_bassoon_45,3,0.207,547.768,73,-21
lonely_bassoon_45,4,0.174,555.843,73,5
lonely_bassoon_45,5,0.171,772.527,79,-25
lonely_bassoon_45,6,0.126,331.083,64,8
lonely_bassoon_45,7,0.117,662.166,76,8
lonely_bassoon_45,8,0.096,559.88,73,17
lonely_bassoon_45,9,0.088,220.722,57,6
lonely_bassoon_45,10,0.081,543.73,73,-34
lonely_bassoon_45,11,0.075,110.361,45,6
lonely_bassoon_45,12,0.072,882.888,81,6
lonely_bassoon_45,13,0.069,539.692,73,-46
lonely_bassoon_45,14,0.052,445.482,69,21
lonely_bassoon_45,15,0.051,993.249,83,10
lonely_bassoon_46,1,1.000,585.452,74,-6
lonely_bassoon_46,2,0.952,468.361,70,8
lonely_bassoon_46,3,0.460,351.271,65,10
lonely_bassoon_46,4,0.347,581.414,74,-18
lonely_bassoon_46,5,0.280,589.489,74,6
lonely_bassoon_46,6,0.248,472.399,70,23
lonely_bassoon_46,7,0.226,702.542,77,10
lonely_bassoon_46,8,0.190,234.181,58,8
lonely_bassoon_46,9,0.156,1287.99,88,-41
lonely_bassoon_46,10,0.116,698.505,77,0
lonely_bassoon_46,11,0.093,594.873,74,22
lonely_bassoon_46,12,0.078,477.783,70,43
lonely_bassoon_46,13,0.078,574.685,74,-38
lonely_bassoon_46,14,0.077,1283.96,88,-46
lonely_bassoon_46,15,0.074,1293.38,88,-33
lonely_bassoon_46,16,0.073,1406.43,89,12
lonely_bassoon_46,17,0.069,457.595,70,-32
lonely_bassoon_46,18,0.062,819.633,80,-23
lonely_bassoon_47,1,1.000,493.933,71,0
lonely_bassoon_47,2,0.392,370.113,66,1
lonely_bassoon_47,3,0.270,488.549,71,-19
lonely_bassoon_47,4,0.249,246.294,59,-5
lonely_bassoon_47,5,0.222,617.753,75,-13
lonely_bassoon_47,6,0.139,485.858,71,-28
lonely_bassoon_47,7,0.136,374.151,66,19
lonely_bassoon_47,8,0.112,741.572,78,4
lonely_bassoon_47,9,0.109,612.369,75,-28
lonely_bassoon_47,10,0.107,736.189,78,-9
lonely_bassoon_47,11,0.090,744.264,78,10
lonely_bassoon_47,12,0.076,503.354,71,33
lonely_bassoon_47,13,0.060,481.82,71,-43
lonely_bassoon_47,14,0.059,366.076,66,-18
lonely_bassoon_48,1,1.000,527.58,72,14
lonely_bassoon_48,2,0.817,395.685,67,16
lonely_bassoon_48,3,0.185,532.963,72,32
lonely_bassoon_48,4,0.134,1187.05,86,18
lonely_bassoon_48,5,0.128,263.79,60,14
lonely_bassoon_48,6,0.127,399.722,67,34
lonely_bassoon_48,7,0.118,516.813,72,-21
lonely_bassoon_48,8,0.104,535.655,72,41
lonely_bassoon_48,9,0.093,388.955,67,-13
lonely_bassoon_48,10,0.087,384.918,67,-32
lonely_bassoon_48,11,0.086,659.474,76,1
lonely_bassoon_48,12,0.084,131.895,48,14
lonely_bassoon_48,13,0.064,923.264,82,-17
lonely_bassoon_48,14,0.063,405.106,68,-43
lonely_bassoon_48,15,0.062,1318.95,88,1
lonely_bassoon_48,16,0.057,512.775,72,-35
lonely_bassoon_48,17,0.055,549.113,73,-16
lonely_bassoon_48,18,0.054,380.88,67,-50
lonely_bassoon_49,1,1.000,555.843,73,5
lonely_bassoon_49,2,0.858,415.873,68,2
lonely_bassoon_49,3,0.488,277.248,61,0
lonely_bassoon_49,4,0.274,694.467,77,-10
lonely_bassoon_49,5,0.213,833.091,80,5
lonely_bassoon_49,6,0.207,561.226,73,21
lonely_bassoon_49,7,0.109,690.429,77,-20
lonely_bassoon_49,8,0.096,281.286,61,25
lonely_bassoon_49,9,0.090,138.624,49,0
lonely_bassoon_49,10,0.078,273.211,61,-25
lonely_bassoon_49,11,0.074,698.505,77,0
lonely_bassoon_49,12,0.073,837.129,80,14
lonely_bassoon_49,13,0.062,569.301,73,46
lonely_bassoon_49,14,0.060,547.768,73,-21
lonely_bassoon_49,15,0.058,285.324,62,-50
lonely_bassoon_49,16,0.055,543.73,73,-34
lonely_bassoon_49,17,0.054,426.64,68,47
lonely_bassoon_50,1,1.000,590.835,74,10
lonely_bassoon_50,2,0.821,442.79,69,11
lonely_bassoon_50,3,0.447,294.745,62,6
lonely_bassoon_50,4,0.297,586.798,74,-2
lonely_bassoon_50,5,0.260,438.752,69,-5
lonely_bassoon_50,6,0.228,594.873,74,22
lonely_bassoon_50,7,0.227,738.881,78,-3
lonely_bassoon_50,8,0.182,601.602,74,42
lonely_bassoon_50,9,0.177,580.068,74,-22
lonely_bassoon_50,10,0.169,886.926,81,14
lonely_bassoon_50,11,0.153,446.828,69,27
lonely_bassoon_50,12,0.118,453.557,70,-47
lonely_bassoon_50,13,0.116,432.023,69,-32
lonely_bassoon_50,14,0.106,298.782,62,30
lonely_bassoon_50,15,0.099,434.715,69,-21
lonely_bassoon_50,16,0.095,734.843,78,-12
lonely_bassoon_50,17,0.081,146.699,50,-2
lonely_bassoon_50,18,0.081,742.918,78,7
lonely_bassoon_50,19,0.080,890.963,81,21
lonely_bassoon_50,20,0.073,290.707,62,-18
lonely_bassoon_50,21,0.057,749.648,78,22
lonely_bassoon_50,22,0.051,576.031,74,-34
lonely_bassoon_50,23,0.051,881.542,81,3
lonely_bassoon_51,1,1.000,467.016,70,3
lonely_bassoon_51,2,0.256,310.895,63,-1
lonely_bassoon_51,3,0.212,623.136,75,2
lonely_bassoon_51,4,0.149,473.745,70,28
lonely_bassoon_51,5,0.142,156.12,51,6
lonely_bassoon_51,6,0.114,780.602,79,-7
lonely_bassoon_51,7,0.109,461.632,70,-17
lonely_bassoon_51,8,0.091,457.595,70,-32
lonely_bassoon_51,9,0.088,477.783,70,43
lonely_bassoon_51,10,0.080,935.377,82,6
lonely_bassoon_51,11,0.071,1247.62,87,4
lonely_bassoon_51,12,0.064,1715.98,93,-44
lonely_bassoon_51,13,0.055,628.52,75,17
lonely_bassoon_51,14,0.054,453.557,70,-47
lonely_bassoon_51,15,0.051,481.82,71,-43
lonely_bassoon_51,16,0.050,784.64,79,1
lonely_bassoon_52,1,1.000,496.625,71,10
lonely_bassoon_52,2,0.217,331.083,64,8
lonely_bassoon_52,3,0.116,165.542,52,8
lonely_bassoon_52,4,0.108,485.858,71,-28
lonely_bassoon_52,5,0.099,504.7,71,38
lonely_bassoon_52,6,0.066,662.166,76,8
lonely_bassoon_53,1,1.000,527.58,72,14
lonely_bassoon_53,2,0.321,351.271,65,10
lonely_bassoon_53,3,0.264,703.888,77,13
lonely_bassoon_53,4,0.226,522.196,72,-3
lonely_bassoon_53,5,0.164,518.159,72,-17
lonely_bassoon_53,6,0.153,538.347,72,49
lonely_bassoon_53,7,0.134,174.963,53,3
lonely_bassoon_53,8,0.092,880.197,81,0
lonely_bassoon_53,9,0.066,1232.81,87,-16
lonely_bassoon_53,10,0.056,698.505,77,0
lonely_bassoon_53,11,0.055,694.467,77,-10
lonely_bassoon_53,12,0.053,510.083,72,-44
lonely_bassoon_53,13,0.052,714.655,77,40
lonely_bassoon_54,1,1.000,554.497,73,0
lonely_bassoon_54,2,0.480,368.767,66,-6
lonely_bassoon_54,3,0.307,738.881,78,-3
lonely_bassoon_54,4,0.163,184.384,54,-6
lonely_bassoon_54,5,0.105,546.422,73,-25
lonely_bassoon_54,6,0.083,734.843,78,-12
lonely_bassoon_54,7,0.068,562.572,73,25
lonely_bassoon_54,8,0.065,567.956,73,42
lonely_bassoon_54,9,0.057,363.384,66,-31
lonely_bassoon_54,10,0.056,542.384,73,-38
lonely_bassoon_54,11,0.053,1294.72,88,-32
lonely_bassoon_54,12,0.052,570.647,74,-50
lonely_bassoon_55,1,1.000,589.489,74,6
lonely_bassoon_55,2,0.968,392.993,67,4
lonely_bassoon_55,3,0.459,196.496,55,4
lonely_bassoon_55,4,0.316,585.452,74,-6
lonely_bassoon_55,5,0.248,785.986,79,4
lonely_bassoon_55,6,0.191,593.527,74,18
lonely_bassoon_55,7,0.118,578.722,74,-26
lonely_bassoon_55,8,0.100,982.482,83,-9
lonely_bassoon_55,9,0.089,382.226,67,-44
lonely_bassoon_55,10,0.072,781.948,79,-5
lonely_bassoon_55,11,0.071,1178.98,86,6
lonely_bassoon_55,12,0.070,790.023,79,13
lonely_bassoon_55,13,0.069,1769.81,93,10
lonely_bassoon_55,14,0.064,574.685,74,-38
lonely_bassoon_55,15,0.063,601.602,74,42
lonely_bassoon_55,16,0.058,378.188,66,38
lonely_bassoon_55,17,0.056,189.767,54,44
lonely_bassoon_55,18,0.053,597.565,74,30
lonely_bassoon_56,1,1.000,625.828,75,10
lonely_bassoon_56,2,0.959,417.219,68,8
lonely_bassoon_56,3,0.450,208.609,56,8
lonely_bassoon_56,4,0.291,621.79,75,-1
lonely_bassoon_56,5,0.247,834.437,80,8
lonely_bassoon_56,6,0.195,629.865,75,21
lonely_bassoon_56,7,0.150,421.256,68,25
lonely_bassoon_56,8,0.110,617.753,75,-13
lonely_bassoon_56,9,0.099,1043.05,84,-6
lonely_bassoon_56,10,0.080,1878.83,94,13
lonely_bassoon_56,11,0.072,613.715,75,-24
lonely_bassoon_56,12,0.071,1251.66,87,10
lonely_bassoon_56,13,0.071,838.475,80,16
lonely_bassoon_56,14,0.066,633.903,75,32
lonely_bassoon_56,15,0.063,830.399,80,0
lonely_bassoon_56,16,0.061,425.294,68,41
lonely_bassoon_56,17,0.059,406.452,68,-37
lonely_bassoon_56,18,0.051,609.677,75,-35
lonely_bassoon_56,19,0.050,201.88,56,-49
lonely_bassoon_57,1,1.000,440.098,69,0
lonely_bassoon_57,2,0.765,660.82,76,4
lonely_bassoon_57,3,0.310,880.197,81,0
lonely_bassoon_57,4,0.292,219.376,57,-5
lonely_bassoon_57,5,0.222,1100.92,85,-12
lonely_bassoon_57,6,0.204,655.437,76,-10
lonely_bassoon_57,7,0.193,434.715,69,-21
lonely_bassoon_57,8,0.181,444.136,69,16
lonely_bassoon_57,9,0.149,1542.36,91,-29
lonely_bassoon_57,10,0.118,1546.4,91,-24
lonely_bassoon_57,11,0.117,446.828,69,27
lonely_bassoon_57,12,0.102,1104.96,85,-6
lonely_bassoon_57,13,0.100,650.053,76,-24
lonely_bassoon_57,14,0.097,876.159,81,-8
lonely_bassoon_57,15,0.089,429.331,69,-42
lonely_bassoon_57,16,0.086,1096.88,85,-19
lonely_bassoon_57,17,0.079,670.241,76,29
lonely_bassoon_57,18,0.071,1536.98,91,-35
lonely_bassoon_57,19,0.067,452.211,69,47
lonely_bassoon_57,20,0.063,1321.64,88,4
lonely_bassoon_57,21,0.055,456.249,70,-37
lonely_bassoon_57,22,0.052,646.016,76,-35
lonely_bassoon_57,23,0.051,1531.6,91,-41
lonely_bassoon_58,1,1.000,467.016,70,3
lonely_bassoon_58,2,0.282,935.377,82,6
lonely_bassoon_58,3,0.248,471.053,70,18
lonely_bassoon_58,4,0.248,232.835,58,-2
lonely_bassoon_58,5,0.217,462.978,70,-12
lonely_bassoon_58,6,0.141,701.196,77,7
lonely_bassoon_58,7,0.123,931.339,82,-2
lonely_bassoon_58,8,0.093,697.159,77,-3
lonely_bassoon_58,9,0.092,475.091,70,33
lonely_bassoon_58,10,0.085,458.94,70,-27
lonely_bassoon_58,11,0.059,479.128,70,47
lonely_bassoon_58,12,0.057,1169.56,86,-8
lonely_bassoon_58,13,0.052,454.903,70,-42
lonely_bassoon_59,1,1.000,495.279,71,5
lonely_bassoon_59,2,0.257,247.639,59,5
lonely_bassoon_59,3,0.176,744.264,78,10
lonely_bassoon_59,4,0.067,507.392,71,47
lonely_bassoon_59,5,0.059,243.602,59,-24
lonely_bassoon_59,6,0.054,483.166,71,-38
lonely_bassoon_59,7,0.051,511.429,72,-40
lonely_bassoon_60,1,1.000,524.888,72,5
lonely_bassoon_60,2,0.304,1049.78,84,5
lonely_bassoon_60,3,0.254,262.444,60,5
lonely_bassoon_60,4,0.143,787.332,79,7
lonely_bassoon_60,5,0.108,1044.39,84,-3
lonely_bassoon_60,6,0.086,783.294,79,-2
lonely_bassoon_60,7,0.076,514.121,72,-30
lonely_bassoon_60,8,0.075,534.309,72,36
lonely_bassoon_60,9,0.068,1312.22,88,-8
lonely_bassoon_60,10,0.057,538.347,72,49
lonely_bassoon_61,1,1.000,554.497,73,0
lonely_bassoon_61,2,0.199,550.459,73,-12
lonely_bassoon_61,3,0.172,558.535,73,13
lonely_bassoon_61,4,0.104,831.745,80,2
lonely_bassoon_61,5,0.094,277.248,61,0
lonely_bassoon_61,6,0.090,562.572,73,25
lonely_bassoon_61,7,0.080,546.422,73,-25
lonely_bassoon_61,8,0.073,1108.99,85,0
lonely_bassoon_61,9,0.055,566.61,73,38
lonely_bassoon_61,10,0.055,542.384,73,-38
lonely_bassoon_62,1,1.000,588.144,74,2
lonely_bassoon_62,2,0.353,592.181,74,14
lonely_bassoon_62,3,0.281,582.76,74,-14
lonely_bassoon_62,4,0.258,293.399,62,-2
lonely_bassoon_62,5,0.085,596.219,74,26
lonely_bassoon_62,6,0.075,576.031,74,-34
lonely_bassoon_62,7,0.055,600.256,74,38
lonely_bassoon_63,1,1.000,625.828,75,10
lonely_bassoon_63,2,0.315,312.241,63,6
lonely_bassoon_63,3,0.156,632.557,75,28
lonely_bassoon_63,4,0.117,616.407,75,-16
lonely_bassoon_63,5,0.106,619.098,75,-9
lonely_bassoon_63,6,0.099,1255.69,87,15
lonely_bassoon_63,7,0.096,1250.31,87,8
lonely_bassoon_63,8,0.090,939.415,82,13
lonely_bassoon_63,9,0.074,639.286,75,47
lonely_bassoon_63,10,0.057,612.369,75,-28
lonely_bassoon_63,11,0.056,644.67,76,-39
lonely_bassoon_63,12,0.052,318.97,63,43
lonely_bassoon_64,1,1.000,663.512,76,11
lonely_bassoon_64,2,0.812,666.204,76,18
lonely_bassoon_64,3,0.476,659.474,76,1
lonely_bassoon_64,4,0.174,331.083,64,8
lonely_bassoon_64,5,0.088,679.662,77,-47
lonely_bassoon_64,6,0.088,676.971,76,46
lonely_bassoon_64,7,0.066,651.399,76,-21
lonely_bassoon_64,8,0.064,683.7,77,-37
lonely_bassoon_64,9,0.064,1329.72,88,15
lonely_bassoon_64,10,0.052,997.287,83,17
lonely_bassoon_65,1,1.000,705.234,77,17
lonely_bassoon_65,2,0.660,352.617,65,17
lonely_bassoon_65,3,0.376,709.272,77,27
lonely_bassoon_65,4,0.214,713.309,77,36
lonely_bassoon_65,5,0.183,697.159,77,-3
lonely_bassoon_65,6,0.174,348.579,65,-3
lonely_bassoon_65,7,0.165,1059.2,84,21
lonely_bassoon_65,8,0.161,356.655,65,36
lonely_bassoon_65,9,0.103,717.347,77,46
lonely_bassoon_65,10,0.093,720.038,78,-47
lonely_bassoon_65,11,0.089,1409.12,89,15
lonely_bassoon_65,12,0.075,1761.74,93,2
lonely_bassoon_65,13,0.069,691.775,77,-17
lonely_bassoon_65,14,0.066,345.888,65,-17
lonely_bassoon_65,15,0.055,1771.16,93,11
lonely_bassoon_65,16,0.054,1051.12,84,8
lonely_bassoon_65,17,0.053,728.114,78,-28
lonely_bassoon_66,1,1.000,738.881,78,-3
lonely_bassoon_66,2,0.799,742.918,78,7
lonely_bassoon_66,3,0.749,734.843,78,-12
lonely_bassoon_66,4,0.664,368.767,66,-6
lonely_bassoon_66,5,0.327,372.805,66,13
lonely_bassoon_66,6,0.293,730.805,78,-22
lonely_bassoon_66,7,0.265,364.73,66,-25
lonely_bassoon_66,8,0.122,750.993,78,26
lonely_bassoon_66,9,0.094,1111.69,85,5
lonely_bassoon_66,10,0.092,1115.72,85,11
lonely_bassoon_66,11,0.073,755.031,78,35
lonely_bassoon_66,12,0.059,759.069,78,44
lonely_bassoon_66,13,0.057,722.73,78,-41
lonely_bassoon_66,14,0.055,1104.96,85,-6
lonely_bassoon_67,1,1.000,787.332,79,7
lonely_bassoon_67,2,0.636,392.993,67,4
lonely_bassoon_67,3,0.171,776.565,79,-16
lonely_bassoon_67,4,0.123,779.257,79,-10
lonely_bassoon_67,5,0.110,388.955,67,-13
lonely_bassoon_67,6,0.107,800.79,79,37
lonely_bassoon_67,7,0.093,772.527,79,-25
lonely_bassoon_67,8,0.083,768.49,79,-35
lonely_bassoon_67,9,0.071,806.174,79,48
lonely_bassoon_67,10,0.070,810.211,80,-43
lonely_bassoon_67,11,0.063,401.068,67,40
lonely_bassoon_67,12,0.057,1577.36,91,10
lonely_bassoon_67,13,0.056,382.226,67,-44
lonely_bassoon_67,14,0.055,1570.63,91,3
lonely_bassoon_68,1,1.000,837.129,80,14
lonely_bassoon_68,2,0.557,418.564,68,14
lonely_bassoon_68,3,0.445,833.091,80,5
lonely_bassoon_68,4,0.353,841.166,80,22
lonely_bassoon_68,5,0.211,829.054,80,-3
lonely_bassoon_68,6,0.161,1255.69,87,15
lonely_bassoon_68,7,0.084,1259.73,87,21
lonely_bassoon_68,8,0.064,1674.26,92,14
lonely_bassoon_68,9,0.062,847.896,80,36
lonely_bassoon_68,10,0.061,2096.86,96,3
lonely_bassoon_68,11,0.060,1671.57,92,11
lonely_bassoon_68,12,0.060,2092.82,96,0
lonely_bassoon_68,13,0.054,853.279,80,47
lonely_bassoon_68,14,0.051,816.941,80,-29
lonely_bassoon_68,15,0.051,2100.9,96,7
lonely_bassoon_69,1,1.000,881.542,81,3
lonely_bassoon_69,2,0.659,440.098,69,0
lonely_bassoon_69,3,0.576,885.58,81,11
lonely_bassoon_69,4,0.365,873.467,81,-13
lonely_bassoon_69,5,0.247,444.136,69,16
lonely_bassoon_69,6,0.161,1320.29,88,2
lonely_bassoon_69,7,0.129,892.309,81,24
lonely_bassoon_69,8,0.113,1327.02,88,11
lonely_bassoon_69,9,0.102,896.347,81,32
lonely_bassoon_69,10,0.082,432.023,69,-32
lonely_bassoon_69,11,0.077,1761.74,93,2
lonely_bassoon_69,12,0.073,1314.91,88,-5
lonely_bassoon_69,13,0.073,862.7,81,-34
lonely_bassoon_69,14,0.071,2203.18,97,-11
lonely_bassoon_69,15,0.071,866.738,81,-26
lonely_bassoon_69,16,0.063,2205.87,97,-9
lonely_bassoon_69,17,0.061,899.039,81,37
lonely_bassoon_69,18,0.060,1756.36,93,-4
lonely_bassoon_69,19,0.059,2215.3,97,-2
lonely_bassoon_69,20,0.057,858.663,81,-42
lonely_bassoon_69,21,0.056,2197.8,97,-15
lonely_bassoon_70,1,1.000,940.761,82,16
lonely_bassoon_70,2,0.726,469.707,70,13
lonely_bassoon_70,3,0.598,944.798,82,23
lonely_bassoon_70,4,0.424,934.031,82,3
lonely_bassoon_70,5,0.294,473.745,70,28
lonely_bassoon_70,6,0.252,929.994,82,-4
lonely_bassoon_70,7,0.176,1409.12,89,15
lonely_bassoon_70,8,0.150,925.956,82,-12
lonely_bassoon_70,9,0.132,952.873,82,38
lonely_bassoon_70,10,0.130,1414.51,89,22
lonely_bassoon_70,11,0.125,923.264,82,-17
lonely_bassoon_70,12,0.103,1403.74,89,8
lonely_bassoon_70,13,0.102,461.632,70,-17
lonely_bassoon_70,14,0.088,958.257,82,47
lonely_bassoon_70,15,0.073,1874.79,94,9
lonely_bassoon_70,16,0.064,1878.83,94,13
lonely_bassoon_70,17,0.063,2353.92,98,3
lonely_bassoon_70,18,0.061,967.678,83,-36
lonely_bassoon_70,19,0.059,1398.36,89,2
lonely_bassoon_70,20,0.059,2363.34,98,10
lonely_bassoon_70,21,0.057,2345.84,98,-3
lonely_bassoon_70,22,0.056,915.189,82,-32
lonely_bassoon_70,23,0.054,919.227,82,-24
lonely_bassoon_70,24,0.052,909.806,82,-42
lonely_bassoon_71,1,1.000,995.941,83,14
lonely_bassoon_71,2,0.556,497.971,71,14
lonely_bassoon_71,3,0.396,991.903,83,7
lonely_bassoon_71,4,0.359,999.979,83,21
lonely_bassoon_71,5,0.190,985.174,83,-5
lonely_bassoon_71,6,0.154,1493.91,90,16
lonely_bassoon_71,7,0.135,1004.02,83,28
lonely_bassoon_71,8,0.109,981.137,83,-12
lonely_bassoon_71,9,0.092,1497.95,90,21
lonely_bassoon_71,10,0.084,977.099,83,-19
lonely_bassoon_71,11,0.079,1488.53,90,10
lonely_bassoon_71,12,0.071,2493.89,99,3
lonely_bassoon_71,13,0.061,1991.88,95,14
lonely_bassoon_71,14,0.058,487.204,71,-24
lonely_bassoon_71,15,0.057,2489.85,99,1
lonely_bassoon_71,16,0.055,1010.75,83,40
lonely_bassoon_71,17,0.052,973.061,83,-26
lonely_bassoon_71,18,0.052,1995.92,95,18
lonely_bassoon_72,1,1.000,1049.78,84,5
lonely_bassoon_72,2,0.415,1045.74,84,-1
lonely_bassoon_72,3,0.271,524.888,72,5
lonely_bassoon_72,4,0.204,2103.59,96,9
lonely_bassoon_72,5,0.197,2099.55,96,5
lonely_bassoon_72,6,0.182,2095.51,96,2
lonely_bassoon_72,7,0.119,1574.66,91,7
lonely_bassoon_72,8,0.116,1570.63,91,3
lonely_bassoon_72,9,0.064,1061.89,84,25
lonely_bassoon_72,10,0.060,1037.66,84,-15
lonely_bassoon_72,11,0.059,1566.59,91,-2
lonely_bassoon_72,12,0.052,1033.63,84,-21
lonely_fiddle_36,1,1.000,392.993,67,4
lonely_fiddle_36,2,0.958,523.542,72,1
lonely_fiddle_36,3,0.902,655.437,76,-10
lonely_fiddle_36,4,0.894,257.06,60,-30
lonely_fiddle_36,5,0.708,1316.26,88,-3
lonely_fiddle_36,6,0.633,130.549,48,-3
lonely_fiddle_36,7,0.605,1305.49,88,-17
lonely_fiddle_36,8,0.573,261.098,60,-3
lonely_fiddle_36,9,0.567,1310.87,88,-10
lonely_fiddle_36,10,0.545,1174.94,86,0
lonely_fiddle_36,11,0.537,519.504,72,-12
lonely_fiddle_36,12,0.532,266.482,60,32
lonely_fiddle_36,13,0.529,528.925,72,19
lonely_fiddle_36,14,0.509,781.948,79,-5
lonely_fiddle_36,15,0.490,785.986,79,4
lonely_fiddle_36,16,0.484,1321.64,88,4
lonely_fiddle_36,17,0.443,917.881,82,-27
lonely_fiddle_36,18,0.343,650.053,76,-24
lonely_fiddle_36,19,0.321,1043.05,84,-6
lonely_fiddle_36,20,0.313,1446.81,90,-39
lonely_fiddle_36,21,0.313,1442.77,90,-44
lonely_fiddle_36,22,0.291,791.369,79,16
lonely_fiddle_36,23,0.287,387.609,67,-19
lonely_fiddle_36,24,0.271,1169.56,86,-8
lonely_fiddle_36,25,0.253,1178.98,86,6
lonely_fiddle_36,26,0.244,923.264,82,-17
lonely_fiddle_36,27,0.241,1584.08,91,18
lonely_fiddle_36,28,0.240,1578.7,91,12
lonely_fiddle_36,29,0.239,397.031,67,22
lonely_fiddle_36,30,0.224,1567.93,91,0
lonely_fiddle_36,31,0.213,660.82,76,4
lonely_fiddle_36,32,0.200,1300.11,88,-24
lonely_fiddle_36,33,0.180,1437.39,89,49
lonely_fiddle_36,34,0.175,2092.82,96,0
lonely_fiddle_36,35,0.173,2103.59,96,9
lonely_fiddle_36,36,0.166,1962.27,95,-12
lonely_fiddle_36,37,0.163,1452.19,90,-33
lonely_fiddle_36,38,0.161,2234.14,97,13
lonely_fiddle_36,39,0.153,1971.69,95,-3
lonely_fiddle_36,40,0.151,1967.66,95,-7
lonely_fiddle_36,41,0.150,273.211,61,-25
lonely_fiddle_36,42,0.149,1699.83,92,40
lonely_fiddle_36,43,0.143,1327.02,88,11
lonely_fiddle_36,44,0.138,2224.72,97,6
lonely_fiddle_36,45,0.133,1977.08,95,1
lonely_fiddle_36,46,0.132,1956.89,95,-16
lonely_fiddle_36,47,0.132,250.331,59,24
lonely_fiddle_36,48,0.124,1573.32,91,6
lonely_fiddle_36,49,0.124,1703.87,92,44
lonely_fiddle_36,50,0.122,1562.55,91,-6
lonely_fiddle_37,1,1.000,415.873,68,2
lonely_fiddle_37,2,0.964,271.865,61,-34
lonely_fiddle_37,3,0.922,554.497,73,0
lonely_fiddle_37,4,0.870,694.467,77,-10
lonely_fiddle_37,5,0.737,1394.32,89,-3
lonely_fiddle_37,6,0.607,138.624,49,0
lonely_fiddle_37,7,0.602,282.632,61,34
lonely_fiddle_37,8,0.578,827.708,80,-6
lonely_fiddle_37,9,0.561,277.248,61,0
lonely_fiddle_37,10,0.554,550.459,73,-12
lonely_fiddle_37,11,0.526,1244.93,87,1
lonely_fiddle_37,12,0.524,559.88,73,17
lonely_fiddle_37,13,0.498,1383.55,89,-17
lonely_fiddle_37,14,0.486,833.091,80,5
lonely_fiddle_37,15,0.474,1398.36,89,2
lonely_fiddle_37,16,0.442,971.715,83,-28
lonely_fiddle_37,17,0.423,1388.93,89,-10
lonely_fiddle_37,18,0.379,1532.94,91,-39
lonely_fiddle_37,19,0.354,1106.3,85,-4
lonely_fiddle_37,20,0.335,689.084,77,-23
lonely_fiddle_37,21,0.317,1527.56,91,-45
lonely_fiddle_37,22,0.298,838.475,80,16
lonely_fiddle_37,23,0.293,1239.54,87,-7
lonely_fiddle_37,24,0.289,1676.95,92,16
lonely_fiddle_37,25,0.282,977.099,83,-19
lonely_fiddle_37,26,0.262,421.256,68,25
lonely_fiddle_37,27,0.262,410.489,68,-20
lonely_fiddle_37,28,0.249,1660.8,92,0
lonely_fiddle_37,29,0.245,1671.57,92,11
lonely_fiddle_37,30,0.237,698.505,77,0
lonely_fiddle_37,31,0.234,1522.17,90,49
lonely_fiddle_37,32,0.222,1248.96,87,6
lonely_fiddle_37,33,0.206,2216.64,97,-1
lonely_fiddle_37,34,0.205,2088.78,96,-3
lonely_fiddle_37,35,0.181,1255.69,87,15
lonely_fiddle_37,36,0.179,1538.33,91,-33
lonely_fiddle_37,37,0.177,2356.61,98,5
lonely_fiddle_37,38,0.168,266.482,60,32
lonely_fiddle_37,39,0.168,2227.41,97,8
lonely_fiddle_37,40,0.168,1800.77,93,40
lonely_fiddle_37,41,0.159,2078.02,96,-12
lonely_fiddle_37,42,0.156,2094.17,96,1
lonely_fiddle_37,43,0.147,2366.03,98,12
lonely_fiddle_37,44,0.133,1110.34,85,3
lonely_fiddle_37,45,0.128,966.332,83,-38
lonely_fiddle_37,46,0.128,1376.82,89,-25
lonely_fiddle_37,47,0.123,1939.39,95,-32
lonely_fiddle_37,48,0.122,1810.19,93,49
lonely_fiddle_37,49,0.122,2211.26,97,-5
lonely_fiddle_37,50,0.120,2371.42,98,16
lonely_fiddle_38,1,1.000,588.144,74,2
lonely_fiddle_38,2,0.930,441.444,69,6
lonely_fiddle_38,3,0.879,288.015,62,-34
lonely_fiddle_38,4,0.825,734.843,78,-12
lonely_fiddle_38,5,0.620,146.699,50,-2
lonely_fiddle_38,6,0.595,877.505,81,-5
lonely_fiddle_38,7,0.568,293.399,62,-2
lonely_fiddle_38,8,0.566,582.76,74,-14
lonely_fiddle_38,9,0.564,1466.99,90,-15
lonely_fiddle_38,10,0.563,1476.42,90,-4
lonely_fiddle_38,11,0.534,593.527,74,18
lonely_fiddle_38,12,0.516,298.782,62,30
lonely_fiddle_38,13,0.509,1471.03,90,-10
lonely_fiddle_38,14,0.468,1481.8,90,2
lonely_fiddle_38,15,0.468,882.888,81,6
lonely_fiddle_38,16,0.467,1318.95,88,1
lonely_fiddle_38,17,0.427,1029.59,84,-28
lonely_fiddle_38,18,0.349,1172.25,86,-4
lonely_fiddle_38,19,0.316,1624.46,92,-39
lonely_fiddle_38,20,0.307,1619.08,92,-44
lonely_fiddle_38,21,0.306,730.805,78,-22
lonely_fiddle_38,22,0.284,436.061,69,-16
lonely_fiddle_38,23,0.268,888.272,81,16
lonely_fiddle_38,24,0.262,1034.97,84,-19
lonely_fiddle_38,25,0.251,1313.57,88,-7
lonely_fiddle_38,26,0.236,740.226,78,1
lonely_fiddle_38,27,0.218,446.828,69,27
lonely_fiddle_38,28,0.210,1776.54,93,16
lonely_fiddle_38,29,0.210,1461.61,90,-22
lonely_fiddle_38,30,0.202,1325.68,88,9
lonely_fiddle_38,31,0.200,1771.16,93,11
lonely_fiddle_38,32,0.200,1613.69,91,50
lonely_fiddle_38,33,0.199,1322.99,88,6
lonely_fiddle_38,34,0.195,1329.72,88,15
lonely_fiddle_38,35,0.190,1760.39,93,0
lonely_fiddle_38,36,0.189,2207.22,97,-8
lonely_fiddle_38,37,0.181,2203.18,97,-11
lonely_fiddle_38,38,0.172,2349.88,98,0
lonely_fiddle_38,39,0.159,2507.35,99,13
lonely_fiddle_38,40,0.153,2212.6,97,-4
lonely_fiddle_38,41,0.151,302.82,63,-47
lonely_fiddle_38,42,0.150,1908.44,94,40
lonely_fiddle_38,43,0.149,2496.58,99,5
lonely_fiddle_38,44,0.146,2360.65,98,8
lonely_fiddle_38,45,0.146,1912.48,94,44
lonely_fiddle_38,46,0.143,2197.8,97,-15
lonely_fiddle_38,47,0.142,1487.18,90,8
lonely_fiddle_38,48,0.140,1176.29,86,2
lonely_fiddle_38,49,0.131,2217.99,97,0
lonely_fiddle_38,50,0.130,1628.5,92,-34
lonely_fiddle_39,1,1.000,467.016,70,3
lonely_fiddle_39,2,0.990,623.136,75,2
lonely_fiddle_39,3,0.898,305.512,63,-32
lonely_fiddle_39,4,0.888,779.257,79,-10
lonely_fiddle_39,5,0.618,929.994,82,-4
lonely_fiddle_39,6,0.597,617.753,75,-13
lonely_fiddle_39,7,0.592,1563.9,91,-5
lonely_fiddle_39,8,0.585,628.52,75,17
lonely_fiddle_39,9,0.581,154.775,51,-9
lonely_fiddle_39,10,0.556,316.279,63,28
lonely_fiddle_39,11,0.553,310.895,63,-1
lonely_fiddle_39,12,0.515,1553.13,91,-16
lonely_fiddle_39,13,0.503,1569.28,91,1
lonely_fiddle_39,14,0.497,1398.36,89,2
lonely_fiddle_39,15,0.448,935.377,82,6
lonely_fiddle_39,16,0.386,1091.5,85,-27
lonely_fiddle_39,17,0.383,773.873,79,-22
lonely_fiddle_39,18,0.380,1558.51,91,-10
lonely_fiddle_39,19,0.376,1720.02,93,-40
lonely_fiddle_39,20,0.364,1242.23,87,-3
lonely_fiddle_39,21,0.295,784.64,79,1
lonely_fiddle_39,22,0.292,940.761,82,16
lonely_fiddle_39,23,0.286,461.632,70,-17
lonely_fiddle_39,24,0.284,1392.97,89,-5
lonely_fiddle_39,25,0.279,472.399,70,23
lonely_fiddle_39,26,0.263,1096.88,85,-19
lonely_fiddle_39,27,0.256,1549.09,91,-21
lonely_fiddle_39,28,0.247,1714.63,93,-45
lonely_fiddle_39,29,0.236,1881.52,94,16
lonely_fiddle_39,30,0.219,1403.74,89,8
lonely_fiddle_39,31,0.201,1407.78,89,13
lonely_fiddle_39,32,0.198,1865.37,94,1
lonely_fiddle_39,33,0.197,1876.14,94,11
lonely_fiddle_39,34,0.195,1709.25,92,49
lonely_fiddle_39,35,0.174,1725.4,93,-34
lonely_fiddle_39,36,0.158,2344.5,98,-4
lonely_fiddle_39,37,0.156,2500.62,99,8
lonely_fiddle_39,38,0.156,2021.49,95,40
lonely_fiddle_39,39,0.156,2656.74,100,13
lonely_fiddle_39,40,0.154,2328.35,98,-16
lonely_fiddle_39,41,0.153,2333.73,98,-12
lonely_fiddle_39,42,0.146,1086.11,85,-36
lonely_fiddle_39,43,0.144,1574.66,91,7
lonely_fiddle_39,44,0.141,2489.85,99,1
lonely_fiddle_39,45,0.140,300.128,62,38
lonely_fiddle_39,46,0.140,1859.99,94,-4
lonely_fiddle_39,47,0.139,2340.46,98,-7
lonely_fiddle_39,48,0.138,2484.47,99,-3
lonely_fiddle_39,49,0.136,2640.59,100,2
lonely_fiddle_39,50,0.134,2032.26,95,49
lonely_fiddle_40,1,1.000,495.279,71,5
lonely_fiddle_40,2,0.948,324.354,64,-28
lonely_fiddle_40,3,0.922,660.82,76,4
lonely_fiddle_40,4,0.779,826.362,80,-9
lonely_fiddle_40,5,0.691,1656.76,92,-5
lonely_fiddle_40,6,0.650,655.437,76,-10
lonely_fiddle_40,7,0.620,335.121,64,29
lonely_fiddle_40,8,0.608,164.196,52,-7
lonely_fiddle_40,9,0.603,1647.34,92,-15
lonely_fiddle_40,10,0.578,1662.14,92,1
lonely_fiddle_40,11,0.568,1481.8,90,2
lonely_fiddle_40,12,0.568,986.52,83,-2
lonely_fiddle_40,13,0.561,329.737,64,1
lonely_fiddle_40,14,0.483,664.858,76,15
lonely_fiddle_40,15,0.430,990.558,83,5
lonely_fiddle_40,16,0.415,1156.1,86,-28
lonely_fiddle_40,17,0.397,820.978,80,-20
lonely_fiddle_40,18,0.392,1822.3,94,-40
lonely_fiddle_40,19,0.386,1652.72,92,-9
lonely_fiddle_40,20,0.374,1316.26,88,-3
lonely_fiddle_40,21,0.318,489.895,71,-14
lonely_fiddle_40,22,0.315,995.941,83,14
lonely_fiddle_40,23,0.306,1476.42,90,-4
lonely_fiddle_40,24,0.304,1161.48,86,-20
lonely_fiddle_40,25,0.299,830.399,80,0
lonely_fiddle_40,26,0.274,1993.23,95,15
lonely_fiddle_40,27,0.247,500.662,71,24
lonely_fiddle_40,28,0.231,1987.84,95,11
lonely_fiddle_40,29,0.229,1641.96,92,-20
lonely_fiddle_40,30,0.229,1816.92,94,-45
lonely_fiddle_40,31,0.220,1977.08,95,1
lonely_fiddle_40,32,0.219,1811.54,93,50
lonely_fiddle_40,33,0.214,1667.53,92,7
lonely_fiddle_40,34,0.210,1827.69,94,-35
lonely_fiddle_40,35,0.192,1485.84,90,7
lonely_fiddle_40,36,0.185,2488.51,99,0
lonely_fiddle_40,37,0.184,2142.62,96,41
lonely_fiddle_40,38,0.184,2483.12,99,-4
lonely_fiddle_40,39,0.173,2648.66,100,8
lonely_fiddle_40,40,0.170,2639.24,100,1
lonely_fiddle_40,41,0.167,1150.72,86,-36
lonely_fiddle_40,42,0.160,2468.32,99,-14
lonely_fiddle_40,43,0.159,2473.7,99,-11
lonely_fiddle_40,44,0.159,2814.21,101,13
lonely_fiddle_40,45,0.147,318.97,63,43
lonely_fiddle_40,46,0.144,2803.44,101,6
lonely_fiddle_40,47,0.137,2654.05,100,11
lonely_fiddle_40,48,0.137,1997.27,95,19
lonely_fiddle_40,49,0.133,2153.39,96,49
lonely_fiddle_40,50,0.132,1492.57,90,15
lonely_fiddle_41,1,1.000,523.542,72,1
lonely_fiddle_41,2,0.956,698.505,77,0
lonely_fiddle_41,3,0.914,343.196,65,-30
lonely_fiddle_41,4,0.887,873.467,81,-13
lonely_fiddle_41,5,0.734,1752.32,93,-8
lonely_fiddle_41,6,0.663,1757.7,93,-2
lonely_fiddle_41,7,0.615,1043.05,84,-6
lonely_fiddle_41,8,0.609,693.121,77,-13
lonely_fiddle_41,9,0.604,353.963,65,23
lonely_fiddle_41,10,0.598,173.617,53,-10
lonely_fiddle_41,11,0.581,703.888,77,13
lonely_fiddle_41,12,0.541,1567.93,91,0
lonely_fiddle_41,13,0.535,348.579,65,-3
lonely_fiddle_41,14,0.500,1741.55,93,-18
lonely_fiddle_41,15,0.405,868.084,81,-24
lonely_fiddle_41,16,0.405,1048.43,84,3
lonely_fiddle_41,17,0.396,1927.28,95,-43
lonely_fiddle_41,18,0.383,1223.39,87,-30
lonely_fiddle_41,19,0.357,1392.97,89,-5
lonely_fiddle_41,20,0.326,878.851,81,-2
lonely_fiddle_41,21,0.302,1746.93,93,-13
lonely_fiddle_41,22,0.298,2107.63,96,12
lonely_fiddle_41,23,0.293,1053.81,84,12
lonely_fiddle_41,24,0.287,1562.55,91,-6
lonely_fiddle_41,25,0.285,518.159,72,-17
lonely_fiddle_41,26,0.281,1228.78,87,-22
lonely_fiddle_41,27,0.275,1736.17,93,-24
lonely_fiddle_41,28,0.272,528.925,72,19
lonely_fiddle_41,29,0.248,1916.51,94,47
lonely_fiddle_41,30,0.245,1932.66,95,-38
lonely_fiddle_41,31,0.234,1763.08,93,3
lonely_fiddle_41,32,0.229,1921.9,95,-48
lonely_fiddle_41,33,0.214,2102.24,96,8
lonely_fiddle_41,34,0.203,2631.17,100,-4
lonely_fiddle_41,35,0.195,2091.48,96,-1
lonely_fiddle_41,36,0.184,358,65,43
lonely_fiddle_41,37,0.182,1577.36,91,10
lonely_fiddle_41,38,0.176,2266.44,97,38
lonely_fiddle_41,39,0.175,2791.33,101,-2
lonely_fiddle_41,40,0.173,1218.01,87,-37
lonely_fiddle_41,41,0.166,2627.13,100,-7
lonely_fiddle_41,42,0.157,2113.01,96,16
lonely_fiddle_41,43,0.152,337.812,64,42
lonely_fiddle_41,44,0.151,2616.36,100,-14
lonely_fiddle_41,45,0.147,1571.97,91,4
lonely_fiddle_41,46,0.147,2086.09,96,-6
lonely_fiddle_41,47,0.145,2981.09,102,12
lonely_fiddle_41,48,0.143,2966.29,102,4
lonely_fiddle_41,49,0.142,707.926,77,23
lonely_fiddle_41,50,0.141,2806.13,101,8
lonely_fiddle_42,1,1.000,555.843,73,5
lonely_fiddle_42,2,0.956,364.73,66,-25
lonely_fiddle_42,3,0.898,741.572,78,4
lonely_fiddle_42,4,0.757,927.302,82,-9
lonely_fiddle_42,5,0.641,736.189,78,-9
lonely_fiddle_42,6,0.628,1859.99,94,-4
lonely_fiddle_42,7,0.615,1864.02,94,-1
lonely_fiddle_42,8,0.606,184.384,54,-6
lonely_fiddle_42,9,0.593,1849.22,94,-14
lonely_fiddle_42,10,0.592,375.497,66,26
lonely_fiddle_42,11,0.568,1107.65,85,-2
lonely_fiddle_42,12,0.567,1663.49,92,2
lonely_fiddle_42,13,0.533,746.956,78,16
lonely_fiddle_42,14,0.515,370.113,66,1
lonely_fiddle_42,15,0.416,1111.69,85,5
lonely_fiddle_42,16,0.411,921.918,82,-19
lonely_fiddle_42,17,0.374,1297.42,88,-28
lonely_fiddle_42,18,0.371,2044.37,96,-41
lonely_fiddle_42,19,0.352,1477.76,90,-3
lonely_fiddle_42,20,0.331,1302.8,88,-21
lonely_fiddle_42,21,0.324,931.339,82,-2
lonely_fiddle_42,22,0.310,550.459,73,-12
lonely_fiddle_42,23,0.292,2235.48,97,14
lonely_fiddle_42,24,0.281,561.226,73,21
lonely_fiddle_42,25,0.281,1117.07,85,13
lonely_fiddle_42,26,0.272,1658.11,92,-3
lonely_fiddle_42,27,0.263,1842.49,94,-21
lonely_fiddle_42,28,0.254,2049.75,96,-36
lonely_fiddle_42,29,0.250,1853.26,94,-11
lonely_fiddle_42,30,0.237,1869.41,94,4
lonely_fiddle_42,31,0.224,2033.6,96,-50
lonely_fiddle_42,32,0.222,1667.53,92,7
lonely_fiddle_42,33,0.206,2791.33,101,-2
lonely_fiddle_42,34,0.204,2219.33,97,1
lonely_fiddle_42,35,0.187,1292.03,88,-35
lonely_fiddle_42,36,0.171,2405.06,98,41
lonely_fiddle_42,37,0.170,2038.99,96,-45
lonely_fiddle_42,38,0.162,2230.1,97,10
lonely_fiddle_42,39,0.159,2213.95,97,-3
lonely_fiddle_42,40,0.157,359.346,65,49
lonely_fiddle_42,41,0.153,2787.29,101,-4
lonely_fiddle_42,42,0.152,2977.06,102,10
lonely_fiddle_42,43,0.150,2956.87,102,-2
lonely_fiddle_42,44,0.148,2240.87,97,18
lonely_fiddle_42,45,0.148,2771.14,101,-14
lonely_fiddle_42,46,0.146,2960.91,102,1
lonely_fiddle_42,47,0.145,3162.79,103,15
lonely_fiddle_42,48,0.145,1100.92,85,-12
lonely_fiddle_42,49,0.143,1672.91,92,12
lonely_fiddle_42,50,0.141,2776.52,101,-11
lonely_fiddle_43,1,1.000,392.993,67,4
lonely_fiddle_43,2,0.286,398.376,67,28
lonely_fiddle_43,3,0.280,589.489,74,6
lonely_fiddle_43,4,0.248,388.955,67,-13
lonely_fiddle_43,5,0.234,787.332,79,7
lonely_fiddle_43,6,0.173,1569.28,91,1
lonely_fiddle_43,7,0.168,1776.54,93,16
lonely_fiddle_43,8,0.167,1765.78,93,6
lonely_fiddle_43,9,0.150,196.496,55,4
lonely_fiddle_43,10,0.130,1580.05,91,13
lonely_fiddle_43,11,0.123,1574.66,91,7
lonely_fiddle_43,12,0.116,1781.93,93,21
lonely_fiddle_43,13,0.112,781.948,79,-5
lonely_fiddle_43,14,0.110,983.828,83,-7
lonely_fiddle_43,15,0.108,791.369,79,16
lonely_fiddle_43,16,0.106,1771.16,93,11
lonely_fiddle_43,17,0.105,1761.74,93,2
lonely_fiddle_43,18,0.099,584.106,74,-10
lonely_fiddle_43,19,0.097,594.873,74,22
lonely_fiddle_43,20,0.096,1565.24,91,-3
lonely_fiddle_43,21,0.084,403.76,68,-49
lonely_fiddle_43,22,0.083,989.212,83,3
lonely_fiddle_43,23,0.075,1371.44,89,-32
lonely_fiddle_43,24,0.073,1382.2,89,-18
lonely_fiddle_43,25,0.072,1376.82,89,-25
lonely_fiddle_43,26,0.072,1180.32,86,8
lonely_fiddle_43,27,0.062,380.88,67,-50
lonely_fiddle_43,28,0.060,1185.71,86,16
lonely_fiddle_43,29,0.058,1787.31,93,27
lonely_fiddle_43,30,0.053,1174.94,86,0
lonely_fiddle_43,31,0.053,2547.72,99,40
lonely_fiddle_43,32,0.053,409.143,68,-26
lonely_fiddle_43,33,0.052,2372.76,98,17
lonely_fiddle_43,34,0.051,978.445,83,-16
lonely_fiddle_43,35,0.050,2367.38,98,13
lonely_fiddle_44,1,1.000,417.219,68,8
lonely_fiddle_44,2,0.299,625.828,75,10
lonely_fiddle_44,3,0.298,421.256,68,25
lonely_fiddle_44,4,0.268,834.437,80,8
lonely_fiddle_44,5,0.211,410.489,68,-20
lonely_fiddle_44,6,0.195,1663.49,92,2
lonely_fiddle_44,7,0.177,1882.87,94,17
lonely_fiddle_44,8,0.175,1872.1,94,7
lonely_fiddle_44,9,0.160,1674.26,92,14
lonely_fiddle_44,10,0.157,208.609,56,8
lonely_fiddle_44,11,0.141,838.475,80,16
lonely_fiddle_44,12,0.138,1668.87,92,8
lonely_fiddle_44,13,0.126,829.054,80,-3
lonely_fiddle_44,14,0.118,1868.06,94,3
lonely_fiddle_44,15,0.114,620.444,75,-5
lonely_fiddle_44,16,0.113,1886.9,94,21
lonely_fiddle_44,17,0.111,1659.45,92,-2
lonely_fiddle_44,18,0.108,629.865,75,21
lonely_fiddle_44,19,0.108,426.64,68,47
lonely_fiddle_44,20,0.107,1043.05,84,-6
lonely_fiddle_44,21,0.100,1876.14,94,11
lonely_fiddle_44,22,0.090,1047.08,84,1
lonely_fiddle_44,23,0.084,1454.88,90,-30
lonely_fiddle_44,24,0.076,1464.3,90,-18
lonely_fiddle_44,25,0.074,1460.26,90,-23
lonely_fiddle_44,26,0.074,1251.66,87,10
lonely_fiddle_44,27,0.065,1862.68,94,-2
lonely_fiddle_44,28,0.064,1255.69,87,15
lonely_fiddle_44,29,0.064,2508.69,99,14
lonely_fiddle_44,30,0.063,402.414,67,45
lonely_fiddle_44,31,0.061,2701.15,100,42
lonely_fiddle_44,32,0.061,430.677,69,-37
lonely_fiddle_44,33,0.060,1892.29,94,25
lonely_fiddle_44,34,0.058,2514.08,99,17
lonely_fiddle_44,35,0.058,1678.3,92,18
lonely_fiddle_44,36,0.058,1246.27,87,2
lonely_fiddle_44,37,0.058,1037.66,84,-15
lonely_fiddle_44,38,0.055,1654.07,92,-7
lonely_fiddle_44,39,0.054,2492.54,99,2
lonely_fiddle_44,40,0.053,2697.12,100,39
lonely_fiddle_44,41,0.052,2717.3,101,-48
lonely_fiddle_44,42,0.051,2497.93,99,6
lonely_fiddle_45,1,1.000,660.82,76,4
lonely_fiddle_45,2,0.962,434.715,69,-21
lonely_fiddle_45,3,0.932,881.542,81,3
lonely_fiddle_45,4,0.817,1102.26,85,-10
lonely_fiddle_45,5,0.721,2215.3,97,-2
lonely_fiddle_45,6,0.701,876.159,81,-8
lonely_fiddle_45,7,0.691,1317.6,88,-1
lonely_fiddle_45,8,0.637,886.926,81,14
lonely_fiddle_45,9,0.636,445.482,69,21
lonely_fiddle_45,10,0.629,2209.91,97,-6
lonely_fiddle_45,11,0.602,219.376,57,-5
lonely_fiddle_45,12,0.580,1979.77,95,4
lonely_fiddle_45,13,0.561,2199.15,97,-14
lonely_fiddle_45,14,0.518,1096.88,85,-19
lonely_fiddle_45,15,0.488,440.098,69,0
lonely_fiddle_45,16,0.418,1322.99,88,6
lonely_fiddle_45,17,0.381,1107.65,85,-2
lonely_fiddle_45,18,0.375,2430.63,99,-41
lonely_fiddle_45,19,0.371,1759.05,93,-1
lonely_fiddle_45,20,0.346,655.437,76,-10
lonely_fiddle_45,21,0.333,2195.11,97,-18
lonely_fiddle_45,22,0.331,666.204,76,18
lonely_fiddle_45,23,0.316,1547.75,91,-22
lonely_fiddle_45,24,0.309,2220.68,97,3
lonely_fiddle_45,25,0.306,1974.39,95,-1
lonely_fiddle_45,26,0.300,1543.71,91,-27
lonely_fiddle_45,27,0.287,2436.02,99,-37
lonely_fiddle_45,28,0.286,1328.37,88,13
lonely_fiddle_45,29,0.279,2656.74,100,13
lonely_fiddle_45,30,0.240,2419.87,99,-49
lonely_fiddle_45,31,0.235,3317.56,104,-3
lonely_fiddle_45,32,0.229,1538.33,91,-33
lonely_fiddle_45,33,0.209,2660.78,100,16
lonely_fiddle_45,34,0.191,2640.59,100,2
lonely_fiddle_45,35,0.182,3297.37,104,-13
lonely_fiddle_45,36,0.176,2635.21,100,-1
lonely_fiddle_45,37,0.176,1989.19,95,12
lonely_fiddle_45,38,0.173,3518.09,105,-1
lonely_fiddle_45,39,0.172,1312.22,88,-8
lonely_fiddle_45,40,0.165,1753.66,93,-6
lonely_fiddle_45,41,0.163,429.331,69,-42
lonely_fiddle_45,42,0.162,1983.81,95,7
lonely_fiddle_45,43,0.162,2415.83,98,48
lonely_fiddle_45,44,0.160,2204.53,97,-10
lonely_fiddle_45,45,0.159,1091.5,85,-27
lonely_fiddle_45,46,0.158,2861.31,101,41
lonely_fiddle_45,47,0.158,1553.13,91,-16
lonely_fiddle_45,48,0.156,3738.82,106,4
lonely_fiddle_45,49,0.155,3538.28,105,9
lonely_fiddle_45,50,0.150,2224.72,97,6
lonely_fiddle_46,1,1.000,465.67,70,-2
lonely_fiddle_46,2,0.762,232.835,58,-2
lonely_fiddle_46,3,0.488,471.053,70,18
lonely_fiddle_46,4,0.437,932.685,82,1
lonely_fiddle_46,5,0.418,1870.75,94,6
lonely_fiddle_46,6,0.381,698.505,77,0
lonely_fiddle_46,7,0.372,1859.99,94,-4
lonely_fiddle_46,8,0.350,1403.74,89,8
lonely_fiddle_46,9,0.293,1398.36,89,2
lonely_fiddle_46,10,0.290,460.286,70,-22
lonely_fiddle_46,11,0.272,938.069,82,11
lonely_fiddle_46,12,0.245,1627.15,92,-36
lonely_fiddle_46,13,0.230,1865.37,94,1
lonely_fiddle_46,14,0.228,2559.84,99,49
lonely_fiddle_46,15,0.228,1637.92,92,-24
lonely_fiddle_46,16,0.225,1876.14,94,11
lonely_fiddle_46,17,0.215,2554.45,99,45
lonely_fiddle_46,18,0.200,238.218,58,38
lonely_fiddle_46,19,0.199,1392.97,89,-5
lonely_fiddle_46,20,0.198,703.888,77,13
lonely_fiddle_46,21,0.190,1854.6,94,-9
lonely_fiddle_46,22,0.185,1632.54,92,-30
lonely_fiddle_46,23,0.180,1409.12,89,15
lonely_fiddle_46,24,0.178,2570.6,100,-44
lonely_fiddle_46,25,0.177,3275.84,104,-24
lonely_fiddle_46,26,0.148,927.302,82,-9
lonely_fiddle_46,27,0.146,2103.59,96,9
lonely_fiddle_46,28,0.143,2575.99,100,-41
lonely_fiddle_46,29,0.142,3254.3,104,-36
lonely_fiddle_46,30,0.142,693.121,77,-13
lonely_fiddle_46,31,0.137,1641.96,92,-20
lonely_fiddle_46,32,0.132,3279.88,104,-22
lonely_fiddle_46,33,0.128,2108.97,96,13
lonely_fiddle_46,34,0.125,2327,98,-17
lonely_fiddle_46,35,0.117,3487.14,105,-16
lonely_fiddle_46,36,0.106,3265.07,104,-30
lonely_fiddle_46,37,0.105,1160.14,86,-22
lonely_fiddle_46,38,0.103,1621.77,92,-42
lonely_fiddle_46,39,0.101,1165.52,86,-14
lonely_fiddle_46,40,0.101,1170.9,86,-6
lonely_fiddle_46,41,0.100,3508.67,105,-6
lonely_fiddle_46,42,0.099,3497.91,105,-11
lonely_fiddle_46,43,0.094,3270.46,104,-27
lonely_fiddle_46,44,0.092,2549.07,99,41
lonely_fiddle_46,45,0.091,3041.66,102,47
lonely_fiddle_46,46,0.089,2092.82,96,0
lonely_fiddle_46,47,0.088,3719.97,106,-4
lonely_fiddle_46,48,0.085,3514.06,105,-3
lonely_fiddle_46,49,0.084,3259.69,104,-33
lonely_fiddle_46,50,0.083,2321.62,98,-21
lonely_fiddle_47,1,1.000,492.587,71,-5
lonely_fiddle_47,2,0.901,246.294,59,-5
lonely_fiddle_47,3,0.533,740.226,78,1
lonely_fiddle_47,4,0.419,2227.41,97,8
lonely_fiddle_47,5,0.352,2215.3,97,-2
lonely_fiddle_47,6,0.332,499.316,71,19
lonely_fiddle_47,7,0.280,2231.45,97,11
lonely_fiddle_47,8,0.261,487.204,71,-24
lonely_fiddle_47,9,0.226,745.61,78,13
lonely_fiddle_47,10,0.205,986.52,83,-2
lonely_fiddle_47,11,0.192,251.677,59,33
lonely_fiddle_47,12,0.181,1979.77,95,4
lonely_fiddle_47,13,0.166,1480.45,90,1
lonely_fiddle_47,14,0.163,734.843,78,-12
lonely_fiddle_47,15,0.162,2222.03,97,4
lonely_fiddle_47,16,0.151,1485.84,90,7
lonely_fiddle_47,17,0.142,1969,95,-6
lonely_fiddle_47,18,0.141,242.256,59,-33
lonely_fiddle_47,19,0.128,2479.09,99,-7
lonely_fiddle_47,20,0.128,2473.7,99,-11
lonely_fiddle_47,21,0.120,2703.85,100,43
lonely_fiddle_47,22,0.119,1733.48,93,-26
lonely_fiddle_47,23,0.119,981.137,83,-12
lonely_fiddle_47,24,0.115,1721.36,93,-38
lonely_fiddle_47,25,0.114,1475.07,90,-6
lonely_fiddle_47,26,0.103,503.354,71,33
lonely_fiddle_47,27,0.102,1974.39,95,-1
lonely_fiddle_47,28,0.102,2709.23,100,47
lonely_fiddle_47,29,0.101,2209.91,97,-6
lonely_fiddle_47,30,0.100,1469.69,90,-12
lonely_fiddle_47,31,0.099,1728.09,93,-32
lonely_fiddle_47,32,0.098,3466.95,105,-26
lonely_fiddle_47,33,0.093,483.166,71,-38
lonely_fiddle_47,34,0.089,3714.59,106,-7
lonely_fiddle_47,35,0.089,3691.71,106,-18
lonely_fiddle_47,36,0.088,2721.34,101,-46
lonely_fiddle_47,37,0.086,991.903,83,7
lonely_fiddle_47,38,0.086,1234.16,87,-14
lonely_fiddle_47,39,0.082,2462.94,99,-18
lonely_fiddle_47,40,0.082,3470.99,105,-24
lonely_fiddle_47,41,0.081,3686.33,106,-20
lonely_fiddle_47,42,0.080,1715.98,93,-44
lonely_fiddle_47,43,0.080,3444.07,105,-38
lonely_fiddle_47,44,0.080,1963.62,95,-10
lonely_fiddle_47,45,0.076,3718.63,106,-5
lonely_fiddle_47,46,0.074,2726.73,101,-42
lonely_fiddle_47,47,0.073,3438.69,105,-40
lonely_fiddle_47,48,0.073,2483.12,99,-4
lonely_fiddle_47,49,0.072,2698.46,100,40
lonely_fiddle_47,50,0.069,1491.22,90,13
lonely_fiddle_48,1,1.000,522.196,72,-3
lonely_fiddle_48,2,0.805,261.098,60,-3
lonely_fiddle_48,3,0.426,783.294,79,-2
lonely_fiddle_48,4,0.330,2359.3,98,7
lonely_fiddle_48,5,0.322,2347.19,98,-2
lonely_fiddle_48,6,0.305,516.813,72,-21
lonely_fiddle_48,7,0.299,2363.34,98,10
lonely_fiddle_48,8,0.282,528.925,72,19
lonely_fiddle_48,9,0.197,790.023,79,13
lonely_fiddle_48,10,0.187,1045.74,84,-1
lonely_fiddle_48,11,0.183,2096.86,96,3
lonely_fiddle_48,12,0.172,779.257,79,-10
lonely_fiddle_48,13,0.145,2086.09,96,-6
lonely_fiddle_48,14,0.133,1574.66,91,7
lonely_fiddle_48,15,0.133,2370.07,98,15
lonely_fiddle_48,16,0.131,2625.79,100,-7
lonely_fiddle_48,17,0.129,1040.35,84,-10
lonely_fiddle_48,18,0.129,1824.99,94,-37
lonely_fiddle_48,19,0.125,1569.28,91,1
lonely_fiddle_48,20,0.123,2865.35,101,44
lonely_fiddle_48,21,0.118,266.482,60,32
lonely_fiddle_48,22,0.113,1562.55,91,-6
lonely_fiddle_48,23,0.106,1835.76,94,-27
lonely_fiddle_48,24,0.098,2870.73,101,47
lonely_fiddle_48,25,0.097,2620.4,100,-11
lonely_fiddle_48,26,0.095,534.309,72,36
lonely_fiddle_48,27,0.093,1557.17,91,-12
lonely_fiddle_48,28,0.090,2080.71,96,-10
lonely_fiddle_48,29,0.088,1051.12,84,8
lonely_fiddle_48,30,0.087,3649.99,106,-37
lonely_fiddle_48,31,0.083,1830.38,94,-32
lonely_fiddle_48,32,0.083,2341.81,98,-6
lonely_fiddle_48,33,0.082,3912.43,107,-17
lonely_fiddle_48,34,0.082,3676.91,106,-24
lonely_fiddle_48,35,0.081,2631.17,100,-4
lonely_fiddle_48,36,0.080,3905.7,107,-20
lonely_fiddle_48,37,0.080,3672.87,106,-26
lonely_fiddle_48,38,0.080,2609.63,100,-18
lonely_fiddle_48,39,0.079,1819.61,94,-42
lonely_fiddle_48,40,0.077,2886.88,102,-43
lonely_fiddle_48,41,0.076,1306.84,88,-15
lonely_fiddle_48,42,0.075,2102.24,96,8
lonely_fiddle_48,43,0.074,1580.05,91,13
lonely_fiddle_48,44,0.073,2092.82,96,0
lonely_fiddle_48,45,0.073,3644.61,106,-40
lonely_fiddle_48,46,0.073,3935.31,107,-7
lonely_fiddle_48,47,0.072,2859.97,101,41
lonely_fiddle_48,48,0.070,1841.15,94,-22
lonely_fiddle_48,49,0.070,2604.25,100,-22
lonely_fiddle_48,50,0.067,3939.35,107,-5
lonely_fiddle_49,1,1.000,550.459,73,-12
lonely_fiddle_49,2,0.931,274.557,61,-16
lonely_fiddle_49,3,0.536,825.016,80,-12
lonely_fiddle_49,4,0.413,555.843,73,5
lonely_fiddle_49,5,0.365,2481.78,99,-5
lonely_fiddle_49,6,0.337,2488.51,99,0
lonely_fiddle_49,7,0.321,2471.01,99,-13
lonely_fiddle_49,8,0.277,543.73,73,-34
lonely_fiddle_49,9,0.253,830.399,80,0
lonely_fiddle_49,10,0.217,279.94,61,17
lonely_fiddle_49,11,0.186,1100.92,85,-12
lonely_fiddle_49,12,0.178,819.633,80,-23
lonely_fiddle_49,13,0.177,1656.76,92,-5
lonely_fiddle_49,14,0.168,2207.22,97,-8
lonely_fiddle_49,15,0.154,2493.89,99,3
lonely_fiddle_49,16,0.140,1651.38,92,-10
lonely_fiddle_49,17,0.139,2763.06,101,-19
lonely_fiddle_49,18,0.131,270.519,61,-42
lonely_fiddle_49,19,0.129,2195.11,97,-18
lonely_fiddle_49,20,0.125,561.226,73,21
lonely_fiddle_49,21,0.123,1094.19,85,-23
lonely_fiddle_49,22,0.121,2757.68,101,-23
lonely_fiddle_49,23,0.114,1931.32,95,-39
lonely_fiddle_49,24,0.112,1920.55,95,-49
lonely_fiddle_49,25,0.111,1106.3,85,-4
lonely_fiddle_49,26,0.107,1644.65,92,-17
lonely_fiddle_49,27,0.104,1639.27,92,-23
lonely_fiddle_49,28,0.098,3016.09,102,33
lonely_fiddle_49,29,0.097,1662.14,92,1
lonely_fiddle_49,30,0.090,2201.84,97,-12
lonely_fiddle_49,31,0.089,1925.93,95,-44
lonely_fiddle_49,32,0.086,538.347,72,49
lonely_fiddle_49,33,0.086,3863.98,107,-39
lonely_fiddle_49,34,0.085,3038.97,102,46
lonely_fiddle_49,35,0.085,2191.07,97,-21
lonely_fiddle_49,36,0.084,2769.79,101,-15
lonely_fiddle_49,37,0.083,1375.48,89,-27
lonely_fiddle_49,38,0.082,3870.71,107,-36
lonely_fiddle_49,39,0.077,4145.27,108,-17
lonely_fiddle_49,40,0.076,835.783,80,11
lonely_fiddle_49,41,0.075,4139.88,108,-19
lonely_fiddle_49,42,0.073,3021.47,102,36
lonely_fiddle_49,43,0.071,1938.05,95,-33
lonely_fiddle_49,44,0.071,1913.82,94,45
lonely_fiddle_49,45,0.071,2212.6,97,-4
lonely_fiddle_49,46,0.069,3012.05,102,30
lonely_fiddle_49,47,0.067,4107.58,108,-33
lonely_fiddle_49,48,0.066,1380.86,89,-20
lonely_fiddle_49,49,0.065,535.655,72,41
lonely_fiddle_49,50,0.064,3032.24,102,42
lonely_fiddle_50,1,1.000,293.399,62,-2
lonely_fiddle_50,2,0.935,588.144,74,2
lonely_fiddle_50,3,0.614,876.159,81,-8
lonely_fiddle_50,4,0.504,881.542,81,3
lonely_fiddle_50,5,0.471,592.181,74,14
lonely_fiddle_50,6,0.399,288.015,62,-34
lonely_fiddle_50,7,0.314,582.76,74,-14
lonely_fiddle_50,8,0.290,1464.3,90,-18
lonely_fiddle_50,9,0.284,298.782,62,30
lonely_fiddle_50,10,0.254,886.926,81,14
lonely_fiddle_50,11,0.204,3224.7,103,48
lonely_fiddle_50,12,0.203,2636.55,100,0
lonely_fiddle_50,13,0.194,1475.07,90,-6
lonely_fiddle_50,14,0.186,2663.47,100,17
lonely_fiddle_50,15,0.182,3242.19,104,-42
lonely_fiddle_50,16,0.180,3231.42,104,-48
lonely_fiddle_50,17,0.170,2641.94,100,3
lonely_fiddle_50,18,0.165,283.978,61,42
lonely_fiddle_50,19,0.161,1759.05,93,-1
lonely_fiddle_50,20,0.160,3246.23,104,-40
lonely_fiddle_50,21,0.160,2659.43,100,15
lonely_fiddle_50,22,0.155,1471.03,90,-10
lonely_fiddle_50,23,0.155,3219.31,103,45
lonely_fiddle_50,24,0.155,872.121,81,-16
lonely_fiddle_50,25,0.137,2631.17,100,-4
lonely_fiddle_50,26,0.133,1458.92,90,-25
lonely_fiddle_50,27,0.118,3251.61,104,-37
lonely_fiddle_50,28,0.116,1181.67,86,10
lonely_fiddle_50,29,0.111,3235.46,104,-46
lonely_fiddle_50,30,0.109,2063.21,96,-25
lonely_fiddle_50,31,0.104,1753.66,93,-6
lonely_fiddle_50,32,0.103,3519.44,105,0
lonely_fiddle_50,33,0.100,1176.29,86,2
lonely_fiddle_50,34,0.098,305.512,63,-32
lonely_fiddle_50,35,0.096,302.82,63,-47
lonely_fiddle_50,36,0.095,597.565,74,30
lonely_fiddle_50,37,0.093,892.309,81,24
lonely_fiddle_50,38,0.093,1480.45,90,1
lonely_fiddle_50,39,0.091,3512.71,105,-4
lonely_fiddle_50,40,0.091,3536.94,105,8
lonely_fiddle_50,41,0.089,577.377,74,-30
lonely_fiddle_50,42,0.089,3526.17,105,3
lonely_fiddle_50,43,0.081,3540.97,105,10
lonely_fiddle_50,44,0.081,1170.9,86,-6
lonely_fiddle_50,45,0.068,3507.33,105,-6
lonely_fiddle_50,46,0.066,2624.44,100,-8
lonely_fiddle_50,47,0.063,3546.36,105,13
lonely_fiddle_50,48,0.063,2047.06,96,-38
lonely_fiddle_50,49,0.062,2052.45,96,-34
lonely_fiddle_50,50,0.062,2336.42,98,-10
lonely_fiddle_51,1,1.000,312.241,63,6
lonely_fiddle_51,2,0.609,2191.07,97,-21
lonely_fiddle_51,3,0.581,624.482,75,6
lonely_fiddle_51,4,0.547,936.723,82,8
lonely_fiddle_51,5,0.500,2492.54,99,2
lonely_fiddle_51,6,0.479,2503.31,99,10
lonely_fiddle_51,7,0.476,2180.3,97,-29
lonely_fiddle_51,8,0.412,2185.69,97,-25
lonely_fiddle_51,9,0.306,1878.83,94,13
lonely_fiddle_51,10,0.298,1868.06,94,3
lonely_fiddle_51,11,0.297,1873.45,94,8
lonely_fiddle_51,12,0.296,2487.16,99,-1
lonely_fiddle_51,13,0.289,2196.45,97,-16
lonely_fiddle_51,14,0.285,2508.69,99,14
lonely_fiddle_51,15,0.264,1248.96,87,6
lonely_fiddle_51,16,0.223,2496.58,99,5
lonely_fiddle_51,17,0.213,942.106,82,18
lonely_fiddle_51,18,0.189,1561.2,91,-7
lonely_fiddle_51,19,0.180,619.098,75,-9
lonely_fiddle_51,20,0.178,2174.92,97,-34
lonely_fiddle_51,21,0.169,931.339,82,-2
lonely_fiddle_51,22,0.157,1555.82,91,-13
lonely_fiddle_51,23,0.152,629.865,75,21
lonely_fiddle_51,24,0.152,1243.58,87,-1
lonely_fiddle_51,25,0.148,1254.35,87,14
lonely_fiddle_51,26,0.144,3736.12,106,3
lonely_fiddle_51,27,0.143,2804.79,101,7
lonely_fiddle_51,28,0.139,2815.55,101,13
lonely_fiddle_51,29,0.135,1884.21,94,18
lonely_fiddle_51,30,0.134,1566.59,91,-2
lonely_fiddle_51,31,0.133,1862.68,94,-2
lonely_fiddle_51,32,0.130,317.624,63,36
lonely_fiddle_51,33,0.128,2481.78,99,-5
lonely_fiddle_51,34,0.120,2514.08,99,17
lonely_fiddle_51,35,0.111,2201.84,97,-12
lonely_fiddle_51,36,0.109,3730.74,106,1
lonely_fiddle_51,37,0.106,3423.88,105,-48
lonely_fiddle_51,38,0.101,3741.51,106,6
lonely_fiddle_51,39,0.099,2799.4,101,3
lonely_fiddle_51,40,0.099,321.662,64,-42
lonely_fiddle_51,41,0.097,3429.27,105,-45
lonely_fiddle_51,42,0.094,301.474,62,45
lonely_fiddle_51,43,0.088,2820.94,101,17
lonely_fiddle_51,44,0.080,3757.66,106,13
lonely_fiddle_51,45,0.078,3440.03,105,-40
lonely_fiddle_51,46,0.078,2170.88,97,-37
lonely_fiddle_51,47,0.077,946.144,82,25
lonely_fiddle_51,48,0.071,3752.28,106,11
lonely_fiddle_51,49,0.071,3418.5,104,49
lonely_fiddle_51,50,0.071,3445.42,105,-37
lonely_fiddle_52,1,1.000,329.737,64,1
lonely_fiddle_52,2,0.594,660.82,76,4
lonely_fiddle_52,3,0.507,2651.36,100,9
lonely_fiddle_52,4,0.425,991.903,83,7
lonely_fiddle_52,5,0.316,1652.72,92,-9
lonely_fiddle_52,6,0.304,1658.11,92,-3
lonely_fiddle_52,7,0.299,1317.6,88,-1
lonely_fiddle_52,8,0.281,2655.39,100,12
lonely_fiddle_52,9,0.221,1978.42,95,3
lonely_fiddle_52,10,0.212,1647.34,92,-15
lonely_fiddle_52,11,0.202,1328.37,88,13
lonely_fiddle_52,12,0.200,997.287,83,17
lonely_fiddle_52,13,0.180,666.204,76,18
lonely_fiddle_52,14,0.149,986.52,83,-2
lonely_fiddle_52,15,0.143,1973.04,95,-2
lonely_fiddle_52,16,0.140,655.437,76,-10
lonely_fiddle_52,17,0.138,1322.99,88,6
lonely_fiddle_52,18,0.131,1663.49,92,2
lonely_fiddle_52,19,0.129,2320.27,98,-22
lonely_fiddle_52,20,0.122,2660.78,100,16
lonely_fiddle_52,21,0.118,3627.11,106,-48
lonely_fiddle_52,22,0.117,2633.86,100,-2
lonely_fiddle_52,23,0.115,3632.49,106,-46
lonely_fiddle_52,24,0.114,3648.64,106,-38
lonely_fiddle_52,25,0.110,2640.59,100,2
lonely_fiddle_52,26,0.102,323.008,64,-35
lonely_fiddle_52,27,0.098,3643.26,106,-40
lonely_fiddle_52,28,0.085,320.316,64,-50
lonely_fiddle_52,29,0.082,2325.66,98,-18
lonely_fiddle_52,30,0.076,4289.28,108,42
lonely_fiddle_52,31,0.076,1989.19,95,12
lonely_fiddle_52,32,0.072,2971.67,102,7
lonely_fiddle_52,33,0.072,1310.87,88,-10
lonely_fiddle_52,34,0.071,1332.41,88,18
lonely_fiddle_52,35,0.069,2314.89,98,-26
lonely_fiddle_52,36,0.063,316.279,63,28
lonely_fiddle_52,37,0.062,3654.03,106,-35
lonely_fiddle_52,38,0.057,2309.51,98,-30
lonely_fiddle_52,39,0.054,2964.94,102,3
lonely_fiddle_52,40,0.054,2981.09,102,12
lonely_fiddle_52,41,0.052,3621.73,105,49
lonely_fiddle_52,42,0.051,341.85,65,-37
lonely_fiddle_53,1,1.000,347.233,65,-10
lonely_fiddle_53,2,0.381,1398.36,89,2
lonely_fiddle_53,3,0.327,343.196,65,-30
lonely_fiddle_53,4,0.292,353.963,65,23
lonely_fiddle_53,5,0.275,1388.93,89,-10
lonely_fiddle_53,6,0.251,1392.97,89,-5
lonely_fiddle_53,7,0.243,2449.48,99,-28
lonely_fiddle_53,8,0.238,1737.51,93,-22
lonely_fiddle_53,9,0.237,1403.74,89,8
lonely_fiddle_53,10,0.219,2429.29,99,-42
lonely_fiddle_53,11,0.208,2454.86,99,-24
lonely_fiddle_53,12,0.200,1746.93,93,-13
lonely_fiddle_53,13,0.195,1732.13,93,-28
lonely_fiddle_53,14,0.185,1044.39,84,-3
lonely_fiddle_53,15,0.185,2444.09,99,-32
lonely_fiddle_53,16,0.180,1049.78,84,5
lonely_fiddle_53,17,0.161,2423.91,99,-46
lonely_fiddle_53,18,0.155,697.159,77,-3
lonely_fiddle_53,19,0.141,3469.64,105,-25
lonely_fiddle_53,20,0.140,2100.9,96,7
lonely_fiddle_53,21,0.130,1382.2,89,-18
lonely_fiddle_53,22,0.129,2433.33,99,-39
lonely_fiddle_53,23,0.126,1752.32,93,-8
lonely_fiddle_53,24,0.123,1040.35,84,-10
lonely_fiddle_53,25,0.123,2438.71,99,-35
lonely_fiddle_53,26,0.122,3464.26,105,-28
lonely_fiddle_53,27,0.118,3500.6,105,-10
lonely_fiddle_53,28,0.113,2095.51,96,2
lonely_fiddle_53,29,0.108,358,65,43
lonely_fiddle_53,30,0.107,2106.28,96,11
lonely_fiddle_53,31,0.103,3485.79,105,-17
lonely_fiddle_53,32,0.099,2460.24,99,-20
lonely_fiddle_53,33,0.097,337.812,64,42
lonely_fiddle_53,34,0.091,1410.47,89,17
lonely_fiddle_53,35,0.090,1726.75,93,-33
lonely_fiddle_53,36,0.089,3505.98,105,-7
lonely_fiddle_53,37,0.089,3473.68,105,-23
lonely_fiddle_53,38,0.088,1055.16,84,14
lonely_fiddle_53,39,0.085,702.542,77,10
lonely_fiddle_53,40,0.084,2418.52,99,-50
lonely_fiddle_53,41,0.083,3495.21,105,-12
lonely_fiddle_53,42,0.077,3488.49,105,-16
lonely_fiddle_53,43,0.076,691.775,77,-17
lonely_fiddle_53,44,0.076,3479.06,105,-20
lonely_fiddle_53,45,0.074,3458.88,105,-30
lonely_fiddle_53,46,0.068,362.038,66,-38
lonely_fiddle_53,47,0.059,333.775,64,22
lonely_fiddle_53,48,0.057,3812.84,106,38
lonely_fiddle_53,49,0.054,1759.05,93,-1
lonely_fiddle_53,50,0.053,2080.71,96,-10
lonely_fiddle_54,1,1.000,368.767,66,-6
lonely_fiddle_54,2,0.522,2223.37,97,5
lonely_fiddle_54,3,0.423,2228.75,97,9
lonely_fiddle_54,4,0.327,363.384,66,-31
lonely_fiddle_54,5,0.280,1100.92,85,-12
lonely_fiddle_54,6,0.262,2201.84,97,-12
lonely_fiddle_54,7,0.244,1854.6,94,-9
lonely_fiddle_54,8,0.239,2212.6,97,-4
lonely_fiddle_54,9,0.231,374.151,66,19
lonely_fiddle_54,10,0.230,2216.64,97,-1
lonely_fiddle_54,11,0.223,2196.45,97,-16
lonely_fiddle_54,12,0.217,1469.69,90,-12
lonely_fiddle_54,13,0.194,737.535,78,-6
lonely_fiddle_54,14,0.186,1111.69,85,5
lonely_fiddle_54,15,0.180,1464.3,90,-18
lonely_fiddle_54,16,0.178,1849.22,94,-14
lonely_fiddle_54,17,0.167,1106.3,85,-4
lonely_fiddle_54,18,0.161,1095.54,85,-21
lonely_fiddle_54,19,0.154,1859.99,94,-4
lonely_fiddle_54,20,0.152,1480.45,90,1
lonely_fiddle_54,21,0.135,742.918,78,7
lonely_fiddle_54,22,0.133,732.151,78,-18
lonely_fiddle_54,23,0.119,1485.84,90,7
lonely_fiddle_54,24,0.112,2208.57,97,-7
lonely_fiddle_54,25,0.109,378.188,66,38
lonely_fiddle_54,26,0.104,2598.87,100,-25
lonely_fiddle_54,27,0.102,1117.07,85,13
lonely_fiddle_54,28,0.101,1838.45,94,-24
lonely_fiddle_54,29,0.097,2592.14,100,-30
lonely_fiddle_54,30,0.093,3664.79,106,-30
lonely_fiddle_54,31,0.091,3313.52,104,-5
lonely_fiddle_54,32,0.090,3711.9,106,-8
lonely_fiddle_54,33,0.089,3670.18,106,-28
lonely_fiddle_54,34,0.086,3694.4,106,-16
lonely_fiddle_54,35,0.086,2565.22,100,-48
lonely_fiddle_54,36,0.084,3706.52,106,-11
lonely_fiddle_54,37,0.082,1833.07,94,-30
lonely_fiddle_54,38,0.081,1864.02,94,-1
lonely_fiddle_54,39,0.081,356.655,65,36
lonely_fiddle_54,40,0.078,3682.29,106,-22
lonely_fiddle_54,41,0.076,1458.92,90,-25
lonely_fiddle_54,42,0.072,2569.26,100,-45
lonely_fiddle_54,43,0.068,3297.37,104,-13
lonely_fiddle_54,44,0.067,3717.28,106,-6
lonely_fiddle_54,45,0.067,382.226,67,-44
lonely_fiddle_54,46,0.067,3703.82,106,-12
lonely_fiddle_54,47,0.062,1476.42,90,-4
lonely_fiddle_54,48,0.062,1843.84,94,-19
lonely_fiddle_54,49,0.061,2581.37,100,-37
lonely_fiddle_54,50,0.061,3660.76,106,-32
lonely_fiddle_55,1,1.000,785.986,79,4
lonely_fiddle_55,2,0.894,791.369,79,16
lonely_fiddle_55,3,0.757,779.257,79,-10
lonely_fiddle_55,4,0.601,392.993,67,4
lonely_fiddle_55,5,0.424,1958.24,95,-15
lonely_fiddle_55,6,0.395,386.264,67,-25
lonely_fiddle_55,7,0.357,398.376,67,28
lonely_fiddle_55,8,0.348,1970.35,95,-5
lonely_fiddle_55,9,0.281,2744.22,101,-31
lonely_fiddle_55,10,0.279,1565.24,91,-3
lonely_fiddle_55,11,0.271,2738.84,101,-34
lonely_fiddle_55,12,0.265,1964.96,95,-9
lonely_fiddle_55,13,0.262,3547.7,105,14
lonely_fiddle_55,14,0.261,1577.36,91,10
lonely_fiddle_55,15,0.260,796.753,79,28
lonely_fiddle_55,16,0.257,1975.73,95,0
lonely_fiddle_55,17,0.242,3553.09,105,16
lonely_fiddle_55,18,0.229,1571.97,91,4
lonely_fiddle_55,19,0.209,3524.82,105,2
lonely_fiddle_55,20,0.202,1178.98,86,6
lonely_fiddle_55,21,0.189,1184.36,86,14
lonely_fiddle_55,22,0.189,2756.33,101,-23
lonely_fiddle_55,23,0.184,1952.85,95,-20
lonely_fiddle_55,24,0.161,2761.72,101,-20
lonely_fiddle_55,25,0.160,1172.25,86,-4
lonely_fiddle_55,26,0.153,1582.74,91,16
lonely_fiddle_55,27,0.145,773.873,79,-22
lonely_fiddle_55,28,0.135,3519.44,105,0
lonely_fiddle_55,29,0.129,3536.94,105,8
lonely_fiddle_55,30,0.127,3530.21,105,5
lonely_fiddle_55,31,0.120,3558.47,105,19
lonely_fiddle_55,32,0.114,1981.12,95,5
lonely_fiddle_55,33,0.114,2732.11,101,-39
lonely_fiddle_55,34,0.110,769.836,79,-32
lonely_fiddle_55,35,0.095,1559.86,91,-9
lonely_fiddle_55,36,0.091,380.88,67,-50
lonely_fiddle_55,37,0.087,3131.83,103,-2
lonely_fiddle_55,38,0.087,4732.07,110,12
lonely_fiddle_55,39,0.086,2363.34,98,10
lonely_fiddle_55,40,0.085,4310.81,109,-49
lonely_fiddle_55,41,0.085,5523.44,113,-20
lonely_fiddle_55,42,0.084,4339.07,109,-38
lonely_fiddle_55,43,0.084,4304.08,108,48
lonely_fiddle_55,44,0.083,2368.72,98,14
lonely_fiddle_55,45,0.080,3542.32,105,11
lonely_fiddle_55,46,0.071,5518.05,113,-22
lonely_fiddle_55,47,0.071,4333.69,109,-40
lonely_fiddle_55,48,0.070,765.798,79,-41
lonely_fiddle_55,49,0.066,5483.06,113,-33
lonely_fiddle_55,50,0.066,802.136,79,40
lonely_fiddle_56,1,1.000,413.181,68,-9
lonely_fiddle_56,2,0.370,419.91,68,19
lonely_fiddle_56,3,0.350,827.708,80,-6
lonely_fiddle_56,4,0.278,822.324,80,-17
lonely_fiddle_56,5,0.246,833.091,80,5
lonely_fiddle_56,6,0.244,407.797,68,-32
lonely_fiddle_56,7,0.234,2496.58,99,5
lonely_fiddle_56,8,0.224,2501.97,99,9
lonely_fiddle_56,9,0.222,1662.14,92,1
lonely_fiddle_56,10,0.213,1667.53,92,7
lonely_fiddle_56,11,0.210,1651.38,92,-10
lonely_fiddle_56,12,0.201,2485.81,99,-2
lonely_fiddle_56,13,0.180,2475.05,99,-10
lonely_fiddle_56,14,0.173,3710.55,106,-9
lonely_fiddle_56,15,0.170,3705.17,106,-11
lonely_fiddle_56,16,0.141,1645.99,92,-16
lonely_fiddle_56,17,0.129,2507.35,99,13
lonely_fiddle_56,18,0.118,1247.62,87,4
lonely_fiddle_56,19,0.115,1236.85,87,-11
lonely_fiddle_56,20,0.113,3699.79,106,-14
lonely_fiddle_56,21,0.105,3714.59,106,-7
lonely_fiddle_56,22,0.101,1672.91,92,12
lonely_fiddle_56,23,0.095,818.287,80,-26
lonely_fiddle_56,24,0.092,3750.93,106,10
lonely_fiddle_56,25,0.090,3722.67,106,-3
lonely_fiddle_56,26,0.089,3733.43,106,2
lonely_fiddle_56,27,0.085,3725.36,106,-2
lonely_fiddle_56,28,0.084,403.76,68,-49
lonely_fiddle_56,29,0.075,838.475,80,16
lonely_fiddle_56,30,0.070,1253,87,12
lonely_fiddle_56,31,0.067,3746.89,106,8
lonely_fiddle_56,32,0.066,1242.23,87,-3
lonely_fiddle_56,33,0.064,3756.31,106,12
lonely_fiddle_56,34,0.062,2060.52,96,-27
lonely_fiddle_56,35,0.058,429.331,69,-42
lonely_fiddle_56,36,0.058,3296.03,104,-14
lonely_fiddle_56,37,0.058,399.722,67,34
lonely_fiddle_56,38,0.054,1231.47,87,-18
lonely_fiddle_56,39,0.054,3314.87,104,-4
lonely_fiddle_56,40,0.054,3290.64,104,-17
lonely_fiddle_57,1,1.000,433.369,69,-26
lonely_fiddle_57,2,0.664,2647.32,100,7
lonely_fiddle_57,3,0.613,872.121,81,-16
lonely_fiddle_57,4,0.566,2208.57,97,-7
lonely_fiddle_57,5,0.527,1312.22,88,-8
lonely_fiddle_57,6,0.515,444.136,69,16
lonely_fiddle_57,7,0.483,2203.18,97,-11
lonely_fiddle_57,8,0.479,2652.7,100,10
lonely_fiddle_57,9,0.430,877.505,81,-5
lonely_fiddle_57,10,0.413,438.752,69,-5
lonely_fiddle_57,11,0.392,884.234,81,8
lonely_fiddle_57,12,0.337,2213.95,97,-3
lonely_fiddle_57,13,0.292,2185.69,97,-25
lonely_fiddle_57,14,0.285,2641.94,100,3
lonely_fiddle_57,15,0.277,1306.84,88,-15
lonely_fiddle_57,16,0.238,3497.91,105,-11
lonely_fiddle_57,17,0.226,429.331,69,-42
lonely_fiddle_57,18,0.221,3492.52,105,-14
lonely_fiddle_57,19,0.220,2191.07,97,-21
lonely_fiddle_57,20,0.218,2178.96,97,-30
lonely_fiddle_57,21,0.215,1317.6,88,-1
lonely_fiddle_57,22,0.204,2619.06,100,-12
lonely_fiddle_57,23,0.191,1745.59,93,-14
lonely_fiddle_57,24,0.189,2658.09,100,14
lonely_fiddle_57,25,0.178,866.738,81,-26
lonely_fiddle_57,26,0.177,3531.55,105,6
lonely_fiddle_57,27,0.175,1750.97,93,-9
lonely_fiddle_57,28,0.163,2624.44,100,-8
lonely_fiddle_57,29,0.159,3515.4,105,-2
lonely_fiddle_57,30,0.157,2219.33,97,1
lonely_fiddle_57,31,0.145,3538.28,105,9
lonely_fiddle_57,32,0.133,3526.17,105,3
lonely_fiddle_57,33,0.125,3504.64,105,-8
lonely_fiddle_57,34,0.117,3508.67,105,-6
lonely_fiddle_57,35,0.116,3087.42,103,-27
lonely_fiddle_57,36,0.115,3092.8,103,-24
lonely_fiddle_57,37,0.115,1324.33,88,8
lonely_fiddle_57,38,0.109,2613.67,100,-15
lonely_fiddle_57,39,0.106,1740.21,93,-20
lonely_fiddle_57,40,0.105,1302.8,88,-21
lonely_fiddle_57,41,0.104,3542.32,105,11
lonely_fiddle_57,42,0.090,2637.9,100,1
lonely_fiddle_57,43,0.090,3057.81,103,-44
lonely_fiddle_57,44,0.084,1328.37,88,13
lonely_fiddle_57,45,0.077,2663.47,100,17
lonely_fiddle_57,46,0.075,1763.08,93,3
lonely_fiddle_57,47,0.074,3977.03,107,11
lonely_fiddle_57,48,0.073,3075.3,103,-34
lonely_fiddle_57,49,0.072,423.948,68,36
lonely_fiddle_57,50,0.070,3547.7,105,14
lonely_fiddle_58,1,1.000,931.339,82,-2
lonely_fiddle_58,2,0.734,936.723,82,8
lonely_fiddle_58,3,0.515,1402.39,89,7
lonely_fiddle_58,4,0.512,1869.41,94,4
lonely_fiddle_58,5,0.493,1857.3,94,-7
lonely_fiddle_58,6,0.478,1397.01,89,0
lonely_fiddle_58,7,0.396,1874.79,94,9
lonely_fiddle_58,8,0.376,3713.25,106,-7
lonely_fiddle_58,9,0.374,465.67,70,-2
lonely_fiddle_58,10,0.373,460.286,70,-22
lonely_fiddle_58,11,0.370,1391.63,89,-7
lonely_fiddle_58,12,0.353,925.956,82,-12
lonely_fiddle_58,13,0.326,471.053,70,18
lonely_fiddle_58,14,0.314,1862.68,94,-2
lonely_fiddle_58,15,0.275,3715.94,106,-6
lonely_fiddle_58,16,0.257,1407.78,89,13
lonely_fiddle_58,17,0.248,3706.52,106,-11
lonely_fiddle_58,18,0.239,942.106,82,18
lonely_fiddle_58,19,0.228,3726.7,106,-1
lonely_fiddle_58,20,0.219,3719.97,106,-4
lonely_fiddle_58,21,0.218,3742.85,106,6
lonely_fiddle_58,22,0.213,2335.08,98,-11
lonely_fiddle_58,23,0.208,3738.82,106,4
lonely_fiddle_58,24,0.197,2806.13,101,8
lonely_fiddle_58,25,0.191,3277.18,104,-24
lonely_fiddle_58,26,0.189,3271.8,104,-27
lonely_fiddle_58,27,0.172,1878.83,94,13
lonely_fiddle_58,28,0.170,2340.46,98,-7
lonely_fiddle_58,29,0.158,3730.74,106,1
lonely_fiddle_58,30,0.158,3749.58,106,9
lonely_fiddle_58,31,0.144,2811.51,101,11
lonely_fiddle_58,32,0.131,2800.75,101,4
lonely_fiddle_58,33,0.128,2789.98,101,-2
lonely_fiddle_58,34,0.128,3282.57,104,-21
lonely_fiddle_58,35,0.117,2784.6,101,-6
lonely_fiddle_58,36,0.117,4178.91,108,-3
lonely_fiddle_58,37,0.113,3261.03,104,-32
lonely_fiddle_58,38,0.113,5104.87,111,44
lonely_fiddle_58,39,0.110,4209.87,108,10
lonely_fiddle_58,40,0.101,3754.97,106,12
lonely_fiddle_58,41,0.099,4215.25,108,12
lonely_fiddle_58,42,0.097,2780.56,101,-8
lonely_fiddle_58,43,0.092,2794.02,101,0
lonely_fiddle_58,44,0.088,3701.13,106,-13
lonely_fiddle_58,45,0.086,3255.65,104,-35
lonely_fiddle_58,46,0.082,4173.53,108,-5
lonely_fiddle_58,47,0.081,3266.42,104,-29
lonely_fiddle_58,48,0.080,6037.56,114,34
lonely_fiddle_58,49,0.077,1413.16,89,20
lonely_fiddle_58,50,0.075,5110.25,111,45
lonely_fiddle_59,1,1.000,495.279,71,5
lonely_fiddle_59,2,0.370,500.662,71,24
lonely_fiddle_59,3,0.361,990.558,83,5
lonely_fiddle_59,4,0.265,491.241,71,-9
lonely_fiddle_59,5,0.255,2472.36,99,-12
lonely_fiddle_59,6,0.252,2466.97,99,-15
lonely_fiddle_59,7,0.233,2484.47,99,-3
lonely_fiddle_59,8,0.228,985.174,83,-5
lonely_fiddle_59,9,0.190,2489.85,99,1
lonely_fiddle_59,10,0.179,995.941,83,14
lonely_fiddle_59,11,0.167,504.7,71,38
lonely_fiddle_59,12,0.147,1977.08,95,1
lonely_fiddle_59,13,0.114,3458.88,105,-30
lonely_fiddle_59,14,0.106,2495.24,99,4
lonely_fiddle_59,15,0.101,1971.69,95,-3
lonely_fiddle_59,16,0.097,2461.59,99,-19
lonely_fiddle_59,17,0.095,1987.84,95,11
lonely_fiddle_59,18,0.089,3453.49,105,-33
lonely_fiddle_59,19,0.084,3481.76,105,-19
lonely_fiddle_59,20,0.078,3477.72,105,-21
lonely_fiddle_59,21,0.074,2497.93,99,6
lonely_fiddle_59,22,0.071,3469.64,105,-25
lonely_fiddle_59,23,0.069,1492.57,90,15
lonely_fiddle_59,24,0.065,1002.67,83,26
lonely_fiddle_59,25,0.062,2962.25,102,1
lonely_fiddle_59,26,0.061,512.775,72,-35
lonely_fiddle_59,27,0.060,3487.14,105,-16
lonely_fiddle_59,28,0.060,1487.18,90,8
lonely_fiddle_59,29,0.058,3466.95,105,-26
lonely_fiddle_59,30,0.056,979.791,83,-14
lonely_fiddle_59,31,0.056,1982.46,95,6
lonely_fiddle_59,32,0.054,1481.8,90,2
lonely_fiddle_59,33,0.052,2503.31,99,10
lonely_fiddle_59,34,0.052,483.166,71,-38
lonely_fiddle_60,1,1.000,523.542,72,1
lonely_fiddle_60,2,0.264,528.925,72,19
lonely_fiddle_60,3,0.242,518.159,72,-17
lonely_fiddle_60,4,0.105,1047.08,84,1
lonely_fiddle_60,5,0.081,2635.21,100,-1
lonely_fiddle_60,6,0.077,1052.47,84,10
lonely_fiddle_60,7,0.073,3676.91,106,-24
lonely_fiddle_60,8,0.069,2613.67,100,-15
lonely_fiddle_60,9,0.069,511.429,72,-40
lonely_fiddle_60,10,0.068,3656.72,106,-34
lonely_fiddle_60,11,0.067,2100.9,96,7
lonely_fiddle_60,12,0.064,3683.64,106,-21
lonely_fiddle_60,13,0.063,3667.49,106,-29
lonely_fiddle_60,14,0.057,2609.63,100,-18
lonely_fiddle_60,15,0.057,507.392,71,47
lonely_fiddle_60,16,0.056,2090.13,96,-2
lonely_fiddle_60,17,0.055,1576.01,91,9
lonely_fiddle_60,18,0.053,2629.82,100,-5
lonely_fiddle_60,19,0.052,535.655,72,41
lonely_fiddle_61,1,1.000,555.843,73,5
lonely_fiddle_61,2,0.709,2235.48,97,14
lonely_fiddle_61,3,0.568,1674.26,92,14
lonely_fiddle_61,4,0.525,2230.1,97,10
lonely_fiddle_61,5,0.507,2213.95,97,-3
lonely_fiddle_61,6,0.506,561.226,73,21
lonely_fiddle_61,7,0.445,1106.3,85,-4
lonely_fiddle_61,8,0.434,2217.99,97,0
lonely_fiddle_61,9,0.429,2240.87,97,18
lonely_fiddle_61,10,0.411,550.459,73,-12
lonely_fiddle_61,11,0.404,1663.49,92,2
lonely_fiddle_61,12,0.392,1117.07,85,13
lonely_fiddle_61,13,0.387,1679.64,92,19
lonely_fiddle_61,14,0.381,1111.69,85,5
lonely_fiddle_61,15,0.371,2224.72,97,6
lonely_fiddle_61,16,0.301,1656.76,92,-5
lonely_fiddle_61,17,0.282,2207.22,97,-8
lonely_fiddle_61,18,0.212,1100.92,85,-12
lonely_fiddle_61,19,0.207,2244.9,97,21
lonely_fiddle_61,20,0.183,3318.91,104,-2
lonely_fiddle_61,21,0.176,1121.11,85,19
lonely_fiddle_61,22,0.173,3313.52,104,-5
lonely_fiddle_61,23,0.149,543.73,73,-34
lonely_fiddle_61,24,0.134,3324.29,104,1
lonely_fiddle_61,25,0.131,1651.38,92,-10
lonely_fiddle_61,26,0.125,2201.84,97,-12
lonely_fiddle_61,27,0.105,3336.4,104,7
lonely_fiddle_61,28,0.102,3309.49,104,-7
lonely_fiddle_61,29,0.083,3328.33,104,3
lonely_fiddle_61,30,0.078,2798.06,101,3
lonely_fiddle_61,31,0.076,3353.9,104,16
lonely_fiddle_61,32,0.075,3347.17,104,13
lonely_fiddle_61,33,0.069,2792.67,101,-1
lonely_fiddle_61,34,0.064,5033.54,111,19
lonely_fiddle_61,35,0.063,1094.19,85,-23
lonely_fiddle_61,36,0.060,2763.06,101,-19
lonely_fiddle_61,37,0.057,5026.81,111,17
lonely_fiddle_61,38,0.057,2768.45,101,-16
lonely_fiddle_61,39,0.057,4977.01,111,0
lonely_fiddle_61,40,0.056,2803.44,101,6
lonely_fiddle_61,41,0.055,4982.4,111,2
lonely_fiddle_61,42,0.052,5038.92,111,21
lonely_fiddle_61,43,0.051,2196.45,97,-16
lonely_fiddle_61,44,0.050,4998.55,111,7
lonely_fiddle_62,1,1.000,590.835,74,10
lonely_fiddle_62,2,0.833,588.144,74,2
lonely_fiddle_62,3,0.661,3507.33,105,-6
lonely_fiddle_62,4,0.560,1753.66,93,-6
lonely_fiddle_62,5,0.507,580.068,74,-22
lonely_fiddle_62,6,0.464,3501.94,105,-9
lonely_fiddle_62,7,0.452,3528.86,105,4
lonely_fiddle_62,8,0.442,1172.25,86,-4
lonely_fiddle_62,9,0.413,3512.71,105,-4
lonely_fiddle_62,10,0.384,3518.09,105,-1
lonely_fiddle_62,11,0.366,3534.24,105,7
lonely_fiddle_62,12,0.334,3523.48,105,2
lonely_fiddle_62,13,0.324,2339.12,98,-8
lonely_fiddle_62,14,0.322,1166.87,86,-12
lonely_fiddle_62,15,0.321,1748.28,93,-12
lonely_fiddle_62,16,0.316,2920.53,102,-23
lonely_fiddle_62,17,0.314,1764.43,93,4
lonely_fiddle_62,18,0.313,1177.63,86,4
lonely_fiddle_62,19,0.303,2925.91,102,-20
lonely_fiddle_62,20,0.289,2335.08,98,-11
lonely_fiddle_62,21,0.269,2349.88,98,0
lonely_fiddle_62,22,0.251,3538.28,105,9
lonely_fiddle_62,23,0.237,2356.61,98,5
lonely_fiddle_62,24,0.220,3543.67,105,12
lonely_fiddle_62,25,0.215,2936.68,102,-14
lonely_fiddle_62,26,0.197,3496.56,105,-12
lonely_fiddle_62,27,0.188,1759.05,93,-1
lonely_fiddle_62,28,0.174,597.565,74,30
lonely_fiddle_62,29,0.173,2915.15,102,-26
lonely_fiddle_62,30,0.168,2943.41,102,-10
lonely_fiddle_62,31,0.162,2343.15,98,-5
lonely_fiddle_62,32,0.159,2947.45,102,-7
lonely_fiddle_62,33,0.139,2360.65,98,8
lonely_fiddle_62,34,0.137,4675.54,110,-9
lonely_fiddle_62,35,0.128,1769.81,93,10
lonely_fiddle_62,36,0.122,574.685,74,-38
lonely_fiddle_62,37,0.121,3549.05,105,14
lonely_fiddle_62,38,0.120,2329.69,98,-15
lonely_fiddle_62,39,0.115,2931.3,102,-17
lonely_fiddle_62,40,0.110,1181.67,86,10
lonely_fiddle_62,41,0.110,4679.58,110,-7
lonely_fiddle_62,42,0.100,4670.16,110,-11
lonely_fiddle_62,43,0.099,4691.69,110,-3
lonely_fiddle_62,44,0.099,602.948,74,45
lonely_fiddle_62,45,0.097,2364.69,98,11
lonely_fiddle_62,46,0.091,4707.84,110,3
lonely_fiddle_62,47,0.090,1742.9,93,-17
lonely_fiddle_62,48,0.085,570.647,74,-50
lonely_fiddle_62,49,0.084,1184.36,86,14
lonely_fiddle_62,50,0.082,5260.99,112,-4
lonely_fiddle_63,1,1.000,617.753,75,-13
lonely_fiddle_63,2,0.659,612.369,75,-28
lonely_fiddle_63,3,0.611,1841.15,94,-22
lonely_fiddle_63,4,0.587,1846.53,94,-17
lonely_fiddle_63,5,0.578,2460.24,99,-20
lonely_fiddle_63,6,0.546,2454.86,99,-24
lonely_fiddle_63,7,0.540,1868.06,94,3
lonely_fiddle_63,8,0.532,1858.64,94,-6
lonely_fiddle_63,9,0.481,624.482,75,6
lonely_fiddle_63,10,0.459,1862.68,94,-2
lonely_fiddle_63,11,0.454,1243.58,87,-1
lonely_fiddle_63,12,0.385,1872.1,94,7
lonely_fiddle_63,13,0.366,1228.78,87,-22
lonely_fiddle_63,14,0.359,1850.57,94,-13
lonely_fiddle_63,15,0.358,1232.81,87,-16
lonely_fiddle_63,16,0.358,2477.74,99,-8
lonely_fiddle_63,17,0.337,2466.97,99,-15
lonely_fiddle_63,18,0.307,2449.48,99,-28
lonely_fiddle_63,19,0.304,1835.76,94,-27
lonely_fiddle_63,20,0.301,3683.64,106,-21
lonely_fiddle_63,21,0.292,2472.36,99,-12
lonely_fiddle_63,22,0.269,2484.47,99,-3
lonely_fiddle_63,23,0.267,2491.2,99,2
lonely_fiddle_63,24,0.266,3678.25,106,-24
lonely_fiddle_63,25,0.261,3693.06,106,-17
lonely_fiddle_63,26,0.260,1247.62,87,4
lonely_fiddle_63,27,0.237,3689.02,106,-19
lonely_fiddle_63,28,0.232,1224.74,87,-28
lonely_fiddle_63,29,0.225,1877.48,94,12
lonely_fiddle_63,30,0.225,3740.16,106,5
lonely_fiddle_63,31,0.219,1236.85,87,-11
lonely_fiddle_63,32,0.201,3705.17,106,-11
lonely_fiddle_63,33,0.199,606.986,75,-43
lonely_fiddle_63,34,0.190,2496.58,99,5
lonely_fiddle_63,35,0.186,3745.55,106,8
lonely_fiddle_63,36,0.168,3714.59,106,-7
lonely_fiddle_63,37,0.166,3728.05,106,-1
lonely_fiddle_63,38,0.162,3674.21,106,-26
lonely_fiddle_63,39,0.144,3724.01,106,-2
lonely_fiddle_63,40,0.142,3734.78,106,3
lonely_fiddle_63,41,0.141,3697.09,106,-15
lonely_fiddle_63,42,0.135,3730.74,106,1
lonely_fiddle_63,43,0.130,629.865,75,21
lonely_fiddle_63,44,0.128,3752.28,106,11
lonely_fiddle_63,45,0.121,2501.97,99,9
lonely_fiddle_63,46,0.120,3710.55,106,-9
lonely_fiddle_63,47,0.113,2444.09,99,-32
lonely_fiddle_63,48,0.100,1882.87,94,17
lonely_fiddle_63,49,0.085,1219.35,87,-35
lonely_fiddle_63,50,0.081,1829.03,94,-33
lonely_fiddle_64,1,1.000,1316.26,88,-3
lonely_fiddle_64,2,0.928,2654.05,100,11
lonely_fiddle_64,3,0.690,1327.02,88,11
lonely_fiddle_64,4,0.581,2659.43,100,15
lonely_fiddle_64,5,0.514,1971.69,95,-3
lonely_fiddle_64,6,0.507,1321.64,88,4
lonely_fiddle_64,7,0.498,659.474,76,1
lonely_fiddle_64,8,0.472,3304.1,104,-10
lonely_fiddle_64,9,0.459,2650.01,100,9
lonely_fiddle_64,10,0.442,655.437,76,-10
lonely_fiddle_64,11,0.424,2637.9,100,1
lonely_fiddle_64,12,0.418,1310.87,88,-10
lonely_fiddle_64,13,0.295,666.204,76,18
lonely_fiddle_64,14,0.284,2664.82,100,18
lonely_fiddle_64,15,0.267,1332.41,88,18
lonely_fiddle_64,16,0.211,3320.25,104,-1
lonely_fiddle_64,17,0.208,3314.87,104,-4
lonely_fiddle_64,18,0.206,3287.95,104,-18
lonely_fiddle_64,19,0.196,1966.31,95,-8
lonely_fiddle_64,20,0.168,1987.84,95,11
lonely_fiddle_64,21,0.168,3970.31,107,8
lonely_fiddle_64,22,0.154,2631.17,100,-4
lonely_fiddle_64,23,0.151,3310.83,104,-6
lonely_fiddle_64,24,0.149,3963.58,107,5
lonely_fiddle_64,25,0.148,1977.08,95,1
lonely_fiddle_64,26,0.146,3981.07,107,13
lonely_fiddle_64,27,0.143,3986.46,107,15
lonely_fiddle_64,28,0.138,3943.39,107,-3
lonely_fiddle_64,29,0.137,3282.57,104,-21
lonely_fiddle_64,30,0.135,3291.99,104,-16
lonely_fiddle_64,31,0.134,3294.68,104,-15
lonely_fiddle_64,32,0.132,3959.54,107,4
lonely_fiddle_64,33,0.130,3325.64,104,2
lonely_fiddle_64,34,0.130,3948.77,107,-1
lonely_fiddle_64,35,0.126,2670.2,100,22
lonely_fiddle_64,36,0.122,2621.75,100,-10
lonely_fiddle_64,37,0.119,1993.23,95,15
lonely_fiddle_64,38,0.113,3297.37,104,-13
lonely_fiddle_64,39,0.096,670.241,76,29
lonely_fiddle_64,40,0.090,3977.03,107,11
lonely_fiddle_64,41,0.089,3991.84,107,18
lonely_fiddle_64,42,0.089,1998.61,95,20
lonely_fiddle_64,43,0.086,3938,107,-6
lonely_fiddle_64,44,0.085,1301.45,88,-23
lonely_fiddle_64,45,0.082,3974.34,107,10
lonely_fiddle_64,46,0.080,1981.12,95,5
lonely_fiddle_64,47,0.075,1336.45,88,23
lonely_fiddle_64,48,0.066,4647.28,110,-19
lonely_fiddle_64,49,0.065,3278.53,104,-23
lonely_fiddle_64,50,0.060,2616.36,100,-14
lonely_fiddle_65,1,1.000,697.159,77,-3
lonely_fiddle_65,2,0.879,1399.7,89,3
lonely_fiddle_65,3,0.595,1388.93,89,-10
lonely_fiddle_65,4,0.542,1394.32,89,-3
lonely_fiddle_65,5,0.540,691.775,77,-17
lonely_fiddle_65,6,0.441,1405.08,89,10
lonely_fiddle_65,7,0.382,3472.33,105,-24
lonely_fiddle_65,8,0.373,702.542,77,10
lonely_fiddle_65,9,0.358,3466.95,105,-26
lonely_fiddle_65,10,0.344,3485.79,105,-17
lonely_fiddle_65,11,0.321,2096.86,96,3
lonely_fiddle_65,12,0.301,3503.29,105,-8
lonely_fiddle_65,13,0.289,2102.24,96,8
lonely_fiddle_65,14,0.264,3460.22,105,-30
lonely_fiddle_65,15,0.260,2086.09,96,-6
lonely_fiddle_65,16,0.258,3497.91,105,-11
lonely_fiddle_65,17,0.257,3476.37,105,-22
lonely_fiddle_65,18,0.240,2082.06,96,-9
lonely_fiddle_65,19,0.220,3508.67,105,-6
lonely_fiddle_65,20,0.210,1410.47,89,17
lonely_fiddle_65,21,0.206,2076.67,96,-14
lonely_fiddle_65,22,0.194,4164.11,108,-9
lonely_fiddle_65,23,0.192,2800.75,101,4
lonely_fiddle_65,24,0.177,4189.68,108,2
lonely_fiddle_65,25,0.176,2108.97,96,13
lonely_fiddle_65,26,0.169,2806.13,101,8
lonely_fiddle_65,27,0.166,4200.45,108,6
lonely_fiddle_65,28,0.165,4205.83,108,8
lonely_fiddle_65,29,0.155,4180.26,108,-2
lonely_fiddle_65,30,0.153,3454.84,105,-32
lonely_fiddle_65,31,0.148,1379.51,89,-22
lonely_fiddle_65,32,0.148,706.58,77,20
lonely_fiddle_65,33,0.147,3480.41,105,-20
lonely_fiddle_65,34,0.143,3492.52,105,-14
lonely_fiddle_65,35,0.142,4158.73,108,-11
lonely_fiddle_65,36,0.138,4211.22,108,10
lonely_fiddle_65,37,0.137,4168.15,108,-7
lonely_fiddle_65,38,0.130,2788.63,101,-3
lonely_fiddle_65,39,0.130,3512.71,105,-4
lonely_fiddle_65,40,0.127,2071.29,96,-18
lonely_fiddle_65,41,0.111,2810.17,101,10
lonely_fiddle_65,42,0.108,4215.25,108,12
lonely_fiddle_65,43,0.102,2113.01,96,16
lonely_fiddle_65,44,0.094,1417.2,89,25
lonely_fiddle_65,45,0.089,3518.09,105,-1
lonely_fiddle_65,46,0.087,682.354,77,-40
lonely_fiddle_65,47,0.087,2779.21,101,-9
lonely_fiddle_65,48,0.085,2794.02,101,0
lonely_fiddle_65,49,0.085,4152,108,-14
lonely_fiddle_65,50,0.075,4855.89,111,-43
lonely_fiddle_66,1,1.000,2228.75,97,9
lonely_fiddle_66,2,0.811,2223.37,97,5
lonely_fiddle_66,3,0.662,2235.48,97,14
lonely_fiddle_66,4,0.630,738.881,78,-3
lonely_fiddle_66,5,0.585,2207.22,97,-8
lonely_fiddle_66,6,0.535,2212.6,97,-4
lonely_fiddle_66,7,0.527,1473.72,90,-7
lonely_fiddle_66,8,0.461,3719.97,106,-4
lonely_fiddle_66,9,0.450,3714.59,106,-7
lonely_fiddle_66,10,0.396,1484.49,90,5
lonely_fiddle_66,11,0.394,744.264,78,10
lonely_fiddle_66,12,0.384,2217.99,97,0
lonely_fiddle_66,13,0.383,2240.87,97,18
lonely_fiddle_66,14,0.374,3702.48,106,-12
lonely_fiddle_66,15,0.341,2201.84,97,-12
lonely_fiddle_66,16,0.329,1468.34,90,-14
lonely_fiddle_66,17,0.327,3725.36,106,-2
lonely_fiddle_66,18,0.320,733.497,78,-15
lonely_fiddle_66,19,0.305,3691.71,106,-18
lonely_fiddle_66,20,0.302,3697.09,106,-15
lonely_fiddle_66,21,0.296,1489.87,90,12
lonely_fiddle_66,22,0.270,3680.94,106,-23
lonely_fiddle_66,23,0.257,2974.36,102,8
lonely_fiddle_66,24,0.229,3674.21,106,-26
lonely_fiddle_66,25,0.223,2968.98,102,5
lonely_fiddle_66,26,0.197,2958.21,102,-1
lonely_fiddle_66,27,0.191,3707.86,106,-10
lonely_fiddle_66,28,0.183,2979.75,102,12
lonely_fiddle_66,29,0.177,3730.74,106,1
lonely_fiddle_66,30,0.175,2246.25,97,22
lonely_fiddle_66,31,0.163,2947.45,102,-7
lonely_fiddle_66,32,0.162,2942.06,102,-10
lonely_fiddle_66,33,0.156,3667.49,106,-29
lonely_fiddle_66,34,0.137,1461.61,90,-22
lonely_fiddle_66,35,0.135,749.648,78,22
lonely_fiddle_66,36,0.128,1495.26,90,18
lonely_fiddle_66,37,0.115,2196.45,97,-16
lonely_fiddle_66,38,0.114,3687.67,106,-19
lonely_fiddle_66,39,0.104,2193.76,97,-19
lonely_fiddle_66,40,0.095,728.114,78,-28
lonely_fiddle_66,41,0.091,2935.33,102,-14
lonely_fiddle_66,42,0.091,3662.1,106,-31
lonely_fiddle_66,43,0.086,2986.48,102,15
lonely_fiddle_66,44,0.081,2251.63,97,26
lonely_fiddle_66,45,0.079,3736.12,106,3
lonely_fiddle_66,46,0.071,4442.7,109,3
lonely_fiddle_66,47,0.068,2188.38,97,-23
lonely_fiddle_66,48,0.066,1500.64,90,24
lonely_fiddle_66,49,0.064,3656.72,106,-34
lonely_fiddle_66,50,0.062,4414.44,109,-8
lonely_fiddle_67,1,1.000,788.678,79,10
lonely_fiddle_67,2,0.812,777.911,79,-13
lonely_fiddle_67,3,0.672,781.948,79,-5
lonely_fiddle_67,4,0.379,794.061,79,22
lonely_fiddle_67,5,0.195,1561.2,91,-7
lonely_fiddle_67,6,0.170,1566.59,91,-2
lonely_fiddle_67,7,0.150,1571.97,91,4
lonely_fiddle_67,8,0.146,2356.61,98,5
lonely_fiddle_67,9,0.140,2362,98,9
lonely_fiddle_67,10,0.133,3145.29,103,5
lonely_fiddle_67,11,0.126,3928.58,107,-10
lonely_fiddle_67,12,0.121,771.181,79,-29
lonely_fiddle_67,13,0.121,3129.14,103,-4
lonely_fiddle_67,14,0.121,3933.97,107,-8
lonely_fiddle_67,15,0.112,3123.76,103,-7
lonely_fiddle_67,16,0.111,3907.05,107,-19
lonely_fiddle_67,17,0.109,3139.91,103,2
lonely_fiddle_67,18,0.107,1577.36,91,10
lonely_fiddle_67,19,0.103,3917.82,107,-15
lonely_fiddle_67,20,0.099,2344.5,98,-4
lonely_fiddle_67,21,0.096,799.445,79,34
lonely_fiddle_67,22,0.092,2367.38,98,13
lonely_fiddle_67,23,0.090,4686.31,110,-5
lonely_fiddle_67,24,0.085,3901.67,107,-22
lonely_fiddle_67,25,0.084,4718.61,110,7
lonely_fiddle_67,26,0.082,3150.67,103,8
lonely_fiddle_67,27,0.081,4702.46,110,1
lonely_fiddle_67,28,0.080,2340.46,98,-7
lonely_fiddle_67,29,0.076,1555.82,91,-13
lonely_fiddle_67,30,0.076,767.144,79,-38
lonely_fiddle_67,31,0.073,4691.69,110,-3
lonely_fiddle_67,32,0.073,3940.7,107,-5
lonely_fiddle_67,33,0.066,4722.64,110,9
lonely_fiddle_67,34,0.065,803.482,79,43
lonely_fiddle_67,35,0.063,4682.27,110,-6
lonely_fiddle_67,36,0.058,763.106,79,-47
lonely_fiddle_67,37,0.051,3119.72,103,-9
lonely_fiddle_67,38,0.051,7028.11,117,-3
lonely_fiddle_67,39,0.051,3133.18,103,-2
lonely_fiddle_67,40,0.050,4713.22,110,5
lonely_fiddle_68,1,1.000,831.745,80,2
lonely_fiddle_68,2,0.692,835.783,80,11
lonely_fiddle_68,3,0.692,826.362,80,-9
lonely_fiddle_68,4,0.475,1668.87,92,8
lonely_fiddle_68,5,0.420,2481.78,99,-5
lonely_fiddle_68,6,0.415,2487.16,99,-1
lonely_fiddle_68,7,0.385,1658.11,92,-3
lonely_fiddle_68,8,0.376,2506,99,12
lonely_fiddle_68,9,0.362,1672.91,92,12
lonely_fiddle_68,10,0.292,2493.89,99,3
lonely_fiddle_68,11,0.270,2500.62,99,8
lonely_fiddle_68,12,0.257,2511.39,99,15
lonely_fiddle_68,13,0.244,2476.39,99,-9
lonely_fiddle_68,14,0.242,820.978,80,-20
lonely_fiddle_68,15,0.235,3308.14,104,-7
lonely_fiddle_68,16,0.232,1651.38,92,-10
lonely_fiddle_68,17,0.228,3313.52,104,-5
lonely_fiddle_68,18,0.217,841.166,80,22
lonely_fiddle_68,19,0.167,3302.76,104,-10
lonely_fiddle_68,20,0.137,2515.42,99,18
lonely_fiddle_68,21,0.131,1678.3,92,18
lonely_fiddle_68,22,0.118,3320.25,104,-1
lonely_fiddle_68,23,0.114,816.941,80,-29
lonely_fiddle_68,24,0.108,4180.26,108,-2
lonely_fiddle_68,25,0.102,4982.4,111,2
lonely_fiddle_68,26,0.099,4185.64,108,0
lonely_fiddle_68,27,0.097,1645.99,92,-16
lonely_fiddle_68,28,0.094,2471.01,99,-13
lonely_fiddle_68,29,0.092,4993.16,111,5
lonely_fiddle_68,30,0.092,4967.59,111,-4
lonely_fiddle_68,31,0.092,3326.98,104,2
lonely_fiddle_68,32,0.088,4172.19,108,-6
lonely_fiddle_68,33,0.087,5017.39,111,14
lonely_fiddle_68,34,0.086,3343.13,104,11
lonely_fiddle_68,35,0.085,4963.55,111,-5
lonely_fiddle_68,36,0.084,846.55,80,33
lonely_fiddle_68,37,0.084,4972.98,111,-2
lonely_fiddle_68,38,0.082,4958.17,111,-7
lonely_fiddle_68,39,0.079,4164.11,108,-9
lonely_fiddle_68,40,0.077,5022.77,111,15
lonely_fiddle_68,41,0.077,3331.02,104,4
lonely_fiddle_68,42,0.077,3336.4,104,7
lonely_fiddle_68,43,0.075,3322.94,104,0
lonely_fiddle_68,44,0.070,4166.8,108,-8
lonely_fiddle_68,45,0.069,4156.04,108,-12
lonely_fiddle_68,46,0.066,814.249,80,-34
lonely_fiddle_68,47,0.062,850.587,80,41
lonely_fiddle_68,48,0.062,5012.01,111,12
lonely_fiddle_68,49,0.060,4189.68,108,2
lonely_fiddle_68,50,0.059,3347.17,104,13
lonely_fiddle_69,1,1.000,873.467,81,-13
lonely_fiddle_69,2,0.821,2654.05,100,11
lonely_fiddle_69,3,0.718,2648.66,100,8
lonely_fiddle_69,4,0.558,2660.78,100,16
lonely_fiddle_69,5,0.502,2620.4,100,-11
lonely_fiddle_69,6,0.462,2625.79,100,-7
lonely_fiddle_69,7,0.417,1746.93,93,-13
lonely_fiddle_69,8,0.307,1752.32,93,-8
lonely_fiddle_69,9,0.281,3539.63,105,10
lonely_fiddle_69,10,0.267,877.505,81,-5
lonely_fiddle_69,11,0.263,884.234,81,8
lonely_fiddle_69,12,0.245,3545.01,105,12
lonely_fiddle_69,13,0.233,2615.02,100,-15
lonely_fiddle_69,14,0.210,866.738,81,-26
lonely_fiddle_69,15,0.188,3493.87,105,-13
lonely_fiddle_69,16,0.188,3500.6,105,-10
lonely_fiddle_69,17,0.180,2639.24,100,1
lonely_fiddle_69,18,0.170,1741.55,93,-18
lonely_fiddle_69,19,0.167,3534.24,105,7
lonely_fiddle_69,20,0.150,3511.37,105,-4
lonely_fiddle_69,21,0.142,3551.74,105,16
lonely_fiddle_69,22,0.131,2643.28,100,4
lonely_fiddle_69,23,0.115,2674.24,100,24
lonely_fiddle_69,24,0.112,3523.48,105,2
lonely_fiddle_69,25,0.093,4374.07,109,-24
lonely_fiddle_69,26,0.091,3488.49,105,-16
lonely_fiddle_69,27,0.084,3515.4,105,-2
lonely_fiddle_69,28,0.083,1763.08,93,3
lonely_fiddle_69,29,0.079,4367.34,109,-27
lonely_fiddle_69,30,0.079,4370.03,109,-26
lonely_fiddle_69,31,0.079,2608.29,100,-19
lonely_fiddle_69,32,0.074,889.618,81,19
lonely_fiddle_69,33,0.070,4425.21,109,-4
lonely_fiddle_69,34,0.069,4430.59,109,-2
lonely_fiddle_69,35,0.067,2680.97,100,29
lonely_fiddle_69,36,0.067,3559.82,105,19
lonely_fiddle_69,37,0.067,4384.83,109,-20
lonely_fiddle_69,38,0.064,1769.81,93,10
lonely_fiddle_69,39,0.063,6200.41,115,-20
lonely_fiddle_69,40,0.061,6118.31,115,-43
lonely_fiddle_69,41,0.060,6149.26,115,-34
lonely_fiddle_69,42,0.059,6112.92,115,-44
lonely_fiddle_69,43,0.057,6160.03,115,-31
lonely_fiddle_69,44,0.057,6195.02,115,-21
lonely_fiddle_69,45,0.057,4395.6,109,-15
lonely_fiddle_69,46,0.057,6165.41,115,-30
lonely_fiddle_69,47,0.056,2685,100,31
lonely_fiddle_69,48,0.053,5314.83,112,13
lonely_fiddle_69,49,0.053,4390.22,109,-18
lonely_fiddle_69,50,0.053,6122.35,115,-42
lonely_fiddle_70,1,1.000,928.648,82,-7
lonely_fiddle_70,2,0.919,934.031,82,3
lonely_fiddle_70,3,0.856,923.264,82,-17
lonely_fiddle_70,4,0.397,938.069,82,11
lonely_fiddle_70,5,0.334,919.227,82,-24
lonely_fiddle_70,6,0.183,1847.87,94,-16
lonely_fiddle_70,7,0.171,943.452,82,21
lonely_fiddle_70,8,0.165,1854.6,94,-9
lonely_fiddle_70,9,0.136,1842.49,94,-21
lonely_fiddle_70,10,0.120,3702.48,106,-12
lonely_fiddle_70,11,0.119,911.151,82,-40
lonely_fiddle_70,12,0.110,1872.1,94,7
lonely_fiddle_70,13,0.109,1866.72,94,2
lonely_fiddle_70,14,0.104,3697.09,106,-15
lonely_fiddle_70,15,0.074,2779.21,101,-9
lonely_fiddle_70,16,0.073,3687.67,106,-19
lonely_fiddle_70,17,0.072,3693.06,106,-17
lonely_fiddle_70,18,0.071,907.114,82,-47
lonely_fiddle_70,19,0.066,1835.76,94,-27
lonely_fiddle_70,20,0.066,1877.48,94,12
lonely_fiddle_70,21,0.065,2807.48,101,8
lonely_fiddle_70,22,0.065,3682.29,106,-22
lonely_fiddle_70,23,0.065,903.076,81,45
lonely_fiddle_70,24,0.064,2800.75,101,4
lonely_fiddle_70,25,0.062,3706.52,106,-11
lonely_fiddle_70,26,0.059,2789.98,101,-2
lonely_fiddle_70,27,0.057,3714.59,106,-7
lonely_fiddle_70,28,0.054,4679.58,110,-7
lonely_fiddle_70,29,0.053,6548.99,116,-25
lonely_fiddle_71,1,1.000,987.866,83,0
lonely_fiddle_71,2,0.832,983.828,83,-7
lonely_fiddle_71,3,0.755,994.595,83,12
lonely_fiddle_71,4,0.580,1971.69,95,-3
lonely_fiddle_71,5,0.476,1967.66,95,-7
lonely_fiddle_71,6,0.404,1982.46,95,6
lonely_fiddle_71,7,0.318,1989.19,95,12
lonely_fiddle_71,8,0.265,999.979,83,21
lonely_fiddle_71,9,0.180,2956.87,102,-2
lonely_fiddle_71,10,0.174,2951.48,102,-5
lonely_fiddle_71,11,0.141,1994.57,95,17
lonely_fiddle_71,12,0.134,3936.66,107,-6
lonely_fiddle_71,13,0.120,2967.64,102,4
lonely_fiddle_71,14,0.116,1008.05,83,35
lonely_fiddle_71,15,0.114,3942.04,107,-4
lonely_fiddle_71,16,0.113,4920.49,111,-20
lonely_fiddle_71,17,0.100,4936.64,111,-14
lonely_fiddle_71,18,0.093,4925.87,111,-18
lonely_fiddle_71,19,0.092,4948.75,111,-10
lonely_fiddle_71,20,0.090,4964.9,111,-5
lonely_fiddle_71,21,0.090,3978.38,107,12
lonely_fiddle_71,22,0.088,4959.52,111,-6
lonely_fiddle_71,23,0.088,3963.58,107,5
lonely_fiddle_71,24,0.088,4972.98,111,-2
lonely_fiddle_71,25,0.086,3954.16,107,1
lonely_fiddle_71,26,0.082,1012.09,83,42
lonely_fiddle_71,27,0.080,3971.65,107,9
lonely_fiddle_71,28,0.078,1016.13,83,49
lonely_fiddle_71,29,0.078,4915.1,111,-22
lonely_fiddle_71,30,0.077,1955.54,95,-18
lonely_fiddle_71,31,0.070,2002.65,95,24
lonely_fiddle_71,32,0.069,2978.4,102,11
lonely_fiddle_71,33,0.063,4978.36,111,0
lonely_fiddle_71,34,0.063,970.37,83,-31
lonely_fiddle_71,35,0.063,1020.17,84,-44
lonely_fiddle_71,36,0.060,2974.36,102,8
lonely_fiddle_71,37,0.058,3983.76,107,14
lonely_fiddle_71,38,0.056,3947.43,107,-2
lonely_fiddle_72,1,1.000,1053.81,84,12
lonely_fiddle_72,2,0.765,1059.2,84,21
lonely_fiddle_72,3,0.709,1047.08,84,1
lonely_fiddle_72,4,0.457,1041.7,84,-8
lonely_fiddle_72,5,0.429,4170.84,108,-6
lonely_fiddle_72,6,0.411,4164.11,108,-9
lonely_fiddle_72,7,0.399,2107.63,96,12
lonely_fiddle_72,8,0.390,1065.93,84,32
lonely_fiddle_72,9,0.363,2113.01,96,16
lonely_fiddle_72,10,0.317,4182.95,108,-1
lonely_fiddle_72,11,0.314,6251.55,115,-6
lonely_fiddle_72,12,0.291,6244.82,115,-7
lonely_fiddle_72,13,0.256,2119.74,96,22
lonely_fiddle_72,14,0.248,5208.5,112,-22
lonely_fiddle_72,15,0.248,4193.72,108,3
lonely_fiddle_72,16,0.245,2099.55,96,5
lonely_fiddle_72,17,0.242,3127.79,103,-5
lonely_fiddle_72,18,0.224,4188.34,108,1
lonely_fiddle_72,19,0.218,5203.12,112,-23
lonely_fiddle_72,20,0.213,4160.07,108,-11
lonely_fiddle_72,21,0.208,4174.88,108,-5
lonely_fiddle_72,22,0.204,2096.86,96,3
lonely_fiddle_72,23,0.204,3122.41,103,-7
lonely_fiddle_72,24,0.199,2086.09,96,-6
lonely_fiddle_72,25,0.199,1071.31,84,41
lonely_fiddle_72,26,0.197,6256.93,115,-4
lonely_fiddle_72,27,0.194,4207.18,108,9
lonely_fiddle_72,28,0.189,5224.65,112,-16
lonely_fiddle_72,29,0.181,2080.71,96,-10
lonely_fiddle_72,30,0.179,6269.05,115,-1
lonely_fiddle_72,31,0.173,5215.23,112,-19
lonely_fiddle_72,32,0.166,5236.77,112,-12
lonely_fiddle_72,33,0.166,2125.12,96,26
lonely_fiddle_72,34,0.164,6239.44,115,-9
lonely_fiddle_72,35,0.159,5230.04,112,-15
lonely_fiddle_72,36,0.153,5247.53,112,-9
lonely_fiddle_72,37,0.139,5286.56,112,4
lonely_fiddle_72,38,0.138,5260.99,112,-4
lonely_fiddle_72,39,0.132,5281.18,112,2
lonely_fiddle_72,40,0.130,5242.15,112,-10
lonely_fiddle_72,41,0.127,41.7219,28,22
lonely_fiddle_72,42,0.127,5266.37,112,-3
lonely_fiddle_72,43,0.125,6320.19,115,13
lonely_fiddle_72,44,0.124,5291.95,112,6
lonely_fiddle_72,45,0.121,3139.91,103,2
lonely_fiddle_72,46,0.121,6279.81,115,2
lonely_fiddle_72,47,0.120,6282.5,115,3
lonely_fiddle_72,48,0.119,5196.39,112,-26
lonely_fiddle_72,49,0.118,1076.69,84,49
lonely_fiddle_72,50,0.115,6302.69,115,8
lute_of_ages_36,1,1.000,130.549,48,-3
lute_of_ages_36,2,0.809,458.94,70,-27
lute_of_ages_36,3,0.674,262.444,60,5
lute_of_ages_36,4,0.626,195.151,55,-7
lute_of_ages_36,5,0.497,392.993,67,4
lute_of_ages_36,6,0.349,327.046,64,-14
lute_of_ages_36,7,0.236,64.6016,36,-21
lute_of_ages_36,8,0.113,524.888,72,5
lute_of_ages_36,9,0.102,590.835,74,10
lute_of_ages_36,10,0.092,122.474,47,-14
lute_of_ages_36,11,0.077,138.624,49,0
lute_of_ages_36,12,0.070,271.865,61,-34
lute_of_ages_36,13,0.058,383.572,67,-38
lute_of_ages_36,14,0.057,118.436,46,28
lute_of_ages_36,15,0.053,114.399,46,-32
lute_of_ages_36,16,0.051,471.053,70,18
lute_of_ages_37,1,1.000,138.624,49,0
lute_of_ages_37,2,0.753,208.609,56,8
lute_of_ages_37,3,0.662,278.594,61,9
lute_of_ages_37,4,0.630,418.564,68,14
lute_of_ages_37,5,0.484,68.6392,37,-16
lute_of_ages_37,6,0.390,348.579,65,-3
lute_of_ages_37,7,0.303,487.204,71,-24
lute_of_ages_37,8,0.109,130.549,48,-3
lute_of_ages_37,9,0.108,557.189,73,9
lute_of_ages_37,10,0.083,126.511,47,42
lute_of_ages_37,11,0.065,118.436,46,28
lute_of_ages_37,12,0.061,121.128,47,-33
lute_of_ages_37,13,0.060,628.52,75,17
lute_of_ages_37,14,0.058,427.985,69,-48
lute_of_ages_37,15,0.058,114.399,46,-32
lute_of_ages_37,16,0.054,76.7144,39,-24
lute_of_ages_38,1,1.000,146.699,50,-2
lute_of_ages_38,2,0.710,220.722,57,6
lute_of_ages_38,3,0.679,442.79,69,11
lute_of_ages_38,4,0.420,294.745,62,6
lute_of_ages_38,5,0.412,72.6768,38,-18
lute_of_ages_38,6,0.357,368.767,66,-6
lute_of_ages_38,7,0.164,516.813,72,-21
lute_of_ages_38,8,0.101,154.775,51,-9
lute_of_ages_38,9,0.072,158.812,51,36
lute_of_ages_38,10,0.060,208.609,56,8
lute_of_ages_39,1,1.000,154.775,51,-9
lute_of_ages_39,2,0.223,309.549,63,-9
lute_of_ages_39,3,0.177,76.7144,39,-24
lute_of_ages_39,4,0.136,232.835,58,-2
lute_of_ages_39,5,0.126,624.482,75,6
lute_of_ages_39,6,0.089,228.797,58,-32
lute_of_ages_39,7,0.079,160.158,52,-50
lute_of_ages_39,8,0.075,148.045,50,14
lute_of_ages_40,1,1.000,162.85,52,-21
lute_of_ages_40,2,0.613,244.948,59,-14
lute_of_ages_40,3,0.551,409.143,68,-26
lute_of_ages_40,4,0.390,327.046,64,-14
lute_of_ages_40,5,0.363,491.241,71,-9
lute_of_ages_40,6,0.298,80.752,40,-35
lute_of_ages_40,7,0.128,573.339,74,-42
lute_of_ages_40,8,0.081,655.437,76,-10
lute_of_ages_40,9,0.070,174.963,53,3
lute_of_ages_40,10,0.056,179,53,43
lute_of_ages_40,11,0.050,231.489,58,-12
lute_of_ages_41,1,1.000,86.1354,41,-23
lute_of_ages_41,2,0.788,433.369,69,-26
lute_of_ages_41,3,0.687,259.752,60,-12
lute_of_ages_41,4,0.616,172.271,53,-23
lute_of_ages_41,5,0.400,347.233,65,-10
lute_of_ages_41,6,0.269,520.85,72,-8
lute_of_ages_41,7,0.121,608.332,75,-39
lute_of_ages_41,8,0.094,94.2106,42,32
lute_of_ages_41,9,0.073,869.43,81,-21
lute_of_ages_41,10,0.069,444.136,69,16
lute_of_ages_41,11,0.064,98.2482,43,4
lute_of_ages_41,12,0.063,102.286,44,-26
lute_of_ages_41,13,0.056,423.948,68,36
lute_of_ages_41,14,0.056,148.045,50,14
lute_of_ages_41,15,0.052,448.173,69,32
lute_of_ages_42,1,1.000,91.5189,42,-18
lute_of_ages_42,2,0.907,460.286,70,-22
lute_of_ages_42,3,0.648,367.421,66,-12
lute_of_ages_42,4,0.592,275.903,61,-8
lute_of_ages_42,5,0.435,183.038,54,-18
lute_of_ages_42,6,0.120,644.67,76,-39
lute_of_ages_42,7,0.098,551.805,73,-8
lute_of_ages_42,8,0.090,829.054,80,-3
lute_of_ages_42,9,0.087,920.573,82,-22
lute_of_ages_42,10,0.085,80.752,40,-35
lute_of_ages_42,11,0.083,736.189,78,-9
lute_of_ages_42,12,0.081,100.94,44,-49
lute_of_ages_42,13,0.077,469.707,70,13
lute_of_ages_42,14,0.074,449.519,69,37
lute_of_ages_42,15,0.070,375.497,66,26
lute_of_ages_42,16,0.061,76.7144,39,-24
lute_of_ages_42,17,0.058,104.978,44,19
lute_of_ages_42,18,0.056,473.745,70,28
lute_of_ages_42,19,0.055,359.346,65,49
lute_of_ages_42,20,0.054,445.482,69,21
lute_of_ages_43,1,1.000,95.5565,43,-44
lute_of_ages_43,2,0.426,388.955,67,-13
lute_of_ages_43,3,0.381,292.053,62,-10
lute_of_ages_43,4,0.323,487.204,71,-24
lute_of_ages_43,5,0.133,193.805,55,-19
lute_of_ages_43,6,0.110,682.354,77,-40
lute_of_ages_43,7,0.078,86.1354,41,-23
lute_of_ages_43,8,0.073,584.106,74,-10
lute_of_ages_43,9,0.056,110.361,45,6
lute_of_ages_43,10,0.056,82.0978,40,-7
lute_of_ages_44,1,1.000,411.835,68,-15
lute_of_ages_44,2,0.804,308.203,63,-16
lute_of_ages_44,3,0.576,103.632,44,-3
lute_of_ages_44,4,0.382,205.918,56,-15
lute_of_ages_44,5,0.232,514.121,72,-30
lute_of_ages_44,6,0.226,720.038,78,-47
lute_of_ages_44,7,0.222,617.753,75,-13
lute_of_ages_44,8,0.092,421.256,68,25
lute_of_ages_44,9,0.089,823.67,80,-15
lute_of_ages_44,10,0.071,927.302,82,-9
lute_of_ages_44,11,0.071,401.068,67,40
lute_of_ages_44,12,0.067,425.294,68,41
lute_of_ages_44,13,0.054,429.331,69,-42
lute_of_ages_44,14,0.054,1134.57,85,40
lute_of_ages_45,1,1.000,109.015,45,-16
lute_of_ages_45,2,0.426,436.061,69,-16
lute_of_ages_45,3,0.288,327.046,64,-14
lute_of_ages_45,4,0.279,218.03,57,-16
lute_of_ages_45,5,0.088,655.437,76,-10
lute_of_ages_45,6,0.068,96.9024,43,-19
lute_of_ages_45,7,0.063,121.128,47,-33
lute_of_ages_45,8,0.055,985.174,83,-5
lute_of_ages_46,1,1.000,115.744,46,-12
lute_of_ages_46,2,0.832,462.978,70,-12
lute_of_ages_46,3,0.511,231.489,58,-12
lute_of_ages_46,4,0.411,347.233,65,-10
lute_of_ages_46,5,0.122,109.015,45,-16
lute_of_ages_46,6,0.084,125.166,47,24
lute_of_ages_46,7,0.075,810.211,80,-43
lute_of_ages_46,8,0.069,694.467,77,-10
lute_of_ages_46,9,0.068,104.978,44,19
lute_of_ages_46,10,0.061,452.211,69,47
lute_of_ages_46,11,0.059,129.203,48,-21
lute_of_ages_46,12,0.055,340.504,65,-44
lute_of_ages_46,13,0.055,927.302,82,-9
lute_of_ages_47,1,1.000,121.128,47,-33
lute_of_ages_47,2,0.644,244.948,59,-14
lute_of_ages_47,3,0.542,366.076,66,-18
lute_of_ages_47,4,0.446,488.549,71,-19
lute_of_ages_47,5,0.136,127.857,48,-40
lute_of_ages_47,6,0.134,115.744,46,-12
lute_of_ages_47,7,0.119,857.317,81,-45
lute_of_ages_47,8,0.082,131.895,48,14
lute_of_ages_47,9,0.080,111.707,45,27
lute_of_ages_47,10,0.078,372.805,66,13
lute_of_ages_47,11,0.070,1103.61,85,-8
lute_of_ages_47,12,0.069,734.843,78,-12
lute_of_ages_47,13,0.066,612.369,75,-28
lute_of_ages_47,14,0.059,107.669,45,-37
lute_of_ages_47,15,0.058,495.279,71,5
lute_of_ages_47,16,0.057,135.932,49,-34
lute_of_ages_48,1,1.000,129.203,48,-21
lute_of_ages_48,2,0.788,261.098,60,-3
lute_of_ages_48,3,0.751,391.647,67,-2
lute_of_ages_48,4,0.177,784.64,79,1
lute_of_ages_48,5,0.127,123.82,47,5
lute_of_ages_48,6,0.121,652.745,76,-17
lute_of_ages_48,7,0.120,135.932,49,-34
lute_of_ages_48,8,0.113,254.369,60,-49
lute_of_ages_48,9,0.089,384.918,67,-32
lute_of_ages_48,10,0.076,139.97,49,17
lute_of_ages_48,11,0.074,119.782,46,47
lute_of_ages_48,12,0.074,250.331,59,24
lute_of_ages_48,13,0.073,246.294,59,-5
lute_of_ages_48,14,0.069,6.72933,0,0
lute_of_ages_48,15,0.057,401.068,67,40
lute_of_ages_48,16,0.055,144.008,50,-34
lute_of_ages_48,17,0.051,115.744,46,-12
lute_of_ages_48,18,0.051,270.519,61,-42
lute_of_ages_49,1,1.000,137.278,49,-16
lute_of_ages_49,2,0.583,275.903,61,-8
lute_of_ages_49,3,0.556,414.527,68,-3
lute_of_ages_49,4,0.245,553.151,73,-4
lute_of_ages_49,5,0.127,131.895,48,14
lute_of_ages_49,6,0.096,144.008,50,-34
lute_of_ages_49,7,0.089,830.399,80,0
lute_of_ages_49,8,0.076,127.857,48,-40
lute_of_ages_49,9,0.062,1247.62,87,4
lute_of_ages_49,10,0.060,149.391,50,30
lute_of_ages_49,11,0.057,123.82,47,5
lute_of_ages_49,12,0.052,283.978,61,42
lute_of_ages_49,13,0.051,422.602,68,30
lute_of_ages_50,1,1.000,145.354,50,-18
lute_of_ages_50,2,0.578,438.752,69,-5
lute_of_ages_50,3,0.267,585.452,74,-6
lute_of_ages_50,4,0.258,292.053,62,-10
lute_of_ages_50,5,0.109,442.79,69,11
lute_of_ages_50,6,0.083,153.429,51,-24
lute_of_ages_50,7,0.079,1318.95,88,1
lute_of_ages_50,8,0.073,137.278,49,-16
lute_of_ages_50,9,0.059,10.7669,5,-23
lute_of_ages_50,10,0.058,878.851,81,-2
lute_of_ages_50,11,0.057,446.828,69,27
lute_of_ages_50,12,0.053,430.677,69,-37
lute_of_ages_50,13,0.053,133.241,48,32
lute_of_ages_50,14,0.051,157.466,51,21
lute_of_ages_51,1,1.000,154.775,51,-9
lute_of_ages_51,2,0.506,465.67,70,-2
lute_of_ages_51,3,0.368,310.895,63,-1
lute_of_ages_51,4,0.185,620.444,75,-5
lute_of_ages_51,5,0.152,776.565,79,-16
lute_of_ages_51,6,0.106,461.632,70,-17
lute_of_ages_51,7,0.088,148.045,50,14
lute_of_ages_51,8,0.081,469.707,70,13
lute_of_ages_51,9,0.073,164.196,52,-7
lute_of_ages_51,10,0.055,142.662,50,-50
lute_of_ages_51,11,0.053,168.233,52,36
lute_of_ages_52,1,1.000,162.85,52,-21
lute_of_ages_52,2,0.540,328.391,64,-7
lute_of_ages_52,3,0.269,493.933,71,0
lute_of_ages_52,4,0.194,658.129,76,-3
lute_of_ages_52,5,0.143,157.466,51,21
lute_of_ages_52,6,0.131,169.579,52,49
lute_of_ages_52,7,0.124,987.866,83,0
lute_of_ages_52,8,0.121,823.67,80,-15
lute_of_ages_52,9,0.082,153.429,51,-24
lute_of_ages_52,10,0.079,173.617,53,-10
lute_of_ages_52,11,0.074,323.008,64,-35
lute_of_ages_52,12,0.059,149.391,50,30
lute_of_ages_52,13,0.056,1153.41,86,-32
lute_of_ages_52,14,0.053,177.654,53,30
lute_of_ages_52,15,0.053,335.121,64,29
lute_of_ages_53,1,1.000,173.617,53,-10
lute_of_ages_53,2,0.541,348.579,65,-3
lute_of_ages_53,3,0.150,697.159,77,-3
lute_of_ages_53,4,0.147,179,53,43
lute_of_ages_53,5,0.125,344.542,65,-23
lute_of_ages_53,6,0.111,872.121,81,-16
lute_of_ages_53,7,0.078,523.542,72,1
lute_of_ages_53,8,0.064,1047.08,84,1
lute_of_ages_53,9,0.057,341.85,65,-37
lute_of_ages_53,10,0.056,353.963,65,23
lute_of_ages_53,11,0.050,158.812,51,36
lute_of_ages_54,1,1.000,184.384,54,-6
lute_of_ages_54,2,0.926,368.767,66,-6
lute_of_ages_54,3,0.574,554.497,73,0
lute_of_ages_54,4,0.208,740.226,78,1
lute_of_ages_54,5,0.121,375.497,66,26
lute_of_ages_54,6,0.118,363.384,66,-31
lute_of_ages_54,7,0.109,1110.34,85,3
lute_of_ages_54,8,0.081,1853.26,94,-11
lute_of_ages_54,9,0.077,100.94,44,-49
lute_of_ages_54,10,0.076,1666.18,92,5
lute_of_ages_54,11,0.072,359.346,65,49
lute_of_ages_54,12,0.070,379.534,66,44
lute_of_ages_54,13,0.063,562.572,73,25
lute_of_ages_54,14,0.059,924.61,82,-14
lute_of_ages_54,15,0.055,546.422,73,-25
lute_of_ages_54,16,0.053,1294.72,88,-32
lute_of_ages_54,17,0.052,355.309,65,30
lute_of_ages_55,1,1.000,390.301,67,-7
lute_of_ages_55,2,0.640,195.151,55,-7
lute_of_ages_55,3,0.553,780.602,79,-7
lute_of_ages_55,4,0.197,585.452,74,-6
lute_of_ages_55,5,0.142,394.339,67,10
lute_of_ages_55,6,0.093,382.226,67,-44
lute_of_ages_55,7,0.082,1172.25,86,-4
lute_of_ages_55,8,0.071,398.376,67,28
lute_of_ages_55,9,0.066,787.332,79,7
lute_of_ages_55,10,0.061,378.188,66,38
lute_of_ages_56,1,1.000,208.609,56,8
lute_of_ages_56,2,0.906,415.873,68,2
lute_of_ages_56,3,0.355,625.828,75,10
lute_of_ages_56,4,0.310,834.437,80,8
lute_of_ages_56,5,0.139,201.88,56,-49
lute_of_ages_56,6,0.137,1878.83,94,13
lute_of_ages_56,7,0.122,422.602,68,30
lute_of_ages_56,8,0.121,410.489,68,-20
lute_of_ages_56,9,0.112,1043.05,84,-6
lute_of_ages_56,10,0.093,102.286,44,-26
lute_of_ages_56,11,0.081,218.03,57,-16
lute_of_ages_56,12,0.080,197.842,55,16
lute_of_ages_56,13,0.077,6.72933,0,0
lute_of_ages_56,14,0.071,426.64,68,47
lute_of_ages_56,15,0.069,406.452,68,-37
lute_of_ages_56,16,0.062,193.805,55,-19
lute_of_ages_56,17,0.056,222.068,57,16
lute_of_ages_56,18,0.054,1464.3,90,-18
lute_of_ages_56,19,0.053,2.69173,0,0
lute_of_ages_56,20,0.052,1254.35,87,14
lute_of_ages_56,21,0.050,430.677,69,-37
lute_of_ages_57,1,1.000,441.444,69,6
lute_of_ages_57,2,0.524,219.376,57,-5
lute_of_ages_57,3,0.189,882.888,81,6
lute_of_ages_57,4,0.138,662.166,76,8
lute_of_ages_57,5,0.131,446.828,69,27
lute_of_ages_57,6,0.126,434.715,69,-21
lute_of_ages_57,7,0.110,1104.96,85,-6
lute_of_ages_57,8,0.089,1328.37,88,13
lute_of_ages_57,9,0.078,450.865,69,42
lute_of_ages_57,10,0.077,430.677,69,-37
lute_of_ages_57,11,0.055,109.015,45,-16
lute_of_ages_57,12,0.055,426.64,68,47
lute_of_ages_57,13,0.054,226.106,57,47
lute_of_ages_57,14,0.053,454.903,70,-42
lute_of_ages_57,15,0.053,9.42106,2,45
lute_of_ages_58,1,1.000,232.835,58,-2
lute_of_ages_58,2,0.700,467.016,70,3
lute_of_ages_58,3,0.201,1172.25,86,-4
lute_of_ages_58,4,0.172,701.196,77,7
lute_of_ages_58,5,0.096,936.723,82,8
lute_of_ages_58,6,0.082,473.745,70,28
lute_of_ages_58,7,0.082,219.376,57,-5
lute_of_ages_58,8,0.078,243.602,59,-24
lute_of_ages_58,9,0.057,215.339,57,-37
lute_of_ages_58,10,0.055,247.639,59,5
lute_of_ages_58,11,0.055,1644.65,92,-17
lute_of_ages_58,12,0.055,457.595,70,-32
lute_of_ages_58,13,0.051,477.783,70,43
lute_of_ages_59,1,1.000,247.639,59,5
lute_of_ages_59,2,0.278,495.279,71,5
lute_of_ages_59,3,0.180,251.677,59,33
lute_of_ages_59,4,0.158,742.918,78,7
lute_of_ages_59,5,0.115,990.558,83,5
lute_of_ages_59,6,0.114,239.564,58,47
lute_of_ages_59,7,0.091,255.715,60,-40
lute_of_ages_59,8,0.073,235.527,58,18
lute_of_ages_59,9,0.062,259.752,60,-12
lute_of_ages_59,10,0.057,438.752,69,-5
lute_of_ages_59,11,0.057,218.03,57,-16
lute_of_ages_59,12,0.051,231.489,58,-12
lute_of_ages_60,1,1.000,263.79,60,14
lute_of_ages_60,2,0.157,792.715,79,19
lute_of_ages_60,3,0.138,527.58,72,14
lute_of_ages_60,4,0.122,788.678,79,10
lute_of_ages_60,5,0.117,269.173,60,49
lute_of_ages_60,6,0.107,1057.85,84,19
lute_of_ages_60,7,0.101,253.023,59,42
lute_of_ages_60,8,0.094,1324.33,88,8
lute_of_ages_60,9,0.083,273.211,61,-25
lute_of_ages_60,10,0.070,248.985,59,14
lute_of_ages_60,11,0.069,1318.95,88,1
lute_of_ages_60,12,0.062,1053.81,84,12
lute_of_ages_60,13,0.060,109.015,45,-16
lute_of_ages_60,14,0.057,277.248,61,0
lute_of_ages_60,15,0.053,8.0752,0,0
lute_of_ages_60,16,0.052,244.948,59,-14
lute_of_ages_60,17,0.051,784.64,79,1
lute_of_ages_61,1,1.000,275.903,61,-8
lute_of_ages_61,2,0.586,1107.65,85,-2
lute_of_ages_61,3,0.461,553.151,73,-4
lute_of_ages_61,4,0.301,1664.84,92,4
lute_of_ages_61,5,0.196,557.189,73,9
lute_of_ages_61,6,0.194,1668.87,92,8
lute_of_ages_61,7,0.166,830.399,80,0
lute_of_ages_61,8,0.123,270.519,61,-42
lute_of_ages_61,9,0.078,286.67,62,-42
lute_of_ages_61,10,0.074,266.482,60,32
lute_of_ages_61,11,0.074,1386.24,89,-13
lute_of_ages_61,12,0.071,1.34587,0,0
lute_of_ages_61,13,0.068,109.015,45,-16
lute_of_ages_61,14,0.066,547.768,73,-21
lute_of_ages_61,15,0.065,2499.27,99,7
lute_of_ages_61,16,0.058,10.7669,5,-23
lute_of_ages_61,17,0.057,2508.69,99,14
lute_of_ages_61,18,0.055,290.707,62,-18
lute_of_ages_61,19,0.055,262.444,60,5
lute_of_ages_61,20,0.053,563.918,73,30
lute_of_ages_61,21,0.051,1943.43,95,-28
lute_of_ages_62,1,1.000,293.399,62,-2
lute_of_ages_62,2,0.581,1173.6,86,-2
lute_of_ages_62,3,0.481,586.798,74,-2
lute_of_ages_62,4,0.281,1764.43,93,4
lute_of_ages_62,5,0.180,880.197,81,0
lute_of_ages_62,6,0.110,286.67,62,-42
lute_of_ages_62,7,0.105,109.015,45,-16
lute_of_ages_62,8,0.084,302.82,63,-47
lute_of_ages_62,9,0.074,1.34587,0,0
lute_of_ages_62,10,0.068,282.632,61,34
lute_of_ages_62,11,0.065,1469.69,90,-12
lute_of_ages_62,12,0.065,2648.66,100,8
lute_of_ages_62,13,0.060,306.858,63,-24
lute_of_ages_62,14,0.060,2656.74,100,13
lute_of_ages_62,15,0.057,9.42106,2,45
lute_of_ages_62,16,0.055,2059.18,96,-28
lute_of_ages_62,17,0.052,578.722,74,-26
lute_of_ages_63,1,1.000,310.895,63,-1
lute_of_ages_63,2,0.340,1244.93,87,1
lute_of_ages_63,3,0.183,621.79,75,-1
lute_of_ages_63,4,0.167,1248.96,87,6
lute_of_ages_63,5,0.154,932.685,82,1
lute_of_ages_63,6,0.142,1557.17,91,-12
lute_of_ages_63,7,0.118,1870.75,94,6
lute_of_ages_63,8,0.109,1561.2,91,-7
lute_of_ages_63,9,0.095,1874.79,94,9
lute_of_ages_63,10,0.093,302.82,63,-47
lute_of_ages_63,11,0.091,1.34587,0,0
lute_of_ages_63,12,0.090,318.97,63,43
lute_of_ages_63,13,0.074,936.723,82,8
lute_of_ages_63,14,0.060,1239.54,87,-7
lute_of_ages_63,15,0.059,298.782,62,30
lute_of_ages_63,16,0.058,323.008,64,-35
lute_of_ages_64,1,1.000,329.737,64,1
lute_of_ages_64,2,0.366,1318.95,88,1
lute_of_ages_64,3,0.201,659.474,76,1
lute_of_ages_64,4,0.172,1322.99,88,6
lute_of_ages_64,5,0.170,987.866,83,0
lute_of_ages_64,6,0.163,1650.03,92,-12
lute_of_ages_64,7,0.141,1981.12,95,5
lute_of_ages_64,8,0.117,1654.07,92,-7
lute_of_ages_64,9,0.115,323.008,64,-35
lute_of_ages_64,10,0.106,109.015,45,-16
lute_of_ages_64,11,0.101,1.34587,0,0
lute_of_ages_64,12,0.099,1985.15,95,8
lute_of_ages_64,13,0.093,339.158,64,49
lute_of_ages_64,14,0.079,991.903,83,7
lute_of_ages_64,15,0.074,318.97,63,43
lute_of_ages_64,16,0.063,343.196,65,-30
lute_of_ages_64,17,0.054,1312.22,88,-8
lute_of_ages_64,18,0.052,82.0978,40,-7
lute_of_ages_64,19,0.052,314.933,63,21
lute_of_ages_65,1,1.000,348.579,65,-3
lute_of_ages_65,2,0.404,698.505,77,0
lute_of_ages_65,3,0.299,352.617,65,17
lute_of_ages_65,4,0.256,1048.43,84,3
lute_of_ages_65,5,0.197,1051.12,84,8
lute_of_ages_65,6,0.194,1398.36,89,2
lute_of_ages_65,7,0.177,702.542,77,10
lute_of_ages_65,8,0.169,1402.39,89,7
lute_of_ages_65,9,0.168,1753.66,93,-6
lute_of_ages_65,10,0.159,1756.36,93,-4
lute_of_ages_65,11,0.136,1748.28,93,-12
lute_of_ages_65,12,0.128,109.015,45,-16
lute_of_ages_65,13,0.110,344.542,65,-23
lute_of_ages_65,14,0.074,359.346,65,49
lute_of_ages_65,15,0.069,80.752,40,-35
lute_of_ages_65,16,0.065,339.158,64,49
lute_of_ages_65,17,0.051,335.121,64,29
lute_of_ages_66,1,1.000,370.113,66,1
lute_of_ages_66,2,0.471,740.226,78,1
lute_of_ages_66,3,0.361,1110.34,85,3
lute_of_ages_66,4,0.360,1114.38,85,9
lute_of_ages_66,5,0.282,744.264,78,10
lute_of_ages_66,6,0.132,736.189,78,-9
lute_of_ages_66,7,0.077,1487.18,90,8
lute_of_ages_66,8,0.075,1481.8,90,2
lute_of_ages_66,9,0.074,1489.87,90,12
lute_of_ages_66,10,0.061,358,65,43
lute_of_ages_66,11,0.056,13.4587,9,-37
lute_of_ages_67,1,1.000,391.647,67,-2
lute_of_ages_67,2,0.422,784.64,79,1
lute_of_ages_67,3,0.372,395.685,67,16
lute_of_ages_67,4,0.332,1180.32,86,8
lute_of_ages_67,5,0.314,1176.29,86,2
lute_of_ages_67,6,0.263,788.678,79,10
lute_of_ages_67,7,0.145,387.609,67,-19
lute_of_ages_67,8,0.129,780.602,79,-7
lute_of_ages_67,9,0.076,1578.7,91,12
lute_of_ages_67,10,0.072,1574.66,91,7
lute_of_ages_67,11,0.069,382.226,67,-44
lute_of_ages_67,12,0.065,1569.28,91,1
lute_of_ages_67,13,0.056,109.015,45,-16
lute_of_ages_67,14,0.052,407.797,68,-32
lute_of_ages_67,15,0.051,12.1128,7,-19
lute_of_ages_67,16,0.051,378.188,66,38
lute_of_ages_68,1,1.000,415.873,68,2
lute_of_ages_68,2,0.175,410.489,68,-20
lute_of_ages_68,3,0.128,830.399,80,0
lute_of_ages_68,4,0.124,1675.6,92,15
lute_of_ages_68,5,0.107,835.783,80,11
lute_of_ages_68,6,0.101,1664.84,92,4
lute_of_ages_68,7,0.092,1254.35,87,14
lute_of_ages_68,8,0.086,1247.62,87,4
lute_of_ages_68,9,0.068,1660.8,92,0
lute_of_ages_68,10,0.066,403.76,68,-49
lute_of_ages_68,11,0.065,427.985,69,-48
lute_of_ages_68,12,0.055,109.015,45,-16
lute_of_ages_69,1,1.000,440.098,69,0
lute_of_ages_69,2,0.163,436.061,69,-16
lute_of_ages_69,3,0.134,880.197,81,0
lute_of_ages_69,4,0.123,1776.54,93,16
lute_of_ages_69,5,0.107,885.58,81,11
lute_of_ages_69,6,0.100,1764.43,93,4
lute_of_ages_69,7,0.096,1321.64,88,4
lute_of_ages_69,8,0.087,1329.72,88,15
lute_of_ages_69,9,0.078,430.677,69,-37
lute_of_ages_69,10,0.075,1760.39,93,0
lute_of_ages_69,11,0.062,109.015,45,-16
lute_of_ages_69,12,0.058,456.249,70,-37
lute_of_ages_69,13,0.056,426.64,68,47
lute_of_ages_70,1,1.000,467.016,70,3
lute_of_ages_70,2,0.464,934.031,82,3
lute_of_ages_70,3,0.432,936.723,82,8
lute_of_ages_70,4,0.154,1401.05,89,5
lute_of_ages_70,5,0.147,410.489,68,-20
lute_of_ages_70,6,0.143,109.015,45,-16
lute_of_ages_70,7,0.140,1869.41,94,4
lute_of_ages_70,8,0.140,1880.18,94,14
lute_of_ages_70,9,0.138,461.632,70,-17
lute_of_ages_70,10,0.134,1406.43,89,12
lute_of_ages_70,11,0.093,76.7144,39,-24
lute_of_ages_70,12,0.073,6.72933,0,0
lute_of_ages_70,13,0.063,484.512,71,-33
lute_of_ages_70,14,0.062,14.8045,10,28
lute_of_ages_70,15,0.061,12.1128,7,-19
lute_of_ages_70,16,0.057,452.211,69,47
lute_of_ages_70,17,0.052,2355.27,98,4
lute_of_ages_70,18,0.052,18.8421,14,45
lute_of_ages_70,19,0.051,24.2256,19,-19
lute_of_ages_70,20,0.050,488.549,71,-19
lute_of_ages_70,21,0.050,2340.46,98,-7
lute_of_ages_71,1,1.000,493.933,71,0
lute_of_ages_71,2,0.440,989.212,83,3
lute_of_ages_71,3,0.398,993.249,83,10
lute_of_ages_71,4,0.171,438.752,69,-5
lute_of_ages_71,5,0.158,109.015,45,-16
lute_of_ages_71,6,0.146,1484.49,90,5
lute_of_ages_71,7,0.139,1981.12,95,5
lute_of_ages_71,8,0.134,488.549,71,-19
lute_of_ages_71,9,0.122,1991.88,95,14
lute_of_ages_71,10,0.118,1492.57,90,15
lute_of_ages_71,11,0.118,1489.87,90,12
lute_of_ages_71,12,0.099,75.3685,38,45
lute_of_ages_71,13,0.081,484.512,71,-33
lute_of_ages_71,14,0.064,6.72933,0,0
lute_of_ages_71,15,0.061,1.34587,0,0
lute_of_ages_71,16,0.061,12.1128,7,-19
lute_of_ages_71,17,0.059,480.474,71,-48
lute_of_ages_71,18,0.058,14.8045,10,28
lute_of_ages_71,19,0.053,145.354,50,-18
lute_of_ages_71,20,0.051,981.137,83,-12
lute_of_ages_71,21,0.051,18.8421,14,45
lute_of_ages_71,22,0.050,24.2256,19,-19
lute_of_ages_72,1,1.000,1049.78,84,5
lute_of_ages_72,2,0.950,1045.74,84,-1
lute_of_ages_72,3,0.703,522.196,72,-3
lute_of_ages_72,4,0.643,1041.7,84,-8
lute_of_ages_72,5,0.469,80.752,40,-35
lute_of_ages_72,6,0.414,526.234,72,10
lute_of_ages_72,7,0.381,1574.66,91,7
lute_of_ages_72,8,0.349,1566.59,91,-2
lute_of_ages_72,9,0.342,1578.7,91,12
lute_of_ages_72,10,0.284,109.015,45,-16
lute_of_ages_72,11,0.259,25.5715,20,-26
lute_of_ages_72,12,0.166,518.159,72,-17
lute_of_ages_72,13,0.162,10.7669,5,-23
lute_of_ages_72,14,0.139,5.38347,0,0
lute_of_ages_72,15,0.121,16.1504,12,-21
lute_of_ages_72,16,0.117,1034.97,84,-19
lute_of_ages_72,17,0.105,2092.82,96,0
lute_of_ages_72,18,0.101,1.34587,0,0
lute_of_ages_72,19,0.090,21.5339,17,-23
lute_of_ages_72,20,0.087,2104.93,96,10
lute_of_ages_72,21,0.085,2636.55,100,0
lute_of_ages_72,22,0.085,145.354,50,-18
lute_of_ages_72,23,0.078,195.151,55,-7
lute_of_ages_72,24,0.077,1029.59,84,-28
lute_of_ages_72,25,0.076,2100.9,96,7
lute_of_ages_72,26,0.071,512.775,72,-35
lute_of_ages_72,27,0.071,1065.93,84,32
lute_of_ages_72,28,0.066,1069.96,84,38
lute_of_ages_72,29,0.063,438.752,69,-5
lute_of_ages_72,30,0.061,2624.44,100,-8
lute_of_ages_72,31,0.061,113.053,45,47
lute_of_ages_72,32,0.060,164.196,52,-7
lute_of_ages_72,33,0.059,1025.55,84,-35
lute_of_ages_72,34,0.057,1074,84,45
lute_of_ages_72,35,0.053,72.6768,38,-18
lute_of_ages_72,36,0.053,219.376,57,-5
lute_of_ages_72,37,0.053,30.9549,23,5
lute_of_ages_72,38,0.051,508.737,72,-49
misty_harp_36,1,1.000,129.203,48,-21
misty_harp_36,2,0.607,259.752,60,-12
misty_harp_36,3,0.506,193.805,55,-19
misty_harp_36,4,0.434,588.144,74,2
misty_harp_36,5,0.304,522.196,72,-3
misty_harp_36,6,0.198,324.354,64,-28
misty_harp_36,7,0.192,133.241,48,32
misty_harp_36,8,0.189,454.903,70,-42
misty_harp_36,9,0.147,390.301,67,-7
misty_harp_36,10,0.141,263.79,60,14
misty_harp_36,11,0.078,121.128,47,-33
misty_harp_36,12,0.054,117.09,46,8
misty_harp_37,1,1.000,137.278,49,-16
misty_harp_37,2,0.590,274.557,61,-16
misty_harp_37,3,0.455,204.572,56,-26
misty_harp_37,4,0.411,623.136,75,2
misty_harp_37,5,0.263,553.151,73,-4
misty_harp_37,6,0.226,344.542,65,-23
misty_harp_37,7,0.198,483.166,71,-38
misty_harp_37,8,0.154,413.181,68,-9
misty_harp_37,9,0.092,129.203,48,-21
misty_harp_37,10,0.081,211.301,56,30
misty_harp_37,11,0.077,145.354,50,-18
misty_harp_37,12,0.061,125.166,47,24
misty_harp_37,13,0.058,417.219,68,8
misty_harp_37,14,0.053,149.391,50,30
misty_harp_37,15,0.052,68.6392,37,-16
misty_harp_37,16,0.051,199.188,55,28
misty_harp_38,1,1.000,292.053,62,-10
misty_harp_38,2,0.804,366.076,66,-18
misty_harp_38,3,0.453,588.144,74,2
misty_harp_38,4,0.299,216.684,57,-26
misty_harp_38,5,0.211,514.121,72,-30
misty_harp_38,6,0.164,144.008,50,-34
misty_harp_38,7,0.164,146.699,50,-2
misty_harp_38,8,0.106,72.6768,38,-18
misty_harp_38,9,0.088,438.752,69,-5
misty_harp_38,10,0.084,283.978,61,42
misty_harp_38,11,0.080,358,65,43
misty_harp_38,12,0.067,209.955,56,19
misty_harp_38,13,0.064,300.128,62,38
misty_harp_38,14,0.059,596.219,74,26
misty_harp_38,15,0.054,580.068,74,-22
misty_harp_38,16,0.054,374.151,66,19
misty_harp_38,17,0.054,279.94,61,17
misty_harp_38,18,0.050,353.963,65,23
misty_harp_39,1,1.000,154.775,51,-9
misty_harp_39,2,0.328,624.482,75,6
misty_harp_39,3,0.210,231.489,58,-12
misty_harp_39,4,0.153,308.203,63,-16
misty_harp_39,5,0.137,388.955,67,-13
misty_harp_39,6,0.096,312.241,63,6
misty_harp_39,7,0.090,545.076,73,-29
misty_harp_39,8,0.077,465.67,70,-2
misty_harp_39,9,0.060,146.699,50,-2
misty_harp_39,10,0.050,76.7144,39,-24
misty_harp_40,1,1.000,328.391,64,-7
misty_harp_40,2,0.704,164.196,52,-7
misty_harp_40,3,0.537,246.294,59,-5
misty_harp_40,4,0.470,332.429,64,15
misty_harp_40,5,0.367,493.933,71,0
misty_harp_40,6,0.224,242.256,59,-33
misty_harp_40,7,0.208,410.489,68,-20
misty_harp_40,8,0.198,577.377,74,-30
misty_harp_40,9,0.169,168.233,52,36
misty_harp_40,10,0.090,320.316,64,-50
misty_harp_40,11,0.085,255.715,60,-40
misty_harp_40,12,0.082,172.271,53,-23
misty_harp_40,13,0.080,258.406,60,-21
misty_harp_40,14,0.077,156.12,51,6
misty_harp_40,15,0.058,176.308,53,17
misty_harp_40,16,0.055,343.196,65,-30
misty_harp_41,1,1.000,173.617,53,-10
misty_harp_41,2,0.547,261.098,60,-3
misty_harp_41,3,0.300,612.369,75,-28
misty_harp_41,4,0.290,349.925,65,3
misty_harp_41,5,0.179,177.654,53,30
misty_harp_41,6,0.085,181.692,54,-31
misty_harp_41,7,0.082,86.1354,41,-23
misty_harp_41,8,0.067,165.542,52,8
misty_harp_41,9,0.060,254.369,60,-49
misty_harp_41,10,0.056,185.73,54,7
misty_harp_41,11,0.056,269.173,60,49
misty_harp_42,1,1.000,370.113,66,1
misty_harp_42,2,0.821,184.384,54,-6
misty_harp_42,3,0.801,275.903,61,-8
misty_harp_42,4,0.152,91.5189,42,-18
misty_harp_42,5,0.134,555.843,73,5
misty_harp_42,6,0.115,267.827,60,41
misty_harp_42,7,0.081,461.632,70,-17
misty_harp_42,8,0.072,843.858,80,27
misty_harp_42,9,0.065,177.654,53,30
misty_harp_42,10,0.053,382.226,67,-44
misty_harp_43,1,1.000,293.399,62,-2
misty_harp_43,2,0.541,195.151,55,-7
misty_harp_43,3,0.186,98.2482,43,4
misty_harp_43,4,0.178,391.647,67,-2
misty_harp_43,5,0.089,592.181,74,14
misty_harp_43,6,0.080,489.895,71,-14
misty_harp_43,7,0.074,589.489,74,6
misty_harp_44,1,1.000,205.918,56,-15
misty_harp_44,2,0.618,310.895,63,-1
misty_harp_44,3,0.279,414.527,68,-3
misty_harp_44,4,0.228,103.632,44,-3
misty_harp_44,5,0.104,520.85,72,-8
misty_harp_44,6,0.102,625.828,75,10
misty_harp_44,7,0.070,216.684,57,-26
misty_harp_45,1,1.000,329.737,64,1
misty_harp_45,2,0.703,218.03,57,-16
misty_harp_45,3,0.625,109.015,45,-16
misty_harp_45,4,0.467,550.459,73,-12
misty_harp_45,5,0.201,438.752,69,-5
misty_harp_45,6,0.156,892.309,81,24
misty_harp_45,7,0.113,546.422,73,-25
misty_harp_45,8,0.073,226.106,57,47
misty_harp_45,9,0.055,323.008,64,-35
misty_harp_46,1,1.000,232.835,58,-2
misty_harp_46,2,0.937,349.925,65,3
misty_harp_46,3,0.598,115.744,46,-12
misty_harp_46,4,0.400,465.67,70,-2
misty_harp_46,5,0.193,584.106,74,-10
misty_harp_46,6,0.080,224.76,57,37
misty_harp_46,7,0.070,328.391,64,-7
misty_harp_46,8,0.067,240.91,59,-43
misty_harp_46,9,0.066,355.309,65,30
misty_harp_46,10,0.058,359.346,65,49
misty_harp_46,11,0.057,335.121,64,29
misty_harp_46,12,0.055,339.158,64,49
misty_harp_47,1,1.000,246.294,59,-5
misty_harp_47,2,0.258,493.933,71,0
misty_harp_47,3,0.235,122.474,47,-14
misty_harp_47,4,0.222,620.444,75,-5
misty_harp_47,5,0.164,371.459,66,7
misty_harp_47,6,0.075,625.828,75,10
misty_harp_47,7,0.050,234.181,58,8
misty_harp_48,1,1.000,261.098,60,-3
misty_harp_48,2,0.662,392.993,67,4
misty_harp_48,3,0.398,655.437,76,-10
misty_harp_48,4,0.272,265.136,60,23
misty_harp_48,5,0.220,130.549,48,-3
misty_harp_48,6,0.138,1722.71,93,-37
misty_harp_48,7,0.102,251.677,59,33
misty_harp_48,8,0.095,1185.71,86,16
misty_harp_48,9,0.092,787.332,79,7
misty_harp_48,10,0.089,246.294,59,-5
misty_harp_48,11,0.078,1452.19,90,-33
misty_harp_48,12,0.073,1052.47,84,10
misty_harp_48,13,0.070,1318.95,88,1
misty_harp_48,14,0.069,277.248,61,0
misty_harp_48,15,0.065,523.542,72,1
misty_harp_48,16,0.063,242.256,59,-33
misty_harp_48,17,0.051,236.872,58,28
misty_harp_48,18,0.050,919.227,82,-24
misty_harp_49,1,1.000,275.903,61,-8
misty_harp_49,2,0.532,137.278,49,-16
misty_harp_49,3,0.203,415.873,68,2
misty_harp_49,4,0.201,554.497,73,0
misty_harp_49,5,0.148,271.865,61,-34
misty_harp_49,6,0.086,694.467,77,-10
misty_harp_49,7,0.069,283.978,61,42
misty_harp_49,8,0.062,267.827,60,41
misty_harp_50,1,1.000,293.399,62,-2
misty_harp_50,2,0.536,585.452,74,-6
misty_harp_50,3,0.446,733.497,78,-15
misty_harp_50,4,0.229,1177.63,86,4
misty_harp_50,5,0.187,286.67,62,-42
misty_harp_50,6,0.129,433.369,69,-26
misty_harp_50,7,0.115,145.354,50,-18
misty_harp_50,8,0.103,1181.67,86,10
misty_harp_50,9,0.094,302.82,63,-47
misty_harp_50,10,0.091,1029.59,84,-28
misty_harp_50,11,0.091,440.098,69,0
misty_harp_50,12,0.080,282.632,61,34
misty_harp_50,13,0.072,581.414,74,-18
misty_harp_50,14,0.071,306.858,63,-24
misty_harp_50,15,0.061,278.594,61,9
misty_harp_50,16,0.054,726.768,78,-31
misty_harp_50,17,0.054,880.197,81,0
misty_harp_50,18,0.053,310.895,63,-1
misty_harp_50,19,0.052,425.294,68,41
misty_harp_51,1,1.000,310.895,63,-1
misty_harp_51,2,0.890,154.775,51,-9
misty_harp_51,3,0.786,620.444,75,-5
misty_harp_51,4,0.411,465.67,70,-2
misty_harp_51,5,0.168,776.565,79,-16
misty_harp_51,6,0.155,158.812,51,36
misty_harp_51,7,0.140,150.737,50,45
misty_harp_51,8,0.126,306.858,63,-24
misty_harp_51,9,0.101,627.174,75,14
misty_harp_51,10,0.090,318.97,63,43
misty_harp_51,11,0.078,162.85,52,-21
misty_harp_51,12,0.074,302.82,63,-47
misty_harp_51,13,0.064,146.699,50,-2
misty_harp_51,14,0.062,631.211,75,25
misty_harp_51,15,0.054,298.782,62,30
misty_harp_51,16,0.053,611.023,75,-32
misty_harp_51,17,0.050,166.887,52,22
misty_harp_52,1,1.000,164.196,52,-7
misty_harp_52,2,0.745,329.737,64,1
misty_harp_52,3,0.502,493.933,71,0
misty_harp_52,4,0.216,656.783,76,-7
misty_harp_52,5,0.073,822.324,80,-17
misty_harp_52,6,0.053,174.963,53,3
misty_harp_53,1,1.000,173.617,53,-10
misty_harp_53,2,0.887,348.579,65,-3
misty_harp_53,3,0.270,522.196,72,-3
misty_harp_53,4,0.113,168.233,52,36
misty_harp_53,5,0.081,695.813,77,-7
misty_harp_53,6,0.069,869.43,81,-21
misty_harp_53,7,0.054,340.504,65,-44
misty_harp_54,1,1.000,184.384,54,-6
misty_harp_54,2,0.707,370.113,66,1
misty_harp_54,3,0.255,553.151,73,-4
misty_harp_54,4,0.105,737.535,78,-6
misty_harp_54,5,0.061,921.918,82,-19
misty_harp_55,1,1.000,588.144,74,2
misty_harp_55,2,0.968,390.301,67,-7
misty_harp_55,3,0.688,196.496,55,4
misty_harp_55,4,0.179,783.294,79,-2
misty_harp_55,5,0.091,200.534,55,40
misty_harp_55,6,0.076,594.873,74,22
misty_harp_55,7,0.064,189.767,54,44
misty_harp_55,8,0.063,397.031,67,22
misty_harp_55,9,0.062,981.137,83,-12
misty_harp_56,1,1.000,414.527,68,-3
misty_harp_56,2,0.652,205.918,56,-15
misty_harp_56,3,0.167,620.444,75,-5
misty_harp_56,4,0.091,403.76,68,-49
misty_harp_56,5,0.082,1037.66,84,-15
misty_harp_56,6,0.068,830.399,80,0
misty_harp_56,7,0.052,429.331,69,-42
misty_harp_56,8,0.050,398.376,67,28
misty_harp_57,1,1.000,440.098,69,0
misty_harp_57,2,0.543,218.03,57,-16
misty_harp_57,3,0.477,659.474,76,1
misty_harp_57,4,0.162,880.197,81,0
misty_harp_57,5,0.105,226.106,57,47
misty_harp_57,6,0.087,429.331,69,-42
misty_harp_57,7,0.083,193.805,55,-19
misty_harp_57,8,0.065,1100.92,85,-12
misty_harp_57,9,0.060,234.181,58,8
misty_harp_57,10,0.054,457.595,70,-32
misty_harp_58,1,1.000,465.67,70,-2
misty_harp_58,2,0.377,232.835,58,-2
misty_harp_58,3,0.153,697.159,77,-3
misty_harp_58,4,0.135,469.707,70,13
misty_harp_58,5,0.111,931.339,82,-2
misty_harp_58,6,0.064,1164.17,86,-16
misty_harp_58,7,0.061,454.903,70,-42
misty_harp_59,1,1.000,492.587,71,-5
misty_harp_59,2,0.476,246.294,59,-5
misty_harp_59,3,0.226,250.331,59,24
misty_harp_59,4,0.165,487.204,71,-24
misty_harp_59,5,0.161,738.881,78,-3
misty_harp_59,6,0.098,483.166,71,-38
misty_harp_59,7,0.071,479.128,70,47
misty_harp_59,8,0.066,235.527,58,18
misty_harp_59,9,0.066,257.06,60,-30
misty_harp_59,10,0.052,261.098,60,-3
misty_harp_59,11,0.051,475.091,70,33
misty_harp_60,1,1.000,261.098,60,-3
misty_harp_60,2,0.265,523.542,72,1
misty_harp_60,3,0.232,784.64,79,1
misty_harp_60,4,0.220,257.06,60,-30
misty_harp_60,5,0.080,248.985,59,14
misty_harp_60,6,0.075,1048.43,84,3
misty_harp_60,7,0.057,270.519,61,-42
misty_harp_61,1,1.000,275.903,61,-8
misty_harp_61,2,0.528,553.151,73,-4
misty_harp_61,3,0.263,833.091,80,5
misty_harp_61,4,0.222,1110.34,85,3
misty_harp_61,5,0.087,1390.28,89,-8
misty_harp_61,6,0.078,549.113,73,-16
misty_harp_61,7,0.068,267.827,60,41
misty_harp_61,8,0.063,283.978,61,42
misty_harp_62,1,1.000,586.798,74,-2
misty_harp_62,2,0.632,290.707,62,-18
misty_harp_62,3,0.396,294.745,62,6
misty_harp_62,4,0.236,882.888,81,6
misty_harp_62,5,0.120,283.978,61,42
misty_harp_62,6,0.103,590.835,74,10
misty_harp_62,7,0.095,305.512,63,-32
misty_harp_62,8,0.089,279.94,61,17
misty_harp_62,9,0.056,594.873,74,22
misty_harp_62,10,0.056,1472.38,90,-9
misty_harp_62,11,0.056,313.587,63,14
misty_harp_62,12,0.055,271.865,61,-34
misty_harp_63,1,1.000,621.79,75,-1
misty_harp_63,2,0.544,310.895,63,-1
misty_harp_63,3,0.288,1242.23,87,-3
misty_harp_63,4,0.193,931.339,82,-2
misty_harp_63,5,0.112,1553.13,91,-16
misty_harp_63,6,0.087,628.52,75,17
misty_harp_63,7,0.056,632.557,75,28
misty_harp_64,1,1.000,328.391,64,-7
misty_harp_64,2,0.435,659.474,76,1
misty_harp_64,3,0.188,333.775,64,22
misty_harp_64,4,0.179,987.866,83,0
misty_harp_64,5,0.117,321.662,64,-42
misty_harp_64,6,0.051,309.549,63,-9
misty_harp_65,1,1.000,348.579,65,-3
misty_harp_65,2,0.472,698.505,77,0
misty_harp_65,3,0.062,1044.39,84,-3
misty_harp_66,1,1.000,368.767,66,-6
misty_harp_66,2,0.445,740.226,78,1
misty_harp_66,3,0.083,1107.65,85,-2
misty_harp_67,1,1.000,392.993,67,4
misty_harp_67,2,0.730,781.948,79,-5
misty_harp_67,3,0.214,1176.29,86,2
misty_harp_67,4,0.180,388.955,67,-13
misty_harp_67,5,0.098,1569.28,91,1
misty_harp_67,6,0.082,384.918,67,-32
misty_harp_67,7,0.064,401.068,67,40
misty_harp_67,8,0.050,1172.25,86,-4
misty_harp_68,1,1.000,830.399,80,0
misty_harp_68,2,0.996,413.181,68,-9
misty_harp_68,3,0.252,826.362,80,-9
misty_harp_68,4,0.111,838.475,80,16
misty_harp_68,5,0.110,841.166,80,22
misty_harp_68,6,0.100,818.287,80,-26
misty_harp_68,7,0.098,1243.58,87,-1
misty_harp_68,8,0.088,1238.2,87,-9
misty_harp_68,9,0.068,402.414,67,45
misty_harp_68,10,0.065,2076.67,96,-14
misty_harp_68,11,0.061,1662.14,92,1
misty_harp_69,1,1.000,880.197,81,0
misty_harp_69,2,0.790,440.098,69,0
misty_harp_69,3,0.672,436.061,69,-16
misty_harp_69,4,0.243,1320.29,88,2
misty_harp_69,5,0.192,446.828,69,27
misty_harp_69,6,0.172,873.467,81,-13
misty_harp_69,7,0.155,1760.39,93,0
misty_harp_69,8,0.128,426.64,68,47
misty_harp_69,9,0.097,422.602,68,30
misty_harp_69,10,0.096,454.903,70,-42
misty_harp_69,11,0.083,417.219,68,8
misty_harp_69,12,0.080,413.181,68,-9
misty_harp_69,13,0.073,893.655,81,27
misty_harp_69,14,0.066,458.94,70,-27
misty_harp_69,15,0.064,471.053,70,18
misty_harp_69,16,0.062,462.978,70,-12
misty_harp_69,17,0.052,410.489,68,-20
misty_harp_70,1,1.000,465.67,70,-2
misty_harp_70,2,0.376,931.339,82,-2
misty_harp_70,3,0.088,454.903,70,-42
misty_harp_70,4,0.054,485.858,71,-28
misty_harp_70,5,0.051,1397.01,89,0
misty_harp_71,1,1.000,493.933,71,0
misty_harp_71,2,0.304,986.52,83,-2
misty_harp_71,3,0.118,487.204,71,-24
misty_harp_71,4,0.087,990.558,83,5
misty_harp_71,5,0.053,1480.45,90,1
misty_harp_72,1,1.000,522.196,72,-3
misty_harp_72,2,0.135,516.813,72,-21
misty_harp_72,3,0.071,512.775,72,-35
misty_harp_72,4,0.066,1045.74,84,-1
misty_harp_72,5,0.060,532.963,72,32
moor_cowbell,1,1.000,1048.43,84,3
moor_cowbell,2,0.884,2302.78,98,-35
moor_cowbell,3,0.836,1051.12,84,8
moor_cowbell,4,0.815,2298.74,98,-38
moor_cowbell,5,0.789,500.662,71,24
moor_cowbell,6,0.730,1752.32,93,-8
moor_cowbell,7,0.607,2909.76,102,-30
moor_cowbell,8,0.589,2913.8,102,-27
moor_cowbell,9,0.588,1756.36,93,-4
moor_cowbell,10,0.557,1748.28,93,-12
moor_cowbell,11,0.538,2306.81,98,-32
moor_cowbell,12,0.507,2905.73,102,-32
moor_cowbell,13,0.461,2294.7,98,-41
moor_cowbell,14,0.454,497.971,71,14
moor_cowbell,15,0.425,2901.69,102,-34
moor_cowbell,16,0.418,1760.39,93,0
moor_cowbell,17,0.381,2917.84,102,-25
moor_cowbell,18,0.377,1728.09,93,-32
moor_cowbell,19,0.376,2310.85,98,-29
moor_cowbell,20,0.373,1724.05,93,-36
moor_cowbell,21,0.360,1732.13,93,-28
moor_cowbell,22,0.360,2897.65,102,-37
moor_cowbell,23,0.360,776.565,79,-16
moor_cowbell,24,0.355,1720.02,93,-40
moor_cowbell,25,0.343,780.602,79,-7
moor_cowbell,26,0.340,1744.24,93,-16
moor_cowbell,27,0.338,772.527,79,-25
moor_cowbell,28,0.337,10464.1,124,-14
moor_cowbell,29,0.337,10468.1,124,-13
moor_cowbell,30,0.335,752.339,78,29
moor_cowbell,31,0.326,8431.85,120,12
moor_cowbell,32,0.325,1764.43,93,4
moor_cowbell,33,0.324,8427.81,120,12
moor_cowbell,34,0.323,10472.2,124,-13
moor_cowbell,35,0.318,1044.39,84,-3
moor_cowbell,36,0.318,8435.89,120,13
moor_cowbell,37,0.318,1055.16,84,14
moor_cowbell,38,0.317,1715.98,93,-44
moor_cowbell,39,0.316,756.377,78,38
moor_cowbell,40,0.316,10460.1,124,-15
moor_cowbell,41,0.315,1736.17,93,-24
moor_cowbell,42,0.315,748.302,78,19
moor_cowbell,43,0.314,8423.78,120,11
moor_cowbell,44,0.313,2893.61,102,-39
moor_cowbell,45,0.309,784.64,79,1
moor_cowbell,46,0.307,10476.2,124,-12
moor_cowbell,47,0.301,728.114,78,-28
moor_cowbell,48,0.300,7018.69,117,-5
moor_cowbell,49,0.297,7014.65,117,-6
moor_cowbell,50,0.295,10500.4,124,-8
pibgorn_36,1,1.000,259.752,60,-12
pibgorn_36,2,0.271,3405.04,104,43
pibgorn_36,3,0.269,2866.7,101,45
pibgorn_36,4,0.232,3666.14,106,-30
pibgorn_36,5,0.220,1302.8,88,-21
pibgorn_36,6,0.180,781.948,79,-5
pibgorn_36,7,0.179,3142.6,103,4
pibgorn_36,8,0.172,1824.99,94,-37
pibgorn_36,9,0.162,1047.08,84,1
pibgorn_36,10,0.160,3388.89,104,34
pibgorn_36,11,0.155,776.565,79,-16
pibgorn_36,12,0.148,2345.84,98,-3
pibgorn_36,13,0.144,3911.09,107,-18
pibgorn_36,14,0.139,2619.06,100,-12
pibgorn_36,15,0.129,3928.58,107,-10
pibgorn_36,16,0.121,1833.07,94,-30
pibgorn_36,17,0.092,1037.66,84,-15
pibgorn_36,18,0.089,2094.17,96,1
pibgorn_36,19,0.085,2357.96,98,6
pibgorn_36,20,0.081,523.542,72,1
pibgorn_36,21,0.080,4431.94,109,-1
pibgorn_36,22,0.080,787.332,79,7
pibgorn_36,23,0.079,1033.63,84,-21
pibgorn_36,24,0.073,519.504,72,-12
pibgorn_36,25,0.073,1298.76,88,-26
pibgorn_36,26,0.063,1308.18,88,-14
pibgorn_36,27,0.055,1829.03,94,-33
pibgorn_36,28,0.051,251.677,59,33
pibgorn_36,29,0.051,1310.87,88,-10
pibgorn_37,1,1.000,275.903,61,-8
pibgorn_37,2,0.354,3609.61,105,44
pibgorn_37,3,0.315,3886.86,107,-28
pibgorn_37,4,0.304,831.745,80,2
pibgorn_37,5,0.282,4164.11,108,-9
pibgorn_37,6,0.276,3592.12,105,35
pibgorn_37,7,0.274,1380.86,89,-20
pibgorn_37,8,0.238,2497.93,99,6
pibgorn_37,9,0.223,3040.31,102,46
pibgorn_37,10,0.213,2220.68,97,3
pibgorn_37,11,0.195,1934.01,95,-37
pibgorn_37,12,0.190,3331.02,104,4
pibgorn_37,13,0.175,4145.27,108,-17
pibgorn_37,14,0.170,823.67,80,-15
pibgorn_37,15,0.163,2487.16,99,-1
pibgorn_37,16,0.121,547.768,73,-21
pibgorn_37,17,0.115,2776.52,101,-11
pibgorn_37,18,0.113,554.497,73,0
pibgorn_37,19,0.111,285.324,62,-50
pibgorn_37,20,0.111,1943.43,95,-28
pibgorn_37,21,0.110,1099.57,85,-14
pibgorn_37,22,0.108,1095.54,85,-21
pibgorn_37,23,0.108,1110.34,85,3
pibgorn_37,24,0.105,550.459,73,-12
pibgorn_37,25,0.090,1371.44,89,-32
pibgorn_37,26,0.086,4698.42,110,0
pibgorn_37,27,0.082,819.633,80,-23
pibgorn_37,28,0.078,1375.48,89,-27
pibgorn_37,29,0.076,289.361,62,-26
pibgorn_37,30,0.075,1106.3,85,-4
pibgorn_37,31,0.074,265.136,60,23
pibgorn_37,32,0.073,1384.9,89,-15
pibgorn_37,33,0.070,1919.21,94,50
pibgorn_37,34,0.069,1929.97,95,-40
pibgorn_37,35,0.065,1923.24,95,-46
pibgorn_37,36,0.063,1662.14,92,1
pibgorn_37,37,0.061,293.399,62,-2
pibgorn_37,38,0.059,1647.34,92,-15
pibgorn_37,39,0.058,3882.82,107,-30
pibgorn_37,40,0.057,261.098,60,-3
pibgorn_37,41,0.055,3890.9,107,-27
pibgorn_37,42,0.051,1655.42,92,-6
pibgorn_37,43,0.051,2492.54,99,2
pibgorn_38,1,1.000,4414.44,109,-8
pibgorn_38,2,0.795,1464.3,90,-18
pibgorn_38,3,0.771,3826.3,106,44
pibgorn_38,4,0.532,3807.46,106,36
pibgorn_38,5,0.500,292.053,62,-10
pibgorn_38,6,0.446,4119.7,108,-28
pibgorn_38,7,0.424,3223.35,103,48
pibgorn_38,8,0.423,2636.55,100,0
pibgorn_38,9,0.391,4394.25,109,-16
pibgorn_38,10,0.373,2943.41,102,-10
pibgorn_38,11,0.356,882.888,81,6
pibgorn_38,12,0.322,2647.32,100,7
pibgorn_38,13,0.304,2051.1,96,-35
pibgorn_38,14,0.304,296.091,62,14
pibgorn_38,15,0.301,288.015,62,-34
pibgorn_38,16,0.273,2353.92,98,3
pibgorn_38,17,0.252,872.121,81,-16
pibgorn_38,18,0.214,3531.55,105,6
pibgorn_38,19,0.197,869.43,81,-21
pibgorn_38,20,0.193,588.144,74,2
pibgorn_38,21,0.191,2059.18,96,-28
pibgorn_38,22,0.177,584.106,74,-10
pibgorn_38,23,0.175,1172.25,86,-4
pibgorn_38,24,0.172,1174.94,86,0
pibgorn_38,25,0.163,1157.44,86,-26
pibgorn_38,26,0.162,876.159,81,-8
pibgorn_38,27,0.162,1755.01,93,-5
pibgorn_38,28,0.151,2034.95,96,-49
pibgorn_38,29,0.141,2030.91,95,48
pibgorn_38,30,0.128,1453.54,90,-31
pibgorn_38,31,0.126,4709.19,110,4
pibgorn_38,32,0.126,1458.92,90,-25
pibgorn_38,33,0.125,2063.21,96,-25
pibgorn_38,34,0.125,1161.48,86,-20
pibgorn_38,35,0.122,1165.52,86,-14
pibgorn_38,36,0.118,1178.98,86,6
pibgorn_38,37,0.118,4410.4,109,-10
pibgorn_38,38,0.114,864.046,81,-32
pibgorn_38,39,0.104,4979.71,111,1
pibgorn_38,40,0.098,1745.59,93,-14
pibgorn_38,41,0.096,1473.72,90,-7
pibgorn_38,42,0.090,3818.22,106,41
pibgorn_38,43,0.089,2627.13,100,-7
pibgorn_38,44,0.088,3814.19,106,39
pibgorn_38,45,0.086,1765.78,93,6
pibgorn_38,46,0.085,2904.38,102,-33
pibgorn_38,47,0.079,5297.33,112,8
pibgorn_38,48,0.078,1742.9,93,-17
pibgorn_38,49,0.075,4422.52,109,-5
pibgorn_38,50,0.074,4406.37,109,-11
pibgorn_39,1,1.000,4364.64,109,-28
pibgorn_39,2,0.925,4053.75,107,44
pibgorn_39,3,0.717,309.549,63,-9
pibgorn_39,4,0.617,935.377,82,6
pibgorn_39,5,0.591,929.994,82,-4
pibgorn_39,6,0.528,3741.51,106,6
pibgorn_39,7,0.524,623.136,75,2
pibgorn_39,8,0.438,2792.67,101,-1
pibgorn_39,9,0.435,2172.23,97,-36
pibgorn_39,10,0.420,3414.46,104,47
pibgorn_39,11,0.411,924.61,82,-14
pibgorn_39,12,0.395,4034.91,107,36
pibgorn_39,13,0.392,3118.37,103,-10
pibgorn_39,14,0.382,2806.13,101,8
pibgorn_39,15,0.352,2183,97,-27
pibgorn_39,16,0.342,4676.89,110,-8
pibgorn_39,17,0.320,4655.35,110,-16
pibgorn_39,18,0.319,305.512,63,-32
pibgorn_39,19,0.283,2493.89,99,3
pibgorn_39,20,0.267,1551.78,91,-18
pibgorn_39,21,0.259,619.098,75,-9
pibgorn_39,22,0.225,1235.51,87,-13
pibgorn_39,23,0.186,615.061,75,-20
pibgorn_39,24,0.156,5275.8,112,1
pibgorn_39,25,0.154,1231.47,87,-18
pibgorn_39,26,0.135,4371.37,109,-25
pibgorn_39,27,0.133,1246.27,87,2
pibgorn_39,28,0.131,1541.02,91,-30
pibgorn_39,29,0.130,1866.72,94,2
pibgorn_39,30,0.129,1846.53,94,-17
pibgorn_39,31,0.128,1559.86,91,-9
pibgorn_39,32,0.118,940.761,82,16
pibgorn_39,33,0.117,1870.75,94,6
pibgorn_39,34,0.116,4359.26,109,-30
pibgorn_39,35,0.115,2168.19,97,-39
pibgorn_39,36,0.114,1850.57,94,-13
pibgorn_39,37,0.114,917.881,82,-27
pibgorn_39,38,0.112,627.174,75,14
pibgorn_39,39,0.106,1557.17,91,-12
pibgorn_39,40,0.103,2802.09,101,5
pibgorn_39,41,0.099,2796.71,101,2
pibgorn_39,42,0.097,1227.43,87,-24
pibgorn_39,43,0.094,3745.55,106,8
pibgorn_39,44,0.090,3737.47,106,4
pibgorn_39,45,0.087,2483.12,99,-4
pibgorn_39,46,0.086,2772.48,101,-13
pibgorn_39,47,0.084,4355.22,109,-31
pibgorn_39,48,0.084,2156.08,97,-49
pibgorn_39,49,0.082,2466.97,99,-15
pibgorn_39,50,0.081,2160.12,97,-45
pibgorn_40,1,1.000,329.737,64,1
pibgorn_40,2,0.933,327.046,64,-14
pibgorn_40,3,0.690,4293.31,108,44
pibgorn_40,4,0.372,990.558,83,5
pibgorn_40,5,0.335,3963.58,107,5
pibgorn_40,6,0.327,1321.64,88,4
pibgorn_40,7,0.317,987.866,83,0
pibgorn_40,8,0.289,3617.69,105,47
pibgorn_40,9,0.280,4624.4,110,-28
pibgorn_40,10,0.280,660.82,76,4
pibgorn_40,11,0.269,979.791,83,-14
pibgorn_40,12,0.264,4275.82,108,37
pibgorn_40,13,0.253,2643.28,100,4
pibgorn_40,14,0.247,2959.56,102,0
pibgorn_40,15,0.193,4932.6,111,-16
pibgorn_40,16,0.192,335.121,64,29
pibgorn_40,17,0.173,4955.48,111,-8
pibgorn_40,18,0.159,655.437,76,-10
pibgorn_40,19,0.156,2973.02,102,8
pibgorn_40,20,0.138,1308.18,88,-14
pibgorn_40,21,0.131,1648.69,92,-13
pibgorn_40,22,0.129,339.158,64,49
pibgorn_40,23,0.126,1304.14,88,-19
pibgorn_40,24,0.122,2313.54,98,-27
pibgorn_40,25,0.116,2629.82,100,-5
pibgorn_40,26,0.108,1641.96,92,-20
pibgorn_40,27,0.108,318.97,63,43
pibgorn_40,28,0.105,4300.04,108,47
pibgorn_40,29,0.104,2301.43,98,-36
pibgorn_40,30,0.099,4287.93,108,42
pibgorn_40,31,0.099,2309.51,98,-30
pibgorn_40,32,0.093,343.196,65,-30
pibgorn_40,33,0.092,1969,95,-6
pibgorn_40,34,0.088,314.933,63,21
pibgorn_40,35,0.084,1982.46,95,6
pibgorn_40,36,0.083,3613.65,105,45
pibgorn_40,37,0.076,2977.06,102,10
pibgorn_40,38,0.076,310.895,63,-1
pibgorn_40,39,0.076,1313.57,88,-7
pibgorn_40,40,0.075,1960.93,95,-13
pibgorn_40,41,0.075,3959.54,107,4
pibgorn_40,42,0.074,3304.1,104,-10
pibgorn_40,43,0.073,973.061,83,-26
pibgorn_40,44,0.072,2605.6,100,-21
pibgorn_40,45,0.069,347.233,65,-10
pibgorn_40,46,0.069,2281.24,97,49
pibgorn_40,47,0.067,3967.61,107,7
pibgorn_40,48,0.067,2285.28,98,-48
pibgorn_40,49,0.067,997.287,83,17
pibgorn_40,50,0.065,2636.55,100,0
pibgorn_41,1,1.000,1044.39,84,-3
pibgorn_41,2,0.769,3831.68,106,47
pibgorn_41,3,0.735,1048.43,84,3
pibgorn_41,4,0.668,2799.4,101,3
pibgorn_41,5,0.637,4528.84,109,36
pibgorn_41,6,0.579,4200.45,108,6
pibgorn_41,7,0.572,3500.6,105,-10
pibgorn_41,8,0.562,2449.48,99,-28
pibgorn_41,9,0.545,4550.37,109,44
pibgorn_41,10,0.524,3149.33,103,7
pibgorn_41,11,0.504,347.233,65,-10
pibgorn_41,12,0.419,3135.87,103,0
pibgorn_41,13,0.387,4900.3,111,-27
pibgorn_41,14,0.358,1039.01,84,-12
pibgorn_41,15,0.352,1749.63,93,-10
pibgorn_41,16,0.351,2438.71,99,-35
pibgorn_41,17,0.329,699.85,77,3
pibgorn_41,18,0.284,1741.55,93,-18
pibgorn_41,19,0.262,343.196,65,-30
pibgorn_41,20,0.257,1034.97,84,-19
pibgorn_41,21,0.246,690.429,77,-20
pibgorn_41,22,0.244,1399.7,89,3
pibgorn_41,23,0.226,351.271,65,10
pibgorn_41,24,0.219,694.467,77,-10
pibgorn_41,25,0.175,1386.24,89,-13
pibgorn_41,26,0.158,5250.22,112,-8
pibgorn_41,27,0.155,5226,112,-16
pibgorn_41,28,0.151,2445.44,99,-31
pibgorn_41,29,0.147,3835.72,106,49
pibgorn_41,30,0.144,1053.81,84,12
pibgorn_41,31,0.140,1030.93,84,-26
pibgorn_41,32,0.129,1382.2,89,-18
pibgorn_41,33,0.118,3849.18,107,-45
pibgorn_41,34,0.114,4532.88,109,38
pibgorn_41,35,0.107,2785.94,101,-5
pibgorn_41,36,0.105,339.158,64,49
pibgorn_41,37,0.101,1730.78,93,-29
pibgorn_41,38,0.098,2098.21,96,4
pibgorn_41,39,0.097,2094.17,96,1
pibgorn_41,40,0.097,686.392,77,-30
pibgorn_41,41,0.096,2069.94,96,-19
pibgorn_41,42,0.095,2073.98,96,-16
pibgorn_41,43,0.095,2100.9,96,7
pibgorn_41,44,0.093,4524.8,109,35
pibgorn_41,45,0.088,2078.02,96,-12
pibgorn_41,46,0.084,2430.63,99,-41
pibgorn_41,47,0.082,3853.22,107,-43
pibgorn_41,48,0.082,2086.09,96,-6
pibgorn_41,49,0.078,2765.76,101,-17
pibgorn_41,50,0.076,3143.94,103,4
pibgorn_42,1,1.000,368.767,66,-6
pibgorn_42,2,0.385,3336.4,104,7
pibgorn_42,3,0.367,3321.6,104,0
pibgorn_42,4,0.350,4449.43,109,6
pibgorn_42,5,0.313,740.226,78,1
pibgorn_42,6,0.286,3707.86,106,-10
pibgorn_42,7,0.270,2966.29,102,4
pibgorn_42,8,0.259,2584.06,100,-35
pibgorn_42,9,0.224,4798.01,110,36
pibgorn_42,10,0.221,1845.18,94,-18
pibgorn_42,11,0.213,2594.83,100,-28
pibgorn_42,12,0.206,4060.48,107,47
pibgorn_42,13,0.180,1107.65,85,-2
pibgorn_42,14,0.175,1100.92,85,-12
pibgorn_42,15,0.165,1111.69,85,5
pibgorn_42,16,0.155,1481.8,90,2
pibgorn_42,17,0.142,732.151,78,-18
pibgorn_42,18,0.135,736.189,78,-9
pibgorn_42,19,0.133,1465.65,90,-17
pibgorn_42,20,0.128,4820.89,110,44
pibgorn_42,21,0.121,1096.88,85,-19
pibgorn_42,22,0.107,1469.69,90,-12
pibgorn_42,23,0.095,1853.26,94,-11
pibgorn_42,24,0.090,1461.61,90,-22
pibgorn_42,25,0.085,358,65,43
pibgorn_42,26,0.084,5191.01,112,-27
pibgorn_42,27,0.083,3325.64,104,2
pibgorn_42,28,0.080,378.188,66,38
pibgorn_42,29,0.074,2223.37,97,5
pibgorn_42,30,0.073,1850.57,94,-13
pibgorn_42,31,0.071,1477.76,90,-3
pibgorn_42,32,0.066,1092.84,85,-25
pibgorn_42,33,0.065,2199.15,97,-14
pibgorn_42,34,0.062,728.114,78,-28
pibgorn_42,35,0.061,2562.53,100,-50
pibgorn_42,36,0.060,2193.76,97,-19
pibgorn_42,37,0.055,353.963,65,23
pibgorn_42,38,0.053,3343.13,104,11
pibgorn_42,39,0.052,5536.89,113,-16
pibgorn_42,40,0.051,382.226,67,-44
pibgorn_43,1,1.000,390.301,67,-7
pibgorn_43,2,0.718,3928.58,107,-10
pibgorn_43,3,0.620,1172.25,86,-4
pibgorn_43,4,0.460,3535.59,105,8
pibgorn_43,5,0.423,3519.44,105,0
pibgorn_43,6,0.381,1570.63,91,3
pibgorn_43,7,0.379,783.294,79,-2
pibgorn_43,8,0.329,4301.39,108,47
pibgorn_43,9,0.327,776.565,79,-16
pibgorn_43,10,0.311,1955.54,95,-18
pibgorn_43,11,0.280,4714.57,110,6
pibgorn_43,12,0.273,780.602,79,-7
pibgorn_43,13,0.263,2737.49,101,-35
pibgorn_43,14,0.221,3142.6,103,4
pibgorn_43,15,0.206,1178.98,86,6
pibgorn_43,16,0.194,1166.87,86,-12
pibgorn_43,17,0.183,1158.79,86,-24
pibgorn_43,18,0.177,2749.6,101,-28
pibgorn_43,19,0.162,1565.24,91,-3
pibgorn_43,20,0.158,1162.83,86,-18
pibgorn_43,21,0.155,1963.62,95,-10
pibgorn_43,22,0.148,2356.61,98,5
pibgorn_43,23,0.122,1553.13,91,-16
pibgorn_43,24,0.120,1549.09,91,-21
pibgorn_43,25,0.119,772.527,79,-25
pibgorn_43,26,0.118,2353.92,98,3
pibgorn_43,27,0.111,1943.43,95,-28
pibgorn_43,28,0.109,790.023,79,13
pibgorn_43,29,0.108,4321.58,109,-45
pibgorn_43,30,0.103,1939.39,95,-32
pibgorn_43,31,0.100,398.376,67,28
pibgorn_43,32,0.096,1561.2,91,-7
pibgorn_43,33,0.092,1183.02,86,12
pibgorn_43,34,0.089,2329.69,98,-15
pibgorn_43,35,0.088,2728.07,101,-41
pibgorn_43,36,0.087,3932.62,107,-8
pibgorn_43,37,0.083,5083.34,111,36
pibgorn_43,38,0.076,380.88,67,-50
pibgorn_43,39,0.076,5107.56,111,44
pibgorn_43,40,0.073,2327,98,-17
pibgorn_43,41,0.070,3920.51,107,-13
pibgorn_43,42,0.068,3527.52,105,4
pibgorn_43,43,0.068,794.061,79,22
pibgorn_43,44,0.068,2717.3,101,-48
pibgorn_43,45,0.065,1154.75,86,-30
pibgorn_43,46,0.064,2741.53,101,-33
pibgorn_43,47,0.061,3489.83,105,-15
pibgorn_43,48,0.057,4308.12,108,50
pibgorn_43,49,0.057,2333.73,98,-12
pibgorn_43,50,0.054,2349.88,98,0
pibgorn_44,1,1.000,413.181,68,-9
pibgorn_44,2,0.633,3745.55,106,8
pibgorn_44,3,0.587,4162.76,108,-10
pibgorn_44,4,0.561,3329.67,104,4
pibgorn_44,5,0.465,4557.1,109,47
pibgorn_44,6,0.444,2071.29,96,-18
pibgorn_44,7,0.383,3728.05,106,-1
pibgorn_44,8,0.374,2900.34,102,-35
pibgorn_44,9,0.359,831.745,80,2
pibgorn_44,10,0.313,2913.8,102,-27
pibgorn_44,11,0.252,822.324,80,-17
pibgorn_44,12,0.215,826.362,80,-9
pibgorn_44,13,0.209,1664.84,92,4
pibgorn_44,14,0.199,1243.58,87,-1
pibgorn_44,15,0.196,1235.51,87,-13
pibgorn_44,16,0.190,1232.81,87,-16
pibgorn_44,17,0.153,4994.51,111,6
pibgorn_44,18,0.139,5386.16,112,36
pibgorn_44,19,0.135,2067.25,96,-21
pibgorn_44,20,0.134,1641.96,92,-20
pibgorn_44,21,0.126,3325.64,104,2
pibgorn_44,22,0.122,1645.99,92,-16
pibgorn_44,23,0.113,5410.38,112,44
pibgorn_44,24,0.110,1660.8,92,0
pibgorn_44,25,0.109,3740.16,106,5
pibgorn_44,26,0.106,2080.71,96,-10
pibgorn_44,27,0.100,2055.14,96,-32
pibgorn_44,28,0.096,2469.66,99,-14
pibgorn_44,29,0.094,3736.12,106,3
pibgorn_44,30,0.094,4168.15,108,-7
pibgorn_44,31,0.092,2917.84,102,-25
pibgorn_44,32,0.089,2465.63,99,-16
pibgorn_44,33,0.088,4156.04,108,-12
pibgorn_44,34,0.088,4561.14,109,49
pibgorn_44,35,0.086,2059.18,96,-28
pibgorn_44,36,0.081,4553.07,109,46
pibgorn_44,37,0.081,2076.67,96,-14
pibgorn_44,38,0.081,2063.21,96,-25
pibgorn_44,39,0.081,421.256,68,25
pibgorn_44,40,0.075,3335.06,104,7
pibgorn_44,41,0.073,2878.81,102,-48
pibgorn_44,42,0.070,1637.92,92,-24
pibgorn_44,43,0.070,1228.78,87,-22
pibgorn_44,44,0.067,2485.81,99,-2
pibgorn_44,45,0.065,1248.96,87,6
pibgorn_44,46,0.064,3316.21,104,-3
pibgorn_44,47,0.062,1658.11,92,-3
pibgorn_44,48,0.061,2052.45,96,-34
pibgorn_44,49,0.060,405.106,68,-43
pibgorn_44,50,0.059,1654.07,92,-7
pibgorn_45,1,1.000,3967.61,107,7
pibgorn_45,2,0.923,1321.64,88,4
pibgorn_45,3,0.923,437.407,69,-10
pibgorn_45,4,0.909,3527.52,105,4
pibgorn_45,5,0.871,1316.26,88,-3
pibgorn_45,6,0.800,881.542,81,3
pibgorn_45,7,0.774,4409.06,109,-10
pibgorn_45,8,0.675,2195.11,97,-18
pibgorn_45,9,0.589,3086.07,103,-28
pibgorn_45,10,0.499,4828.97,110,47
pibgorn_45,11,0.464,870.775,81,-18
pibgorn_45,12,0.423,3072.61,103,-35
pibgorn_45,13,0.414,1305.49,88,-17
pibgorn_45,14,0.413,3951.46,107,0
pibgorn_45,15,0.378,1309.53,88,-12
pibgorn_45,16,0.253,1763.08,93,3
pibgorn_45,17,0.220,430.677,69,-37
pibgorn_45,18,0.209,2644.63,100,5
pibgorn_45,19,0.191,888.272,81,16
pibgorn_45,20,0.186,445.482,69,21
pibgorn_45,21,0.181,1752.32,93,-8
pibgorn_45,22,0.173,2204.53,97,-10
pibgorn_45,23,0.163,1740.21,93,-20
pibgorn_45,24,0.159,1301.45,88,-23
pibgorn_45,25,0.134,1744.24,93,-16
pibgorn_45,26,0.131,3962.23,107,5
pibgorn_45,27,0.118,5706.47,113,36
pibgorn_45,28,0.117,3974.34,107,10
pibgorn_45,29,0.113,3090.11,103,-25
pibgorn_45,30,0.112,5291.95,112,6
pibgorn_45,31,0.110,5732.04,113,44
pibgorn_45,32,0.106,449.519,69,37
pibgorn_45,33,0.103,1736.17,93,-24
pibgorn_45,34,0.101,3958.19,107,3
pibgorn_45,35,0.090,1756.36,93,-4
pibgorn_45,36,0.085,2612.33,100,-16
pibgorn_45,37,0.085,1331.06,88,16
pibgorn_45,38,0.083,3519.44,105,0
pibgorn_45,39,0.079,2640.59,100,2
pibgorn_45,40,0.079,3067.23,103,-38
pibgorn_45,41,0.078,453.557,70,-47
pibgorn_45,42,0.078,426.64,68,47
pibgorn_45,43,0.069,3535.59,105,8
pibgorn_45,44,0.069,421.256,68,25
pibgorn_45,45,0.068,4417.13,109,-7
pibgorn_45,46,0.066,2181.65,97,-28
pibgorn_45,47,0.065,899.039,81,37
pibgorn_45,48,0.064,3047.04,103,-50
pibgorn_45,49,0.064,417.219,68,8
pibgorn_45,50,0.063,4400.98,109,-13
pibgorn_46,1,1.000,4201.79,108,7
pibgorn_46,2,0.650,3734.78,106,3
pibgorn_46,3,0.549,4182.95,108,-1
pibgorn_46,4,0.511,464.324,70,-7
pibgorn_46,5,0.477,3252.96,104,-37
pibgorn_46,6,0.476,1394.32,89,-3
pibgorn_46,7,0.372,3269.11,104,-28
pibgorn_46,8,0.335,932.685,82,1
pibgorn_46,9,0.311,1401.05,89,5
pibgorn_46,10,0.268,1866.72,94,2
pibgorn_46,11,0.266,1383.55,89,-17
pibgorn_46,12,0.241,2335.08,98,-11
pibgorn_46,13,0.240,923.264,82,-17
pibgorn_46,14,0.235,2322.97,98,-20
pibgorn_46,15,0.148,4668.81,110,-11
pibgorn_46,16,0.146,4208.52,108,9
pibgorn_46,17,0.139,4178.91,108,-3
pibgorn_46,18,0.130,5112.95,111,46
pibgorn_46,19,0.128,927.302,82,-9
pibgorn_46,20,0.127,4196.41,108,4
pibgorn_46,21,0.126,1387.59,89,-12
pibgorn_46,22,0.105,3741.51,106,6
pibgorn_46,23,0.097,3257,104,-34
pibgorn_46,24,0.094,3248.92,104,-39
pibgorn_46,25,0.091,2308.16,98,-31
pibgorn_46,26,0.089,2802.09,101,5
pibgorn_46,27,0.088,4212.56,108,11
pibgorn_46,28,0.085,2304.12,98,-34
pibgorn_46,29,0.083,1855.95,94,-8
pibgorn_46,30,0.083,3729.4,106,0
pibgorn_46,31,0.082,3273.15,104,-26
pibgorn_46,32,0.080,1847.87,94,-16
pibgorn_46,33,0.077,4174.88,108,-5
pibgorn_46,34,0.070,4188.34,108,1
pibgorn_46,35,0.068,2764.41,101,-18
pibgorn_46,36,0.067,2768.45,101,-16
pibgorn_46,37,0.067,4220.64,108,14
pibgorn_46,38,0.065,4216.6,108,13
pibgorn_46,39,0.063,4170.84,108,-6
pibgorn_46,40,0.062,2339.12,98,-8
pibgorn_46,41,0.061,2316.24,98,-25
pibgorn_46,42,0.060,3745.55,106,8
pibgorn_46,43,0.060,4192.37,108,3
pibgorn_46,44,0.060,916.535,82,-30
pibgorn_46,45,0.059,3725.36,106,-2
pibgorn_46,46,0.058,3261.03,104,-32
pibgorn_46,47,0.056,1862.68,94,-2
pibgorn_46,48,0.055,3715.94,106,-6
pibgorn_46,49,0.054,3239.5,104,-44
pibgorn_46,50,0.053,2780.56,101,-8
pibgorn_47,1,1.000,4454.82,109,8
pibgorn_47,2,0.524,3959.54,107,4
pibgorn_47,3,0.406,4434.63,109,0
pibgorn_47,4,0.387,3448.11,105,-36
pibgorn_47,5,0.386,3464.26,105,-28
pibgorn_47,6,0.311,492.587,71,-5
pibgorn_47,7,0.307,1484.49,90,5
pibgorn_47,8,0.264,1477.76,90,-3
pibgorn_47,9,0.259,987.866,83,0
pibgorn_47,10,0.215,2462.94,99,-18
pibgorn_47,11,0.204,4450.78,109,6
pibgorn_47,12,0.197,1466.99,90,-15
pibgorn_47,13,0.169,1979.77,95,4
pibgorn_47,14,0.162,4458.85,109,9
pibgorn_47,15,0.155,2475.05,99,-10
pibgorn_47,16,0.144,1462.96,90,-20
pibgorn_47,17,0.129,979.791,83,-14
pibgorn_47,18,0.128,4950.1,111,-10
pibgorn_47,19,0.116,5419.8,112,47
pibgorn_47,20,0.113,1471.03,90,-10
pibgorn_47,21,0.107,3468.3,105,-26
pibgorn_47,22,0.107,4446.74,109,5
pibgorn_47,23,0.102,2471.01,99,-13
pibgorn_47,24,0.096,4440.01,109,2
pibgorn_47,25,0.095,975.753,83,-21
pibgorn_47,26,0.091,3963.58,107,5
pibgorn_47,27,0.091,2970.33,102,6
pibgorn_47,28,0.084,4442.7,109,3
pibgorn_47,29,0.081,4462.89,109,11
pibgorn_47,30,0.081,3955.5,107,2
pibgorn_47,31,0.074,2442.75,99,-32
pibgorn_47,32,0.066,3444.07,105,-38
pibgorn_47,33,0.062,1491.22,90,13
pibgorn_47,34,0.059,1974.39,95,-1
pibgorn_47,35,0.057,971.715,83,-28
pibgorn_47,36,0.055,4427.9,109,-3
pibgorn_47,37,0.054,3967.61,107,7
pibgorn_47,38,0.054,4466.93,109,12
pibgorn_47,39,0.054,1966.31,95,-8
pibgorn_47,40,0.053,1458.92,90,-25
pibgorn_47,41,0.052,2446.78,99,-30
pibgorn_47,42,0.051,1955.54,95,-18
pibgorn_47,43,0.051,2466.97,99,-15
pibgorn_47,44,0.050,2479.09,99,-7
pibgorn_48,1,1.000,520.85,72,-8
pibgorn_48,2,0.334,1570.63,91,3
pibgorn_48,3,0.307,515.467,72,-26
pibgorn_48,4,0.285,2606.94,100,-20
pibgorn_48,5,0.282,3649.99,106,-37
pibgorn_48,6,0.276,7333.63,118,-29
pibgorn_48,7,0.263,7854.48,119,-10
pibgorn_48,8,0.261,5736.08,113,45
pibgorn_48,9,0.256,6808.74,116,42
pibgorn_48,10,0.255,1565.24,91,-3
pibgorn_48,11,0.237,2095.51,96,2
pibgorn_48,12,0.219,1044.39,84,-3
pibgorn_48,13,0.212,1558.51,91,-10
pibgorn_48,14,0.211,2091.48,96,-1
pibgorn_48,15,0.202,7836.98,119,-14
pibgorn_48,16,0.200,3659.41,106,-33
pibgorn_48,17,0.183,6792.59,116,38
pibgorn_48,18,0.165,6286.54,115,4
pibgorn_48,19,0.119,2071.29,96,-18
pibgorn_48,20,0.119,4189.68,108,2
pibgorn_48,21,0.116,2084.75,96,-7
pibgorn_48,22,0.114,2602.91,100,-23
pibgorn_48,23,0.112,1040.35,84,-10
pibgorn_48,24,0.111,2067.25,96,-21
pibgorn_48,25,0.109,2597.52,100,-26
pibgorn_48,26,0.101,508.737,72,-49
pibgorn_48,27,0.097,2612.33,100,-16
pibgorn_48,28,0.095,3636.53,106,-44
pibgorn_48,29,0.095,4713.22,110,5
pibgorn_48,30,0.091,4702.46,110,1
pibgorn_48,31,0.089,3640.57,106,-42
pibgorn_48,32,0.088,1554.48,91,-15
pibgorn_48,33,0.087,1033.63,84,-21
pibgorn_48,34,0.084,530.271,72,23
pibgorn_48,35,0.084,2079.36,96,-11
pibgorn_48,36,0.082,5238.11,112,-12
pibgorn_48,37,0.080,2615.02,100,-15
pibgorn_48,38,0.078,3130.48,103,-3
pibgorn_48,39,0.072,3123.76,103,-7
pibgorn_48,40,0.067,3668.83,106,-28
pibgorn_48,41,0.064,5730.7,113,44
pibgorn_48,42,0.063,534.309,72,36
pibgorn_48,43,0.063,3645.95,106,-39
pibgorn_48,44,0.060,3141.25,103,3
pibgorn_48,45,0.059,538.347,72,49
pibgorn_48,46,0.059,2063.21,96,-25
pibgorn_48,47,0.059,3143.94,103,4
pibgorn_48,48,0.057,500.662,71,24
pibgorn_48,49,0.057,1051.12,84,8
pibgorn_48,50,0.055,2593.48,100,-29
pibgorn_49,1,1.000,4445.4,109,4
pibgorn_49,2,0.538,2764.41,101,-18
pibgorn_49,3,0.501,3870.71,107,-36
pibgorn_49,4,0.413,4999.89,111,8
pibgorn_49,5,0.385,1658.11,92,-3
pibgorn_49,6,0.335,3888.21,107,-28
pibgorn_49,7,0.306,1666.18,92,5
pibgorn_49,8,0.301,4977.01,111,0
pibgorn_49,9,0.234,551.805,73,-8
pibgorn_49,10,0.214,1099.57,85,-14
pibgorn_49,11,0.199,1095.54,85,-21
pibgorn_49,12,0.163,1647.34,92,-15
pibgorn_49,13,0.140,1639.27,92,-23
pibgorn_49,14,0.138,2222.03,97,4
pibgorn_49,15,0.129,3333.71,104,6
pibgorn_49,16,0.122,4450.78,109,6
pibgorn_49,17,0.119,2196.45,97,-16
pibgorn_49,18,0.117,1670.22,92,9
pibgorn_49,19,0.110,1091.5,85,-27
pibgorn_49,20,0.109,547.768,73,-21
pibgorn_49,21,0.107,3874.75,107,-34
pibgorn_49,22,0.103,1111.69,85,5
pibgorn_49,23,0.100,2208.57,97,-7
pibgorn_49,24,0.096,2768.45,101,-16
pibgorn_49,25,0.092,4437.32,109,1
pibgorn_49,26,0.085,2217.99,97,0
pibgorn_49,27,0.082,1652.72,92,-9
pibgorn_49,28,0.082,1107.65,85,-2
pibgorn_49,29,0.078,2744.22,101,-31
pibgorn_49,30,0.076,3866.67,107,-37
pibgorn_49,31,0.072,2776.52,101,-11
pibgorn_49,32,0.071,2760.37,101,-21
pibgorn_49,33,0.070,3878.79,107,-32
pibgorn_49,34,0.069,3291.99,104,-16
pibgorn_49,35,0.069,3882.82,107,-30
pibgorn_49,36,0.066,1115.72,85,11
pibgorn_49,37,0.065,2756.33,101,-23
pibgorn_49,38,0.060,4433.28,109,-1
pibgorn_49,39,0.060,2772.48,101,-13
pibgorn_49,40,0.059,3320.25,104,-1
pibgorn_49,41,0.057,5555.74,113,-10
pibgorn_49,42,0.054,5006.62,111,10
pibgorn_49,43,0.051,2200.49,97,-13
pibgorn_50,1,1.000,4709.19,110,4
pibgorn_50,2,0.478,2928.6,102,-18
pibgorn_50,3,0.457,4100.85,108,-36
pibgorn_50,4,0.417,4119.7,108,-28
pibgorn_50,5,0.416,2353.92,98,3
pibgorn_50,6,0.406,1757.7,93,-2
pibgorn_50,7,0.362,1161.48,86,-20
pibgorn_50,8,0.349,1165.52,86,-14
pibgorn_50,9,0.335,1177.63,86,4
pibgorn_50,10,0.304,1765.78,93,6
pibgorn_50,11,0.278,5273.1,112,0
pibgorn_50,12,0.248,586.798,74,-2
pibgorn_50,13,0.239,1753.66,93,-6
pibgorn_50,14,0.237,1172.25,86,-4
pibgorn_50,15,0.233,1746.93,93,-13
pibgorn_50,16,0.229,5297.33,112,8
pibgorn_50,17,0.220,2943.41,102,-10
pibgorn_50,18,0.191,4705.15,110,2
pibgorn_50,19,0.190,1157.44,86,-26
pibgorn_50,20,0.185,3531.55,105,6
pibgorn_50,21,0.169,1742.9,93,-17
pibgorn_50,22,0.158,580.068,74,-22
pibgorn_50,23,0.154,4713.22,110,5
pibgorn_50,24,0.152,1761.74,93,2
pibgorn_50,25,0.137,2327,98,-17
pibgorn_50,26,0.121,1738.86,93,-21
pibgorn_50,27,0.103,4104.89,108,-34
pibgorn_50,28,0.098,4701.11,110,1
pibgorn_50,29,0.096,2920.53,102,-23
pibgorn_50,30,0.096,2335.08,98,-11
pibgorn_50,31,0.094,2904.38,102,-33
pibgorn_50,32,0.093,2947.45,102,-7
pibgorn_50,33,0.084,3489.83,105,-15
pibgorn_50,34,0.082,4697.07,110,-1
pibgorn_50,35,0.080,4717.26,110,7
pibgorn_50,36,0.077,2939.37,102,-12
pibgorn_50,37,0.071,3485.79,105,-17
pibgorn_50,38,0.069,2908.42,102,-30
pibgorn_50,39,0.068,2923.22,102,-22
pibgorn_50,40,0.067,4721.3,110,8
pibgorn_50,41,0.067,1773.85,93,14
pibgorn_50,42,0.063,2339.12,98,-8
pibgorn_50,43,0.061,592.181,74,14
pibgorn_50,44,0.060,5277.14,112,1
pibgorn_50,45,0.060,2341.81,98,-6
pibgorn_50,46,0.058,4114.31,108,-30
pibgorn_50,47,0.058,576.031,74,-34
pibgorn_50,48,0.057,1153.41,86,-32
pibgorn_50,49,0.056,3501.94,105,-9
pibgorn_50,50,0.055,2900.34,102,-35
pibgorn_51,1,1.000,4364.64,109,-28
pibgorn_51,2,0.527,3103.57,103,-18
pibgorn_51,3,0.463,4989.13,111,4
pibgorn_51,4,0.431,620.444,75,-5
pibgorn_51,5,0.399,4345.8,109,-35
pibgorn_51,6,0.323,1861.33,94,-3
pibgorn_51,7,0.302,1235.51,87,-13
pibgorn_51,8,0.247,3118.37,103,-10
pibgorn_51,9,0.243,1246.27,87,2
pibgorn_51,10,0.217,3741.51,106,6
pibgorn_51,11,0.211,1870.75,94,6
pibgorn_51,12,0.190,1866.72,94,2
pibgorn_51,13,0.187,2493.89,99,3
pibgorn_51,14,0.177,1846.53,94,-17
pibgorn_51,15,0.173,1230.12,87,-20
pibgorn_51,16,0.165,1850.57,94,-13
pibgorn_51,17,0.142,4359.26,109,-30
pibgorn_51,18,0.138,615.061,75,-20
pibgorn_51,19,0.121,1250.31,87,8
pibgorn_51,20,0.112,5586.69,113,0
pibgorn_51,21,0.112,2473.7,99,-11
pibgorn_51,22,0.110,4371.37,109,-25
pibgorn_51,23,0.105,1227.43,87,-24
pibgorn_51,24,0.101,2466.97,99,-15
pibgorn_51,25,0.100,4355.22,109,-31
pibgorn_51,26,0.098,2481.78,99,-5
pibgorn_51,27,0.097,1874.79,94,9
pibgorn_51,28,0.097,3099.53,103,-20
pibgorn_51,29,0.086,3082.03,103,-30
pibgorn_51,30,0.084,4351.19,109,-33
pibgorn_51,31,0.083,4993.16,111,5
pibgorn_51,32,0.081,2489.85,99,1
pibgorn_51,33,0.080,4985.09,111,2
pibgorn_51,34,0.078,5612.26,113,8
pibgorn_51,35,0.077,1854.6,94,-9
pibgorn_51,36,0.070,3078,103,-32
pibgorn_51,37,0.068,3095.49,103,-22
pibgorn_51,38,0.062,3107.61,103,-16
pibgorn_51,39,0.057,2497.93,99,6
pibgorn_51,40,0.056,609.677,75,-35
pibgorn_51,41,0.054,4386.18,109,-19
pibgorn_51,42,0.054,4375.41,109,-23
pibgorn_51,43,0.052,3721.32,106,-4
pibgorn_51,44,0.052,1842.49,94,-21
pibgorn_51,45,0.051,1223.39,87,-30
pibgorn_52,1,1.000,4624.4,110,-28
pibgorn_52,2,0.689,2641.94,100,3
pibgorn_52,3,0.582,656.783,76,-7
pibgorn_52,4,0.511,1973.04,95,-2
pibgorn_52,5,0.459,1318.95,88,1
pibgorn_52,6,0.395,3289.3,104,-17
pibgorn_52,7,0.352,1982.46,95,6
pibgorn_52,8,0.334,4604.21,110,-35
pibgorn_52,9,0.330,1308.18,88,-14
pibgorn_52,10,0.226,5285.22,112,4
pibgorn_52,11,0.199,652.745,76,-17
pibgorn_52,12,0.198,3964.92,107,6
pibgorn_52,13,0.170,1313.57,88,-7
pibgorn_52,14,0.167,1978.42,95,3
pibgorn_52,15,0.155,1304.14,88,-19
pibgorn_52,16,0.148,2637.9,100,1
pibgorn_52,17,0.144,1969,95,-6
pibgorn_52,18,0.142,1956.89,95,-16
pibgorn_52,19,0.140,2621.75,100,-10
pibgorn_52,20,0.136,4619.01,110,-30
pibgorn_52,21,0.129,1960.93,95,-13
pibgorn_52,22,0.129,2629.82,100,-5
pibgorn_52,23,0.127,2605.6,100,-21
pibgorn_52,24,0.119,662.166,76,8
pibgorn_52,25,0.115,4631.13,110,-25
pibgorn_52,26,0.114,3302.76,104,-10
pibgorn_52,27,0.103,1989.19,95,12
pibgorn_52,28,0.102,2609.63,100,-18
pibgorn_52,29,0.089,3282.57,104,-21
pibgorn_52,30,0.084,3294.68,104,-15
pibgorn_52,31,0.083,4614.98,110,-31
pibgorn_52,32,0.082,1993.23,95,15
pibgorn_52,33,0.082,648.708,76,-28
pibgorn_52,34,0.082,5917.77,114,-1
pibgorn_52,35,0.078,1952.85,95,-20
pibgorn_52,36,0.071,1300.11,88,-24
pibgorn_52,37,0.071,3298.72,104,-12
pibgorn_52,38,0.069,3259.69,104,-33
pibgorn_52,39,0.065,3274.49,104,-25
pibgorn_52,40,0.058,3306.79,104,-8
pibgorn_52,41,0.056,5947.38,114,8
pibgorn_52,42,0.052,4635.16,110,-24
pibgorn_52,43,0.051,2615.02,100,-15
pibgorn_52,44,0.051,3278.53,104,-23
pibgorn_53,1,1.000,4877.42,111,-35
pibgorn_53,2,0.629,4898.95,111,-28
pibgorn_53,3,0.627,3483.1,105,-18
pibgorn_53,4,0.524,1399.7,89,3
pibgorn_53,5,0.521,695.813,77,-7
pibgorn_53,6,0.415,2799.4,101,3
pibgorn_53,7,0.277,4200.45,108,6
pibgorn_53,8,0.269,2099.55,96,5
pibgorn_53,9,0.244,3499.25,105,-10
pibgorn_53,10,0.236,2090.13,96,-2
pibgorn_53,11,0.232,690.429,77,-20
pibgorn_53,12,0.225,2071.29,96,-18
pibgorn_53,13,0.220,2075.33,96,-15
pibgorn_53,14,0.190,1386.24,89,-13
pibgorn_53,15,0.188,1383.55,89,-17
pibgorn_53,16,0.188,2785.94,101,-5
pibgorn_53,17,0.183,2086.09,96,-6
pibgorn_53,18,0.175,4881.46,111,-34
pibgorn_53,19,0.173,4873.38,111,-37
pibgorn_53,20,0.171,2765.76,101,-17
pibgorn_53,21,0.168,2079.36,96,-11
pibgorn_53,22,0.159,5600.15,113,4
pibgorn_53,23,0.148,2094.17,96,1
pibgorn_53,24,0.134,2794.02,101,0
pibgorn_53,25,0.133,1394.32,89,-3
pibgorn_53,26,0.115,2769.79,101,-15
pibgorn_53,27,0.112,4905.68,111,-25
pibgorn_53,28,0.109,2777.87,101,-10
pibgorn_53,29,0.104,3479.06,105,-20
pibgorn_53,30,0.102,702.542,77,10
pibgorn_53,31,0.099,2067.25,96,-21
pibgorn_53,32,0.091,4893.57,111,-30
pibgorn_53,33,0.091,1379.51,89,-22
pibgorn_53,34,0.089,3491.18,105,-14
pibgorn_53,35,0.087,4885.49,111,-32
pibgorn_53,36,0.084,2806.13,101,8
pibgorn_53,37,0.079,4869.34,111,-38
pibgorn_53,38,0.074,2757.68,101,-23
pibgorn_53,39,0.073,3469.64,105,-25
pibgorn_53,40,0.072,3505.98,105,-7
pibgorn_53,41,0.070,4889.53,111,-31
pibgorn_53,42,0.069,6300,115,8
pibgorn_53,43,0.062,2773.83,101,-12
pibgorn_53,44,0.062,2106.28,96,11
pibgorn_53,45,0.057,3457.53,105,-31
pibgorn_53,46,0.054,4909.72,111,-24
pibgorn_53,47,0.052,4838.39,111,-49
pibgorn_53,48,0.051,706.58,77,20
pibgorn_53,49,0.050,2810.17,101,10
pibgorn_54,1,1.000,737.535,78,-6
pibgorn_54,2,0.798,2224.72,97,6
pibgorn_54,3,0.742,4449.43,109,6
pibgorn_54,4,0.617,3690.37,106,-18
pibgorn_54,5,0.581,5166.78,112,-36
pibgorn_54,6,0.435,1484.49,90,5
pibgorn_54,7,0.426,1477.76,90,-3
pibgorn_54,8,0.413,1469.69,90,-12
pibgorn_54,9,0.389,1465.65,90,-17
pibgorn_54,10,0.377,1461.61,90,-22
pibgorn_54,11,0.319,2966.29,102,4
pibgorn_54,12,0.312,2197.8,97,-15
pibgorn_54,13,0.245,5932.58,114,4
pibgorn_54,14,0.243,3707.86,106,-10
pibgorn_54,15,0.223,5191.01,112,-27
pibgorn_54,16,0.168,2230.1,97,10
pibgorn_54,17,0.166,2207.22,97,-8
pibgorn_54,18,0.163,730.805,78,-22
pibgorn_54,19,0.160,2213.95,97,-3
pibgorn_54,20,0.155,745.61,78,13
pibgorn_54,21,0.154,2927.26,102,-19
pibgorn_54,22,0.146,2191.07,97,-21
pibgorn_54,23,0.132,3684.98,106,-21
pibgorn_54,24,0.118,2955.52,102,-3
pibgorn_54,25,0.109,2217.99,97,0
pibgorn_54,26,0.108,3697.09,106,-15
pibgorn_54,27,0.103,2943.41,102,-10
pibgorn_54,28,0.099,2939.37,102,-12
pibgorn_54,29,0.099,3703.82,106,-12
pibgorn_54,30,0.090,4457.51,109,9
pibgorn_54,31,0.089,749.648,78,22
pibgorn_54,32,0.089,2959.56,102,0
pibgorn_54,33,0.082,4433.28,109,-1
pibgorn_54,34,0.080,2920.53,102,-23
pibgorn_54,35,0.079,2947.45,102,-7
pibgorn_54,36,0.076,3711.9,106,-8
pibgorn_54,37,0.074,1492.57,90,15
pibgorn_54,38,0.073,3680.94,106,-23
pibgorn_54,39,0.073,5161.4,112,-37
pibgorn_54,40,0.072,2935.33,102,-14
pibgorn_54,41,0.069,753.685,78,32
pibgorn_54,42,0.069,5173.51,112,-33
pibgorn_54,43,0.066,3676.91,106,-24
pibgorn_54,44,0.065,4425.21,109,-4
pibgorn_54,45,0.063,4390.22,109,-18
pibgorn_54,46,0.063,3660.76,106,-32
pibgorn_54,47,0.062,4406.37,109,-11
pibgorn_54,48,0.057,4398.29,109,-14
pibgorn_54,49,0.055,6675.5,116,8
pibgorn_54,50,0.050,3656.72,106,-34
pibgorn_55,1,1.000,781.948,79,-5
pibgorn_55,2,0.763,3909.74,107,-18
pibgorn_55,3,0.739,1570.63,91,3
pibgorn_55,4,0.657,2345.84,98,-3
pibgorn_55,5,0.647,4714.57,110,6
pibgorn_55,6,0.584,3142.6,103,4
pibgorn_55,7,0.527,776.565,79,-16
pibgorn_55,8,0.454,2356.61,98,5
pibgorn_55,9,0.396,3928.58,107,-10
pibgorn_55,10,0.371,5474.98,113,-35
pibgorn_55,11,0.358,1553.13,91,-16
pibgorn_55,12,0.308,1565.24,91,-3
pibgorn_55,13,0.299,1561.2,91,-7
pibgorn_55,14,0.290,5500.56,113,-27
pibgorn_55,15,0.217,1549.09,91,-21
pibgorn_55,16,0.187,2325.66,98,-18
pibgorn_55,17,0.184,772.527,79,-25
pibgorn_55,18,0.176,1557.17,91,-12
pibgorn_55,19,0.174,2341.81,98,-6
pibgorn_55,20,0.173,2329.69,98,-15
pibgorn_55,21,0.146,2337.77,98,-9
pibgorn_55,22,0.145,3103.57,103,-18
pibgorn_55,23,0.143,2349.88,98,0
pibgorn_55,24,0.134,3106.26,103,-16
pibgorn_55,25,0.130,2360.65,98,8
pibgorn_55,26,0.129,2333.73,98,-12
pibgorn_55,27,0.125,4710.53,110,4
pibgorn_55,28,0.124,3130.48,103,-3
pibgorn_55,29,0.123,3138.56,103,1
pibgorn_55,30,0.120,4718.61,110,7
pibgorn_55,31,0.119,3904.36,107,-21
pibgorn_55,32,0.100,3118.37,103,-10
pibgorn_55,33,0.097,3900.32,107,-22
pibgorn_55,34,0.096,3099.53,103,-20
pibgorn_55,35,0.092,3122.41,103,-7
pibgorn_55,36,0.091,6286.54,115,4
pibgorn_55,37,0.086,3150.67,103,8
pibgorn_55,38,0.085,3933.97,107,-8
pibgorn_55,39,0.081,2366.03,98,12
pibgorn_55,40,0.079,3114.33,103,-12
pibgorn_55,41,0.079,1545.05,91,-25
pibgorn_55,42,0.078,3892.25,107,-26
pibgorn_55,43,0.075,3896.28,107,-24
pibgorn_55,44,0.074,3146.64,103,6
pibgorn_55,45,0.074,1577.36,91,10
pibgorn_55,46,0.071,3126.45,103,-5
pibgorn_55,47,0.069,3880.13,107,-31
pibgorn_55,48,0.061,1580.05,91,13
pibgorn_55,49,0.061,3154.71,103,10
pibgorn_55,50,0.059,5504.59,113,-26
pibgorn_56,1,1.000,829.054,80,-3
pibgorn_56,2,0.560,825.016,80,-12
pibgorn_56,3,0.499,7474.94,118,4
pibgorn_56,4,0.493,7492.44,118,8
pibgorn_56,5,0.445,8325.53,120,-10
pibgorn_56,6,0.437,6660.69,116,4
pibgorn_56,7,0.430,5815.49,114,-31
pibgorn_56,8,0.415,2479.09,99,-7
pibgorn_56,9,0.414,9115.55,121,47
pibgorn_56,10,0.396,3325.64,104,2
pibgorn_56,11,0.332,4142.58,108,-18
pibgorn_56,12,0.329,3329.67,104,4
pibgorn_56,13,0.315,1645.99,92,-16
pibgorn_56,14,0.296,1650.03,92,-12
pibgorn_56,15,0.295,5802.03,114,-35
pibgorn_56,16,0.279,2487.16,99,-1
pibgorn_56,17,0.255,1655.42,92,-6
pibgorn_56,18,0.253,2465.63,99,-16
pibgorn_56,19,0.243,2469.66,99,-14
pibgorn_56,20,0.222,3317.56,104,-3
pibgorn_56,21,0.216,1641.96,92,-20
pibgorn_56,22,0.207,3294.68,104,-15
pibgorn_56,23,0.198,3313.52,104,-5
pibgorn_56,24,0.192,1660.8,92,0
pibgorn_56,25,0.189,1664.84,92,4
pibgorn_56,26,0.185,818.287,80,-26
pibgorn_56,27,0.172,3308.14,104,-7
pibgorn_56,28,0.165,3290.64,104,-17
pibgorn_56,29,0.162,2475.05,99,-10
pibgorn_56,30,0.156,4150.65,108,-15
pibgorn_56,31,0.144,7509.93,118,12
pibgorn_56,32,0.136,2495.24,99,4
pibgorn_56,33,0.132,5819.53,114,-30
pibgorn_56,34,0.132,1637.92,92,-24
pibgorn_56,35,0.124,3286.61,104,-19
pibgorn_56,36,0.117,1668.87,92,8
pibgorn_56,37,0.106,4126.43,108,-25
pibgorn_56,38,0.101,5777.8,114,-42
pibgorn_56,39,0.100,5780.5,114,-41
pibgorn_56,40,0.100,4122.39,108,-27
pibgorn_56,41,0.100,3298.72,104,-12
pibgorn_56,42,0.096,5806.07,114,-34
pibgorn_56,43,0.095,4130.46,108,-23
pibgorn_56,44,0.093,5827.6,114,-27
pibgorn_56,45,0.091,2461.59,99,-19
pibgorn_56,46,0.089,5793.95,114,-37
pibgorn_56,47,0.086,5824.91,114,-28
pibgorn_56,48,0.085,7457.44,118,0
pibgorn_56,49,0.083,5796.65,114,-36
pibgorn_56,50,0.082,6653.96,116,2
pibgorn_57,1,1.000,878.851,81,-2
pibgorn_57,2,0.777,1757.7,93,-2
pibgorn_57,3,0.757,1753.66,93,-6
pibgorn_57,4,0.736,2639.24,100,1
pibgorn_57,5,0.715,7936.57,119,8
pibgorn_57,6,0.520,874.813,81,-10
pibgorn_57,7,0.401,1763.08,93,3
pibgorn_57,8,0.303,4388.87,109,-18
pibgorn_57,9,0.254,1767.12,93,7
pibgorn_57,10,0.232,6161.38,115,-31
pibgorn_57,11,0.231,2619.06,100,-12
pibgorn_57,12,0.230,885.58,81,11
pibgorn_57,13,0.223,2621.75,100,-10
pibgorn_57,14,0.213,1745.59,93,-14
pibgorn_57,15,0.199,6146.57,115,-35
pibgorn_57,16,0.189,2647.32,100,7
pibgorn_57,17,0.182,8819.46,121,-10
pibgorn_57,18,0.178,3504.64,105,-8
pibgorn_57,19,0.160,3522.13,105,1
pibgorn_57,20,0.157,7056.38,117,4
pibgorn_57,21,0.153,3514.06,105,-3
pibgorn_57,22,0.148,3524.82,105,2
pibgorn_57,23,0.145,1741.55,93,-18
pibgorn_57,24,0.143,2615.02,100,-15
pibgorn_57,25,0.139,3500.6,105,-10
pibgorn_57,26,0.137,7940.61,119,8
pibgorn_57,27,0.134,7919.08,119,4
pibgorn_57,28,0.114,1771.16,93,11
pibgorn_57,29,0.105,4398.29,109,-14
pibgorn_57,30,0.100,1737.51,93,-22
pibgorn_57,31,0.100,889.618,81,19
pibgorn_57,32,0.092,865.392,81,-29
pibgorn_57,33,0.086,6133.11,115,-39
pibgorn_57,34,0.085,868.084,81,-24
pibgorn_57,35,0.083,2609.63,100,-18
pibgorn_57,36,0.082,3528.86,105,4
pibgorn_57,37,0.075,6151.95,115,-33
pibgorn_57,38,0.070,2655.39,100,12
pibgorn_57,39,0.065,2604.25,100,-22
pibgorn_57,40,0.063,5291.95,112,6
pibgorn_57,41,0.061,2659.43,100,15
pibgorn_57,42,0.058,893.655,81,27
pibgorn_57,43,0.057,7944.65,119,9
pibgorn_57,44,0.053,1779.24,93,19
pibgorn_57,45,0.052,7928.5,119,6
pibgorn_57,46,0.051,7060.41,117,5
pibgorn_57,47,0.051,3534.24,105,7
pibgorn_57,48,0.050,2663.47,100,17
pibgorn_58,1,1.000,8404.93,120,7
pibgorn_58,2,0.846,2788.63,101,-3
pibgorn_58,3,0.694,4648.62,110,-19
pibgorn_58,4,0.577,7472.25,118,3
pibgorn_58,5,0.572,2795.36,101,1
pibgorn_58,6,0.554,929.994,82,-4
pibgorn_58,7,0.538,8384.75,120,3
pibgorn_58,8,0.484,1858.64,94,-6
pibgorn_58,9,0.425,6522.07,116,-32
pibgorn_58,10,0.390,1861.33,94,-3
pibgorn_58,11,0.371,1866.72,94,2
pibgorn_58,12,0.308,4658.04,110,-15
pibgorn_58,13,0.295,2780.56,101,-8
pibgorn_58,14,0.274,3733.43,106,2
pibgorn_58,15,0.257,924.61,82,-14
pibgorn_58,16,0.244,1849.22,94,-14
pibgorn_58,17,0.223,1843.84,94,-19
pibgorn_58,18,0.219,2804.79,101,7
pibgorn_58,19,0.206,6505.92,116,-37
pibgorn_58,20,0.196,1841.15,94,-22
pibgorn_58,21,0.187,3721.32,106,-4
pibgorn_58,22,0.176,4640.55,110,-22
pibgorn_58,23,0.166,8423.78,120,11
pibgorn_58,24,0.156,6509.96,116,-36
pibgorn_58,25,0.148,4629.78,110,-26
pibgorn_58,26,0.130,2769.79,101,-15
pibgorn_58,27,0.127,4664.77,110,-13
pibgorn_58,28,0.123,4632.47,110,-25
pibgorn_58,29,0.119,6535.53,116,-29
pibgorn_58,30,0.116,3737.47,106,4
pibgorn_58,31,0.112,4625.74,110,-27
pibgorn_58,32,0.111,3741.51,106,6
pibgorn_58,33,0.106,2765.76,101,-17
pibgorn_58,34,0.100,3706.52,106,-11
pibgorn_58,35,0.098,3710.55,106,-9
pibgorn_58,36,0.087,8411.66,120,8
pibgorn_58,37,0.082,1874.79,94,9
pibgorn_58,38,0.080,5528.82,113,-18
pibgorn_58,39,0.072,4654.01,110,-17
pibgorn_58,40,0.072,5565.16,113,-7
pibgorn_58,41,0.071,5531.51,113,-17
pibgorn_58,42,0.071,916.535,82,-30
pibgorn_58,43,0.068,6479,116,-44
pibgorn_58,44,0.067,8365.9,120,-1
pibgorn_58,45,0.066,6540.91,116,-27
pibgorn_58,46,0.063,3726.7,106,-1
pibgorn_58,47,0.061,5606.88,113,6
pibgorn_58,48,0.061,8417.05,120,9
pibgorn_58,49,0.060,5582.65,113,-2
pibgorn_58,50,0.060,2757.68,101,-23
pibgorn_59,1,1.000,8909.63,121,8
pibgorn_59,2,0.838,7920.42,119,4
pibgorn_59,3,0.809,2963.6,102,2
pibgorn_59,4,0.769,2956.87,102,-2
pibgorn_59,5,0.623,983.828,83,-7
pibgorn_59,6,0.613,2946.1,102,-8
pibgorn_59,7,0.591,1974.39,95,-1
pibgorn_59,8,0.559,1978.42,95,3
pibgorn_59,9,0.546,987.866,83,0
pibgorn_59,10,0.533,8889.45,121,4
pibgorn_59,11,0.429,2942.06,102,-10
pibgorn_59,12,0.423,2952.83,102,-4
pibgorn_59,13,0.408,1959.58,95,-14
pibgorn_59,14,0.379,6915.06,117,-31
pibgorn_59,15,0.331,3958.19,107,3
pibgorn_59,16,0.309,1982.46,95,6
pibgorn_59,17,0.307,1955.54,95,-18
pibgorn_59,18,0.284,4928.56,111,-17
pibgorn_59,19,0.280,6897.56,117,-35
pibgorn_59,20,0.265,1970.35,95,-5
pibgorn_59,21,0.248,979.791,83,-14
pibgorn_59,22,0.240,3962.23,107,5
pibgorn_59,23,0.206,9900.19,123,-10
pibgorn_59,24,0.190,2938.03,102,-13
pibgorn_59,25,0.176,8929.82,121,12
pibgorn_59,26,0.173,4939.33,111,-14
pibgorn_59,27,0.159,7924.46,119,5
pibgorn_59,28,0.157,1951.51,95,-21
pibgorn_59,29,0.157,8916.36,121,9
pibgorn_59,30,0.156,2931.3,102,-17
pibgorn_59,31,0.153,7916.39,119,3
pibgorn_59,32,0.151,2935.33,102,-14
pibgorn_59,33,0.145,4924.52,111,-19
pibgorn_59,34,0.144,3946.08,107,-2
pibgorn_59,35,0.141,8904.25,121,7
pibgorn_59,36,0.130,6929.87,117,-27
pibgorn_59,37,0.123,10839.6,124,47
pibgorn_59,38,0.121,4935.29,111,-15
pibgorn_59,39,0.117,6902.95,117,-34
pibgorn_59,40,0.115,3954.16,107,1
pibgorn_59,41,0.115,6908.33,117,-33
pibgorn_59,42,0.115,975.753,83,-21
pibgorn_59,43,0.111,6919.1,117,-30
pibgorn_59,44,0.109,2928.6,102,-18
pibgorn_59,45,0.106,2924.57,102,-21
pibgorn_59,46,0.104,8920.4,121,10
pibgorn_59,47,0.103,2977.06,102,10
pibgorn_59,48,0.101,3938,107,-6
pibgorn_59,49,0.101,3929.93,107,-9
pibgorn_59,50,0.101,1987.84,95,11
pibgorn_60,1,1.000,1043.05,84,-6
pibgorn_60,2,0.810,1037.66,84,-15
pibgorn_60,3,0.603,14668.6,128,0
pibgorn_60,4,0.571,13600,128,0
pibgorn_60,5,0.419,15688.8,128,0
pibgorn_60,6,0.388,1034.97,84,-19
pibgorn_60,7,0.298,3130.48,103,-3
pibgorn_60,8,0.291,3139.91,103,2
pibgorn_60,9,0.275,3118.37,103,-10
pibgorn_60,10,0.264,3123.76,103,-7
pibgorn_60,11,0.242,13585.2,128,0
pibgorn_60,12,0.224,15707.6,128,0
pibgorn_60,13,0.222,13616.1,128,0
pibgorn_60,14,0.203,15671.3,128,0
pibgorn_60,15,0.196,3126.45,103,-5
pibgorn_60,16,0.189,12574.4,127,4
pibgorn_60,17,0.166,1051.12,84,8
pibgorn_60,18,0.165,5205.81,112,-23
pibgorn_60,19,0.162,13632.3,128,0
pibgorn_60,20,0.160,2078.02,96,-12
pibgorn_60,21,0.158,2092.82,96,0
pibgorn_60,22,0.154,11472.2,125,45
pibgorn_60,23,0.141,15726.4,128,0
pibgorn_60,24,0.140,5223.31,112,-17
pibgorn_60,25,0.139,3114.33,103,-12
pibgorn_60,26,0.139,5211.19,112,-21
pibgorn_60,27,0.131,3147.98,103,7
pibgorn_60,28,0.129,5201.77,112,-24
pibgorn_60,29,0.124,4188.34,108,1
pibgorn_60,30,0.122,2095.51,96,2
pibgorn_60,31,0.121,13591.9,128,0
pibgorn_60,32,0.113,5215.23,112,-19
pibgorn_60,33,0.110,13612.1,128,0
pibgorn_60,34,0.106,2084.75,96,-7
pibgorn_60,35,0.103,4185.64,108,0
pibgorn_60,36,0.103,13648.4,128,0
pibgorn_60,37,0.096,2073.98,96,-16
pibgorn_60,38,0.094,4192.37,108,3
pibgorn_60,39,0.094,13606.7,128,0
pibgorn_60,40,0.093,15695.5,128,0
pibgorn_60,41,0.093,2082.06,96,-9
pibgorn_60,42,0.089,17730.4,128,0
pibgorn_60,43,0.089,7308.05,118,-35
pibgorn_60,44,0.088,14675.3,128,0
pibgorn_60,45,0.085,7316.13,118,-33
pibgorn_60,46,0.082,14664.6,128,0
pibgorn_60,47,0.080,2088.78,96,-3
pibgorn_60,48,0.079,1055.16,84,14
pibgorn_60,49,0.078,1059.2,84,21
pibgorn_60,50,0.077,15679.3,128,0
pibgorn_61,1,1.000,8889.45,121,4
pibgorn_61,2,0.538,3324.29,104,1
pibgorn_61,3,0.452,5530.16,113,-18
pibgorn_61,4,0.366,7761.61,119,-31
pibgorn_61,5,0.316,3317.56,104,-3
pibgorn_61,6,0.310,2207.22,97,-8
pibgorn_61,7,0.242,7742.77,119,-35
pibgorn_61,8,0.224,7765.65,119,-30
pibgorn_61,9,0.222,3298.72,104,-12
pibgorn_61,10,0.219,1104.96,85,-6
pibgorn_61,11,0.204,3331.02,104,4
pibgorn_61,12,0.186,1100.92,85,-12
pibgorn_61,13,0.184,7746.81,119,-34
pibgorn_61,14,0.180,3306.79,104,-8
pibgorn_61,15,0.174,3302.76,104,-10
pibgorn_61,16,0.168,7756.23,119,-32
pibgorn_61,17,0.155,2196.45,97,-16
pibgorn_61,18,0.135,5543.62,113,-14
pibgorn_61,19,0.131,2217.99,97,0
pibgorn_61,20,0.129,3335.06,104,7
pibgorn_61,21,0.128,7779.11,119,-27
pibgorn_61,22,0.123,7773.72,119,-28
pibgorn_61,23,0.120,9978.25,123,4
pibgorn_61,24,0.117,7769.69,119,-29
pibgorn_61,25,0.112,1096.88,85,-19
pibgorn_61,26,0.106,3294.68,104,-15
pibgorn_61,27,0.104,2200.49,97,-13
pibgorn_61,28,0.102,3291.99,104,-16
pibgorn_61,29,0.100,7752.19,119,-33
pibgorn_61,30,0.100,2192.42,97,-20
pibgorn_61,31,0.098,2222.03,97,4
pibgorn_61,32,0.093,3339.09,104,9
pibgorn_61,33,0.089,7725.27,119,-39
pibgorn_61,34,0.087,8896.18,121,5
pibgorn_61,35,0.085,5520.74,113,-21
pibgorn_61,36,0.082,5550.35,113,-12
pibgorn_61,37,0.081,4444.05,109,4
pibgorn_61,38,0.080,5534.2,113,-17
pibgorn_61,39,0.076,3310.83,104,-6
pibgorn_61,40,0.076,4427.9,109,-3
pibgorn_61,41,0.073,4438.67,109,1
pibgorn_61,42,0.072,2226.06,97,7
pibgorn_61,43,0.071,5509.98,113,-24
pibgorn_61,44,0.071,7737.39,119,-36
pibgorn_61,45,0.069,9995.75,123,7
pibgorn_61,46,0.069,4415.79,109,-7
pibgorn_61,47,0.068,4435.98,109,0
pibgorn_61,48,0.066,8871.95,121,0
pibgorn_61,49,0.065,3287.95,104,-18
pibgorn_61,50,0.064,9972.87,123,3
pibgorn_62,1,1.000,3522.13,105,1
pibgorn_62,2,0.930,1170.9,86,-6
pibgorn_62,3,0.849,5858.56,114,-18
pibgorn_62,4,0.704,3530.21,105,5
pibgorn_62,5,0.581,8224.59,120,-31
pibgorn_62,6,0.551,8205.75,120,-35
pibgorn_62,7,0.549,3534.24,105,7
pibgorn_62,8,0.491,3526.17,105,3
pibgorn_62,9,0.490,3500.6,105,-10
pibgorn_62,10,0.489,3511.37,105,-4
pibgorn_62,11,0.439,1165.52,86,-14
pibgorn_62,12,0.411,3503.29,105,-8
pibgorn_62,13,0.371,8209.78,120,-34
pibgorn_62,14,0.358,5872.01,114,-14
pibgorn_62,15,0.342,2351.23,98,1
pibgorn_62,16,0.314,9418.37,122,4
pibgorn_62,17,0.300,4705.15,110,2
pibgorn_62,18,0.290,8220.55,120,-32
pibgorn_62,19,0.254,2327,98,-17
pibgorn_62,20,0.242,5850.48,114,-20
pibgorn_62,21,0.239,2355.27,98,4
pibgorn_62,22,0.227,2339.12,98,-8
pibgorn_62,23,0.227,5838.37,114,-24
pibgorn_62,24,0.225,2343.15,98,-5
pibgorn_62,25,0.203,4713.22,110,5
pibgorn_62,26,0.199,3491.18,105,-14
pibgorn_62,27,0.195,8239.39,120,-28
pibgorn_62,28,0.191,8216.51,120,-32
pibgorn_62,29,0.188,3485.79,105,-17
pibgorn_62,30,0.187,3540.97,105,10
pibgorn_62,31,0.175,10578.5,124,5
pibgorn_62,32,0.173,8243.43,120,-27
pibgorn_62,33,0.170,2335.08,98,-11
pibgorn_62,34,0.164,5854.52,114,-19
pibgorn_62,35,0.164,4678.23,110,-8
pibgorn_62,36,0.162,8235.36,120,-28
pibgorn_62,37,0.161,3543.67,105,12
pibgorn_62,38,0.160,3477.72,105,-21
pibgorn_62,39,0.157,7063.11,117,6
pibgorn_62,40,0.154,8186.9,120,-39
pibgorn_62,41,0.152,10575.8,124,5
pibgorn_62,42,0.147,8200.36,120,-36
pibgorn_62,43,0.145,4674.19,110,-9
pibgorn_62,44,0.145,5834.33,114,-25
pibgorn_62,45,0.143,3481.76,105,-19
pibgorn_62,46,0.137,4697.07,110,-1
pibgorn_62,47,0.135,2318.93,98,-23
pibgorn_62,48,0.132,5878.74,114,-12
pibgorn_62,49,0.128,1177.63,86,4
pibgorn_62,50,0.119,10552.9,124,1
pibgorn_63,1,1.000,8729.29,121,-28
pibgorn_63,2,0.755,3730.74,106,1
pibgorn_63,3,0.604,6208.48,115,-18
pibgorn_63,4,0.520,2493.89,99,3
pibgorn_63,5,0.500,6221.94,115,-14
pibgorn_63,6,0.423,2466.97,99,-15
pibgorn_63,7,0.422,3710.55,106,-9
pibgorn_63,8,0.409,2483.12,99,-4
pibgorn_63,9,0.400,1235.51,87,-13
pibgorn_63,10,0.390,3722.67,106,-3
pibgorn_63,11,0.343,3718.63,106,-5
pibgorn_63,12,0.341,9979.6,123,4
pibgorn_63,13,0.319,2497.93,99,6
pibgorn_63,14,0.306,3744.2,106,7
pibgorn_63,15,0.305,3737.47,106,4
pibgorn_63,16,0.295,1239.54,87,-7
pibgorn_63,17,0.281,3706.52,106,-11
pibgorn_63,18,0.272,8710.45,121,-31
pibgorn_63,19,0.224,8749.48,121,-24
pibgorn_63,20,0.211,2462.94,99,-18
pibgorn_63,21,0.199,7485.71,118,6
pibgorn_63,22,0.195,2458.9,99,-21
pibgorn_63,23,0.174,1243.58,87,-1
pibgorn_63,24,0.167,3701.13,106,-13
pibgorn_63,25,0.165,2501.97,99,9
pibgorn_63,26,0.157,2471.01,99,-13
pibgorn_63,27,0.146,8736.02,121,-26
pibgorn_63,28,0.146,6217.9,115,-15
pibgorn_63,29,0.143,8706.41,121,-32
pibgorn_63,30,0.141,2475.05,99,-10
pibgorn_63,31,0.136,3748.24,106,9
pibgorn_63,32,0.125,6186.95,115,-24
pibgorn_63,33,0.122,7481.67,118,5
pibgorn_63,34,0.119,6182.91,115,-25
pibgorn_63,35,0.116,6197.71,115,-21
pibgorn_63,36,0.114,2477.74,99,-8
pibgorn_63,37,0.114,7470.9,118,3
pibgorn_63,38,0.111,3697.09,106,-15
pibgorn_63,39,0.106,6213.86,115,-16
pibgorn_63,40,0.105,4954.13,111,-8
pibgorn_63,41,0.105,6192.33,115,-22
pibgorn_63,42,0.102,4970.28,111,-3
pibgorn_63,43,0.099,3752.28,106,11
pibgorn_63,44,0.097,8715.83,121,-30
pibgorn_63,45,0.094,3691.71,106,-18
pibgorn_63,46,0.093,1247.62,87,4
pibgorn_63,47,0.092,6178.87,115,-26
pibgorn_63,48,0.085,13657.9,128,0
pibgorn_63,49,0.082,8719.87,121,-30
pibgorn_63,50,0.082,6228.67,115,-12
pibgorn_64,1,1.000,2639.24,100,1
pibgorn_64,2,0.843,1314.91,88,-5
pibgorn_64,3,0.580,2643.28,100,4
pibgorn_64,4,0.481,5285.22,112,4
pibgorn_64,5,0.475,2631.17,100,-4
pibgorn_64,6,0.319,1309.53,88,-12
pibgorn_64,7,0.315,3955.5,107,2
pibgorn_64,8,0.271,6577.25,116,-18
pibgorn_64,9,0.255,2627.13,100,-7
pibgorn_64,10,0.253,3947.43,107,-2
pibgorn_64,11,0.230,2616.36,100,-14
pibgorn_64,12,0.225,3951.46,107,0
pibgorn_64,13,0.198,5291.95,112,6
pibgorn_64,14,0.196,2647.32,100,7
pibgorn_64,15,0.193,2612.33,100,-16
pibgorn_64,16,0.187,1305.49,88,-17
pibgorn_64,17,0.185,2623.09,100,-9
pibgorn_64,18,0.184,6592.05,116,-14
pibgorn_64,19,0.178,5271.76,112,-1
pibgorn_64,20,0.171,5263.68,112,-3
pibgorn_64,21,0.161,7928.5,119,6
pibgorn_64,22,0.148,3960.88,107,4
pibgorn_64,23,0.144,2651.36,100,9
pibgorn_64,24,0.142,3943.39,107,-3
pibgorn_64,25,0.134,3927.24,107,-10
pibgorn_64,26,0.133,3935.31,107,-7
pibgorn_64,27,0.124,10571.8,124,4
pibgorn_64,28,0.115,5277.14,112,1
pibgorn_64,29,0.113,1320.29,88,2
pibgorn_64,30,0.105,3964.92,107,6
pibgorn_64,31,0.099,5251.57,112,-7
pibgorn_64,32,0.099,9227.26,122,-32
pibgorn_64,33,0.081,3939.35,107,-5
pibgorn_64,34,0.074,5256.95,112,-6
pibgorn_64,35,0.072,11870.5,126,4
pibgorn_64,36,0.072,5248.88,112,-8
pibgorn_64,37,0.072,9250.14,122,-27
pibgorn_64,38,0.065,11843.6,126,1
pibgorn_64,39,0.064,1325.68,88,9
pibgorn_64,40,0.063,2604.25,100,-22
pibgorn_64,41,0.061,2655.39,100,12
pibgorn_64,42,0.060,7935.23,119,7
pibgorn_64,43,0.058,3968.96,107,8
pibgorn_64,44,0.058,6581.29,116,-17
pibgorn_64,45,0.058,6570.52,116,-19
pibgorn_64,46,0.058,6547.64,116,-26
pibgorn_64,47,0.058,6583.98,116,-16
pibgorn_64,48,0.054,9246.1,122,-28
pibgorn_64,49,0.053,11873.2,126,5
pibgorn_64,50,0.053,6561.1,116,-22
pibgorn_65,1,1.000,1395.66,89,-2
pibgorn_65,2,0.980,5600.15,113,4
pibgorn_65,3,0.913,9777.72,123,-31
pibgorn_65,4,0.808,6968.9,117,-18
pibgorn_65,5,0.752,1392.97,89,-5
pibgorn_65,6,0.735,4188.34,108,1
pibgorn_65,7,0.606,1387.59,89,-12
pibgorn_65,8,0.569,2783.25,101,-7
pibgorn_65,9,0.557,9800.6,123,-27
pibgorn_65,10,0.548,2798.06,101,3
pibgorn_65,11,0.525,2787.29,101,-4
pibgorn_65,12,0.508,2767.1,101,-17
pibgorn_65,13,0.501,2802.09,101,5
pibgorn_65,14,0.484,2779.21,101,-9
pibgorn_65,15,0.483,6985.05,117,-14
pibgorn_65,16,0.465,2769.79,101,-15
pibgorn_65,17,0.425,4178.91,108,-3
pibgorn_65,18,0.422,8400.9,120,6
pibgorn_65,19,0.374,4184.3,108,-1
pibgorn_65,20,0.365,1383.55,89,-17
pibgorn_65,21,0.364,5586.69,113,0
pibgorn_65,22,0.364,2763.06,101,-19
pibgorn_65,23,0.344,4164.11,108,-9
pibgorn_65,24,0.312,2759.03,101,-22
pibgorn_65,25,0.300,4168.15,108,-7
pibgorn_65,26,0.296,4197.76,108,5
pibgorn_65,27,0.274,9787.14,123,-30
pibgorn_65,28,0.267,5566.5,113,-7
pibgorn_65,29,0.256,2806.13,101,8
pibgorn_65,30,0.248,4160.07,108,-11
pibgorn_65,31,0.247,4193.72,108,3
pibgorn_65,32,0.226,9761.57,123,-34
pibgorn_65,33,0.210,5578.62,113,-3
pibgorn_65,34,0.207,2754.99,101,-24
pibgorn_65,35,0.206,9754.84,123,-35
pibgorn_65,36,0.206,9769.64,123,-33
pibgorn_65,37,0.194,9783.1,123,-30
pibgorn_65,38,0.190,4204.49,108,8
pibgorn_65,39,0.187,11200.3,125,4
pibgorn_65,40,0.184,6951.4,117,-22
pibgorn_65,41,0.184,4208.52,108,9
pibgorn_65,42,0.163,9796.56,123,-28
pibgorn_65,43,0.161,6954.09,117,-21
pibgorn_65,44,0.161,2810.17,101,10
pibgorn_65,45,0.159,5562.47,113,-8
pibgorn_65,46,0.155,9823.48,123,-23
pibgorn_65,47,0.150,5570.54,113,-5
pibgorn_65,48,0.144,6962.17,117,-19
pibgorn_65,49,0.144,9805.98,123,-26
pibgorn_65,50,0.140,5613.61,113,8
pibgorn_66,1,1.000,1475.07,90,-6
pibgorn_66,2,0.889,1479.11,90,-1
pibgorn_66,3,0.841,2944.76,102,-9
pibgorn_66,4,0.813,1471.03,90,-10
pibgorn_66,5,0.656,8900.21,121,6
pibgorn_66,6,0.656,4438.67,109,1
pibgorn_66,7,0.617,2966.29,102,4
pibgorn_66,8,0.606,2962.25,102,1
pibgorn_66,9,0.565,2968.98,102,5
pibgorn_66,10,0.532,5933.92,114,4
pibgorn_66,11,0.524,5931.23,114,3
pibgorn_66,12,0.515,4449.43,109,6
pibgorn_66,13,0.506,2940.72,102,-11
pibgorn_66,14,0.505,2938.03,102,-13
pibgorn_66,15,0.440,2932.64,102,-16
pibgorn_66,16,0.407,2956.87,102,-2
pibgorn_66,17,0.382,2928.6,102,-18
pibgorn_66,18,0.359,2948.79,102,-7
pibgorn_66,19,0.353,4434.63,109,0
pibgorn_66,20,0.296,7383.42,118,-18
pibgorn_66,21,0.289,2952.83,102,-4
pibgorn_66,22,0.274,7399.57,118,-14
pibgorn_66,23,0.264,2924.57,102,-21
pibgorn_66,24,0.230,5927.2,114,2
pibgorn_66,25,0.226,2920.53,102,-23
pibgorn_66,26,0.214,5919.12,114,0
pibgorn_66,27,0.209,4409.06,109,-10
pibgorn_66,28,0.198,4413.1,109,-9
pibgorn_66,29,0.197,4426.55,109,-3
pibgorn_66,30,0.196,4429.25,109,-2
pibgorn_66,31,0.185,5892.2,114,-8
pibgorn_66,32,0.180,4422.52,109,-5
pibgorn_66,33,0.171,2975.71,102,9
pibgorn_66,34,0.159,10352.4,124,-32
pibgorn_66,35,0.153,1485.84,90,7
pibgorn_66,36,0.150,5921.81,114,1
pibgorn_66,37,0.146,1462.96,90,-20
pibgorn_66,38,0.141,5904.32,114,-5
pibgorn_66,39,0.136,5911.04,114,-3
pibgorn_66,40,0.132,10360.5,124,-31
pibgorn_66,41,0.124,10376.6,124,-28
pibgorn_66,42,0.122,10357.8,124,-32
pibgorn_66,43,0.121,4398.29,109,-14
pibgorn_66,44,0.119,11865.2,126,4
pibgorn_66,45,0.107,1489.87,90,12
pibgorn_66,46,0.105,10367.2,124,-30
pibgorn_66,47,0.104,13321.4,128,0
pibgorn_66,48,0.104,8888.1,121,4
pibgorn_66,49,0.103,5898.93,114,-6
pibgorn_66,50,0.099,5867.98,114,-15
pibgorn_67,1,1.000,1562.55,91,-6
pibgorn_67,2,0.611,1567.93,91,0
pibgorn_67,3,0.605,1558.51,91,-10
pibgorn_67,4,0.544,3142.6,103,4
pibgorn_67,5,0.539,4703.8,110,2
pibgorn_67,6,0.444,7822.17,119,-18
pibgorn_67,7,0.394,3131.83,103,-2
pibgorn_67,8,0.339,6286.54,115,4
pibgorn_67,9,0.338,4699.77,110,0
pibgorn_67,10,0.325,1571.97,91,4
pibgorn_67,11,0.303,4714.57,110,6
pibgorn_67,12,0.283,7841.02,119,-13
pibgorn_67,13,0.282,3146.64,103,6
pibgorn_67,14,0.279,4693.04,110,-2
pibgorn_67,15,0.271,3121.06,103,-8
pibgorn_67,16,0.270,3118.37,103,-10
pibgorn_67,17,0.261,4710.53,110,4
pibgorn_67,18,0.260,3125.1,103,-6
pibgorn_67,19,0.239,9429.14,122,6
pibgorn_67,20,0.236,3114.33,103,-12
pibgorn_67,21,0.215,4672.85,110,-10
pibgorn_67,22,0.201,3103.57,103,-18
pibgorn_67,23,0.189,1576.01,91,9
pibgorn_67,24,0.181,3108.95,103,-15
pibgorn_67,25,0.170,3099.53,103,-20
pibgorn_67,26,0.165,4676.89,110,-8
pibgorn_67,27,0.157,10975.5,125,-31
pibgorn_67,28,0.151,4719.95,110,8
pibgorn_67,29,0.143,4680.92,110,-7
pibgorn_67,30,0.142,4684.96,110,-5
pibgorn_67,31,0.137,3150.67,103,8
pibgorn_67,32,0.132,6281.16,115,3
pibgorn_67,33,0.124,1580.05,91,13
pibgorn_67,34,0.124,10950,125,-35
pibgorn_67,35,0.118,3154.71,103,10
pibgorn_67,36,0.105,12573.1,127,4
pibgorn_67,37,0.103,3095.49,103,-22
pibgorn_67,38,0.092,4723.99,110,9
pibgorn_67,39,0.086,4668.81,110,-11
pibgorn_67,40,0.078,6274.43,115,1
pibgorn_67,41,0.076,6270.39,115,0
pibgorn_67,42,0.076,4662.08,110,-14
pibgorn_67,43,0.073,7804.68,119,-21
pibgorn_67,44,0.070,1584.08,91,18
pibgorn_67,45,0.069,1546.4,91,-24
pibgorn_67,46,0.068,6246.17,115,-7
pibgorn_67,47,0.067,1542.36,91,-29
pibgorn_67,48,0.064,6266.35,115,-2
pibgorn_67,49,0.063,6262.32,115,-3
pibgorn_67,50,0.060,6258.28,115,-4
pibgorn_68,1,1.000,14967.4,128,0
pibgorn_68,2,0.900,1656.76,92,-5
pibgorn_68,3,0.685,1652.72,92,-9
pibgorn_68,4,0.637,16651.1,128,0
pibgorn_68,5,0.592,13320,128,0
pibgorn_68,6,0.546,18231.1,128,0
pibgorn_68,7,0.450,14949.9,128,0
pibgorn_68,8,0.367,3326.98,104,2
pibgorn_68,9,0.330,14984.9,128,0
pibgorn_68,10,0.306,15002.4,128,0
pibgorn_68,11,0.285,1648.69,92,-13
pibgorn_68,12,0.259,3322.94,104,0
pibgorn_68,13,0.250,3298.72,104,-12
pibgorn_68,14,0.230,3310.83,104,-6
pibgorn_68,15,0.216,1663.49,92,2
pibgorn_68,16,0.211,3302.76,104,-10
pibgorn_68,17,0.211,3331.02,104,4
pibgorn_68,18,0.179,14962,128,0
pibgorn_68,19,0.176,15019.9,128,0
pibgorn_68,20,0.176,13316,128,0
pibgorn_68,21,0.166,11618.9,126,-33
pibgorn_68,22,0.161,14953.9,128,0
pibgorn_68,23,0.143,11628.3,126,-31
pibgorn_68,24,0.140,18251.3,128,0
pibgorn_68,25,0.131,14958,128,0
pibgorn_68,26,0.128,3305.45,104,-9
pibgorn_68,27,0.125,3294.68,104,-15
pibgorn_68,28,0.116,11614.8,126,-33
pibgorn_68,29,0.108,11633.7,126,-30
pibgorn_68,30,0.098,4958.17,111,-7
pibgorn_68,31,0.098,13306.6,128,0
pibgorn_68,32,0.093,16656.4,128,0
pibgorn_68,33,0.091,16644.3,128,0
pibgorn_68,34,0.088,4967.59,111,-4
pibgorn_68,35,0.087,4960.86,111,-6
pibgorn_68,36,0.086,14998.3,128,0
pibgorn_68,37,0.084,4974.32,111,-1
pibgorn_68,38,0.084,18237.8,128,0
pibgorn_68,39,0.083,15037.4,128,0
pibgorn_68,40,0.081,6659.35,116,4
pibgorn_68,41,0.080,13325.4,128,0
pibgorn_68,42,0.080,14944.5,128,0
pibgorn_68,43,0.080,18209.6,128,0
pibgorn_68,44,0.079,19980.7,128,0
pibgorn_68,45,0.079,4947.4,111,-11
pibgorn_68,46,0.079,6655.31,116,3
pibgorn_68,47,0.078,8297.27,120,-16
pibgorn_68,48,0.077,1640.61,92,-22
pibgorn_68,49,0.075,14980.8,128,0
pibgorn_68,50,0.075,8277.08,120,-20
pibgorn_69,1,1.000,1759.05,93,-1
pibgorn_69,2,0.846,1753.66,93,-6
pibgorn_69,3,0.627,15873.1,128,0
pibgorn_69,4,0.571,3523.48,105,2
pibgorn_69,5,0.543,15854.3,128,0
pibgorn_69,6,0.495,14112.8,128,0
pibgorn_69,7,0.415,5277.14,112,1
pibgorn_69,8,0.403,3527.52,105,4
pibgorn_69,9,0.359,3516.75,105,-2
pibgorn_69,10,0.335,1764.43,93,4
pibgorn_69,11,0.326,5282.53,112,3
pibgorn_69,12,0.305,17640.3,128,0
pibgorn_69,13,0.293,5263.68,112,-3
pibgorn_69,14,0.285,3508.67,105,-6
pibgorn_69,15,0.284,15892,128,0
pibgorn_69,16,0.276,3504.64,105,-8
pibgorn_69,17,0.257,5270.41,112,-1
pibgorn_69,18,0.243,12309.3,127,-33
pibgorn_69,19,0.241,5286.56,112,4
pibgorn_69,20,0.177,5259.65,112,-5
pibgorn_69,21,0.159,19314.5,128,0
pibgorn_69,22,0.156,5250.22,112,-8
pibgorn_69,23,0.152,15836.8,128,0
pibgorn_69,24,0.147,12322.8,127,-31
pibgorn_69,25,0.126,3497.91,105,-11
pibgorn_69,26,0.126,15877.2,128,0
pibgorn_69,27,0.119,5243.49,112,-10
pibgorn_69,28,0.109,5247.53,112,-9
pibgorn_69,29,0.109,5254.26,112,-7
pibgorn_69,30,0.107,5240.8,112,-11
pibgorn_69,31,0.097,1771.16,93,11
pibgorn_69,32,0.092,5295.98,112,7
pibgorn_69,33,0.086,3491.18,105,-14
pibgorn_69,34,0.084,3495.21,105,-12
pibgorn_69,35,0.081,5236.77,112,-12
pibgorn_69,36,0.081,8779.09,121,-18
pibgorn_69,37,0.078,12281,127,-37
pibgorn_69,38,0.077,5232.73,112,-14
pibgorn_69,39,0.075,15909.5,128,0
pibgorn_69,40,0.074,15861,128,0
pibgorn_69,41,0.074,5291.95,112,6
pibgorn_69,42,0.073,15881.2,128,0
pibgorn_69,43,0.069,21169.1,128,0
pibgorn_69,44,0.065,15897.4,128,0
pibgorn_69,45,0.062,8785.81,121,-16
pibgorn_69,46,0.062,1776.54,93,16
pibgorn_69,47,0.060,15865.1,128,0
pibgorn_69,48,0.060,12305.3,127,-33
pibgorn_69,49,0.057,12301.2,127,-34
pibgorn_69,50,0.057,8788.51,121,-16
pibgorn_70,1,1.000,16791,128,0
pibgorn_70,2,0.983,14943.2,128,0
pibgorn_70,3,0.906,16811.2,128,0
pibgorn_70,4,0.550,16830.1,128,0
pibgorn_70,5,0.391,1859.99,94,-4
pibgorn_70,6,0.317,5594.77,113,2
pibgorn_70,7,0.302,5575.92,113,-4
pibgorn_70,8,0.240,16772.2,128,0
pibgorn_70,9,0.231,3733.43,106,2
pibgorn_70,10,0.227,16795.1,128,0
pibgorn_70,11,0.208,16850.2,128,0
pibgorn_70,12,0.198,3721.32,106,-4
pibgorn_70,13,0.186,14947.2,128,0
pibgorn_70,14,0.180,5581.31,113,-2
pibgorn_70,15,0.177,1864.02,94,-1
pibgorn_70,16,0.172,14939.1,128,0
pibgorn_70,17,0.162,3705.17,106,-11
pibgorn_70,18,0.162,5586.69,113,0
pibgorn_70,19,0.161,3707.86,106,-10
pibgorn_70,20,0.160,13053.6,128,-31
pibgorn_70,21,0.153,13046.8,128,-32
pibgorn_70,22,0.153,1851.91,94,-12
pibgorn_70,23,0.149,5570.54,113,-5
pibgorn_70,24,0.149,13033.4,128,-34
pibgorn_70,25,0.148,16785.6,128,0
pibgorn_70,26,0.148,16803.1,128,0
pibgorn_70,27,0.141,16799.1,128,0
pibgorn_70,28,0.139,5565.16,113,-7
pibgorn_70,29,0.137,3740.16,106,5
pibgorn_70,30,0.124,13036.1,128,-33
pibgorn_70,31,0.122,14951.2,128,0
pibgorn_70,32,0.115,5555.74,113,-10
pibgorn_70,33,0.113,5601.5,113,4
pibgorn_70,34,0.109,13041.4,128,-33
pibgorn_70,35,0.103,1846.53,94,-17
pibgorn_70,36,0.102,3711.9,106,-8
pibgorn_70,37,0.097,3694.4,106,-16
pibgorn_70,38,0.097,13029.3,128,-34
pibgorn_70,39,0.094,13026.6,128,-35
pibgorn_70,40,0.089,16777.6,128,0
pibgorn_70,41,0.089,20451.8,128,0
pibgorn_70,42,0.087,13022.6,128,-35
pibgorn_70,43,0.084,13060.3,128,-30
pibgorn_70,44,0.079,12999.7,128,-38
pibgorn_70,45,0.078,3687.67,106,-19
pibgorn_70,46,0.076,13063,128,-30
pibgorn_70,47,0.076,16781.6,128,0
pibgorn_70,48,0.074,14931,128,0
pibgorn_70,49,0.073,7472.25,118,3
pibgorn_70,50,0.071,3701.13,106,-13
pibgorn_71,1,1.000,17820.6,128,0
pibgorn_71,2,0.932,15840.8,128,0
pibgorn_71,3,0.804,17799.1,128,0
pibgorn_71,4,0.379,17840.8,128,0
pibgorn_71,5,0.367,1971.69,95,-3
pibgorn_71,6,0.300,5916.43,114,-1
pibgorn_71,7,0.299,13814,128,0
pibgorn_71,8,0.280,5927.2,114,2
pibgorn_71,9,0.278,5909.7,114,-3
pibgorn_71,10,0.266,5931.23,114,3
pibgorn_71,11,0.225,1975.73,95,0
pibgorn_71,12,0.222,5904.32,114,-5
pibgorn_71,13,0.215,13840.9,128,0
pibgorn_71,14,0.203,17804.5,128,0
pibgorn_71,15,0.199,17778.9,128,0
pibgorn_71,16,0.191,15836.8,128,0
pibgorn_71,17,0.186,13823.4,128,0
pibgorn_71,18,0.181,5936.62,114,5
pibgorn_71,19,0.178,5920.47,114,0
pibgorn_71,20,0.176,17815.2,128,0
pibgorn_71,21,0.176,19800.4,128,0
pibgorn_71,22,0.174,13830.1,128,0
pibgorn_71,23,0.163,15844.9,128,0
pibgorn_71,24,0.152,3958.19,107,3
pibgorn_71,25,0.147,17811.2,128,0
pibgorn_71,26,0.147,3954.16,107,1
pibgorn_71,27,0.138,13834.2,128,0
pibgorn_71,28,0.135,13846.3,128,0
pibgorn_71,29,0.131,1963.62,95,-10
pibgorn_71,30,0.130,13807.2,128,0
pibgorn_71,31,0.128,21680.6,128,0
pibgorn_71,32,0.127,3946.08,107,-2
pibgorn_71,33,0.124,5898.93,114,-6
pibgorn_71,34,0.123,7921.77,119,4
pibgorn_71,35,0.122,3931.28,107,-9
pibgorn_71,36,0.116,3962.23,107,5
pibgorn_71,37,0.116,13799.2,128,0
pibgorn_71,38,0.116,17861,128,0
pibgorn_71,39,0.116,1959.58,95,-14
pibgorn_71,40,0.106,19805.8,128,0
pibgorn_71,41,0.098,5880.09,114,-12
pibgorn_71,42,0.098,7917.73,119,3
pibgorn_71,43,0.097,13781.7,128,0
pibgorn_71,44,0.096,15832.8,128,0
pibgorn_71,45,0.096,5884.13,114,-10
pibgorn_71,46,0.094,5888.16,114,-9
pibgorn_71,47,0.094,13789.7,128,0
pibgorn_71,48,0.092,15827.4,128,0
pibgorn_71,49,0.086,3927.24,107,-10
pibgorn_71,50,0.086,5892.2,114,-8
pibgorn_72,1,1.000,2090.13,96,-2
pibgorn_72,2,0.883,2092.82,96,0
pibgorn_72,3,0.727,2082.06,96,-9
pibgorn_72,4,0.712,2076.67,96,-14
pibgorn_72,5,0.681,2086.09,96,-6
pibgorn_72,6,0.396,2072.63,96,-17
pibgorn_72,7,0.360,14761.5,128,0
pibgorn_72,8,0.296,16900,128,0
pibgorn_72,9,0.291,21155.7,128,0
pibgorn_72,10,0.285,6277.12,115,1
pibgorn_72,11,0.252,14620.1,128,0
pibgorn_72,12,0.239,14630.9,128,0
pibgorn_72,13,0.226,16894.7,128,0
pibgorn_72,14,0.219,6262.32,115,-3
pibgorn_72,15,0.209,14613.4,128,0
pibgorn_72,16,0.207,14626.9,128,0
pibgorn_72,17,0.202,16889.3,128,0
pibgorn_72,18,0.201,21143.6,128,0
pibgorn_72,19,0.200,2068.6,96,-20
pibgorn_72,20,0.199,16910.8,128,0
pibgorn_72,21,0.190,14606.7,128,0
pibgorn_72,22,0.186,18951.1,128,0
pibgorn_72,23,0.182,16904.1,128,0
pibgorn_72,24,0.178,21161.1,128,0
pibgorn_72,25,0.175,16885.2,128,0
pibgorn_72,26,0.166,14640.3,128,0
pibgorn_72,27,0.163,6240.78,115,-9
pibgorn_72,28,0.162,6271.74,115,0
pibgorn_72,29,0.160,6255.59,115,-5
pibgorn_72,30,0.154,21167.8,128,0
pibgorn_72,31,0.146,6238.09,115,-9
pibgorn_72,32,0.144,21147.6,128,0
pibgorn_72,33,0.144,14643,128,0
pibgorn_72,34,0.135,6258.28,115,-4
pibgorn_72,35,0.134,6267.7,115,-1
pibgorn_72,36,0.130,14756.1,128,0
pibgorn_72,37,0.129,6247.51,115,-7
pibgorn_72,38,0.129,6251.55,115,-6
pibgorn_72,39,0.128,16916.2,128,0
pibgorn_72,40,0.124,4164.11,108,-9
pibgorn_72,41,0.118,2064.56,96,-24
pibgorn_72,42,0.115,14563.6,128,0
pibgorn_72,43,0.115,21151.6,128,0
pibgorn_72,44,0.109,8380.71,120,2
pibgorn_72,45,0.105,21182.6,128,0
pibgorn_72,46,0.096,18955.2,128,0
pibgorn_72,47,0.094,4172.19,108,-6
pibgorn_72,48,0.094,21174.5,128,0
pibgorn_72,49,0.094,4156.04,108,-12
pibgorn_72,50,0.093,8384.75,120,3
sprightly_fiddle_36,1,1.000,129.203,48,-21
sprightly_fiddle_36,2,0.951,261.098,60,-3
sprightly_fiddle_36,3,0.346,394.339,67,10
sprightly_fiddle_36,4,0.130,522.196,72,-3
sprightly_fiddle_36,5,0.127,123.82,47,5
sprightly_fiddle_36,6,0.124,135.932,49,-34
sprightly_fiddle_36,7,0.106,526.234,72,10
sprightly_fiddle_36,8,0.079,139.97,49,17
sprightly_fiddle_36,9,0.075,119.782,46,47
sprightly_fiddle_36,10,0.074,388.955,67,-13
sprightly_fiddle_36,11,0.063,278.594,61,9
sprightly_fiddle_36,12,0.054,244.948,59,-14
sprightly_fiddle_36,13,0.053,144.008,50,-34
sprightly_fiddle_36,14,0.052,115.744,46,-12
sprightly_fiddle_36,15,0.051,282.632,61,34
sprightly_fiddle_37,1,1.000,137.278,49,-16
sprightly_fiddle_37,2,0.865,275.903,61,-8
sprightly_fiddle_37,3,0.324,417.219,68,8
sprightly_fiddle_37,4,0.162,133.241,48,32
sprightly_fiddle_37,5,0.118,553.151,73,-4
sprightly_fiddle_37,6,0.101,557.189,73,9
sprightly_fiddle_37,7,0.087,145.354,50,-18
sprightly_fiddle_37,8,0.086,129.203,48,-21
sprightly_fiddle_37,9,0.077,262.444,60,5
sprightly_fiddle_37,10,0.075,290.707,62,-18
sprightly_fiddle_37,11,0.063,411.835,68,-15
sprightly_fiddle_37,12,0.059,123.82,47,5
sprightly_fiddle_37,13,0.059,149.391,50,30
sprightly_fiddle_38,1,1.000,145.354,50,-18
sprightly_fiddle_38,2,0.846,292.053,62,-10
sprightly_fiddle_38,3,0.307,441.444,69,6
sprightly_fiddle_38,4,0.112,585.452,74,-6
sprightly_fiddle_38,5,0.111,589.489,74,6
sprightly_fiddle_38,6,0.075,157.466,51,21
sprightly_fiddle_38,7,0.068,135.932,49,-34
sprightly_fiddle_38,8,0.067,277.248,61,0
sprightly_fiddle_38,9,0.060,437.407,69,-10
sprightly_fiddle_38,10,0.053,308.203,63,-16
sprightly_fiddle_39,1,1.000,154.775,51,-9
sprightly_fiddle_39,2,0.840,310.895,63,-1
sprightly_fiddle_39,3,0.325,468.361,70,8
sprightly_fiddle_39,4,0.121,621.79,75,-1
sprightly_fiddle_39,5,0.098,624.482,75,6
sprightly_fiddle_39,6,0.080,164.196,52,-7
sprightly_fiddle_39,7,0.061,464.324,70,-7
sprightly_fiddle_39,8,0.061,168.233,52,36
sprightly_fiddle_39,9,0.057,142.662,50,-50
sprightly_fiddle_40,1,1.000,164.196,52,-7
sprightly_fiddle_40,2,0.938,328.391,64,-7
sprightly_fiddle_40,3,0.316,496.625,71,10
sprightly_fiddle_40,4,0.135,169.579,52,49
sprightly_fiddle_40,5,0.132,658.129,76,-3
sprightly_fiddle_40,6,0.118,157.466,51,21
sprightly_fiddle_40,7,0.109,662.166,76,8
sprightly_fiddle_40,8,0.078,173.617,53,-10
sprightly_fiddle_40,9,0.073,491.241,71,-9
sprightly_fiddle_40,10,0.072,153.429,51,-24
sprightly_fiddle_40,11,0.070,343.196,65,-30
sprightly_fiddle_40,12,0.055,149.391,50,30
sprightly_fiddle_40,13,0.052,177.654,53,30
sprightly_fiddle_40,14,0.051,352.617,65,17
sprightly_fiddle_41,1,1.000,173.617,53,-10
sprightly_fiddle_41,2,0.850,348.579,65,-3
sprightly_fiddle_41,3,0.315,524.888,72,5
sprightly_fiddle_41,4,0.171,177.654,53,30
sprightly_fiddle_41,5,0.115,697.159,77,-3
sprightly_fiddle_41,6,0.096,701.196,77,7
sprightly_fiddle_41,7,0.093,165.542,52,8
sprightly_fiddle_41,8,0.082,336.467,64,36
sprightly_fiddle_41,9,0.081,181.692,54,-31
sprightly_fiddle_41,10,0.066,161.504,52,-35
sprightly_fiddle_41,11,0.064,519.504,72,-12
sprightly_fiddle_41,12,0.057,362.038,66,-38
sprightly_fiddle_41,13,0.052,185.73,54,7
sprightly_fiddle_41,14,0.050,157.466,51,21
sprightly_fiddle_42,1,1.000,184.384,54,-6
sprightly_fiddle_42,2,0.907,368.767,66,-6
sprightly_fiddle_42,3,0.318,557.189,73,9
sprightly_fiddle_42,4,0.126,738.881,78,-3
sprightly_fiddle_42,5,0.108,177.654,53,30
sprightly_fiddle_42,6,0.103,742.918,78,7
sprightly_fiddle_42,7,0.085,193.805,55,-19
sprightly_fiddle_42,8,0.064,197.842,55,16
sprightly_fiddle_42,9,0.064,173.617,53,-10
sprightly_fiddle_42,10,0.062,551.805,73,-8
sprightly_fiddle_42,11,0.051,201.88,56,-49
sprightly_fiddle_43,1,1.000,195.151,55,-7
sprightly_fiddle_43,2,0.860,391.647,67,-2
sprightly_fiddle_43,3,0.328,589.489,74,6
sprightly_fiddle_43,4,0.122,783.294,79,-2
sprightly_fiddle_43,5,0.100,785.986,79,4
sprightly_fiddle_43,6,0.087,187.075,54,19
sprightly_fiddle_43,7,0.082,203.226,56,-37
sprightly_fiddle_43,8,0.061,585.452,74,-6
sprightly_fiddle_43,9,0.059,207.263,56,-3
sprightly_fiddle_43,10,0.058,183.038,54,-18
sprightly_fiddle_44,1,1.000,414.527,68,-3
sprightly_fiddle_44,2,0.870,205.918,56,-15
sprightly_fiddle_44,3,0.326,624.482,75,6
sprightly_fiddle_44,4,0.135,833.091,80,5
sprightly_fiddle_44,5,0.121,200.534,55,40
sprightly_fiddle_44,6,0.119,829.054,80,-3
sprightly_fiddle_44,7,0.115,212.647,56,41
sprightly_fiddle_44,8,0.071,196.496,55,4
sprightly_fiddle_44,9,0.070,216.684,57,-26
sprightly_fiddle_44,10,0.068,620.444,75,-5
sprightly_fiddle_44,11,0.052,192.459,55,-32
sprightly_fiddle_45,1,1.000,441.444,69,6
sprightly_fiddle_45,2,0.909,219.376,57,-5
sprightly_fiddle_45,3,0.439,884.234,81,8
sprightly_fiddle_45,4,0.306,663.512,76,11
sprightly_fiddle_45,5,0.275,429.331,69,-42
sprightly_fiddle_45,6,0.204,1104.96,85,-6
sprightly_fiddle_45,7,0.179,877.505,81,-5
sprightly_fiddle_45,8,0.169,1328.37,88,13
sprightly_fiddle_45,9,0.152,1111.69,85,5
sprightly_fiddle_45,10,0.140,1322.99,88,6
sprightly_fiddle_45,11,0.117,469.707,70,13
sprightly_fiddle_45,12,0.111,2207.22,97,-8
sprightly_fiddle_45,13,0.085,483.166,71,-38
sprightly_fiddle_45,14,0.077,2226.06,97,7
sprightly_fiddle_45,15,0.071,493.933,71,0
sprightly_fiddle_45,16,0.068,207.263,56,-3
sprightly_fiddle_45,17,0.059,1084.77,85,-38
sprightly_fiddle_45,18,0.057,203.226,56,-37
sprightly_fiddle_45,19,0.057,1308.18,88,-14
sprightly_fiddle_45,20,0.057,12.1128,7,-19
sprightly_fiddle_45,21,0.057,395.685,67,16
sprightly_fiddle_45,22,0.056,391.647,67,-2
sprightly_fiddle_45,23,0.054,1545.05,91,-25
sprightly_fiddle_45,24,0.053,1559.86,91,-9
sprightly_fiddle_45,25,0.052,511.429,72,-40
sprightly_fiddle_45,26,0.052,516.813,72,-21
sprightly_fiddle_46,1,1.000,467.016,70,3
sprightly_fiddle_46,2,0.995,232.835,58,-2
sprightly_fiddle_46,3,0.342,236.872,58,28
sprightly_fiddle_46,4,0.333,703.888,77,13
sprightly_fiddle_46,5,0.258,456.249,70,-37
sprightly_fiddle_46,6,0.249,936.723,82,8
sprightly_fiddle_46,7,0.124,1407.78,89,13
sprightly_fiddle_46,8,0.073,429.331,69,-42
sprightly_fiddle_46,9,0.066,502.008,71,28
sprightly_fiddle_46,10,0.059,261.098,60,-3
sprightly_fiddle_46,11,0.057,2574.64,100,-41
sprightly_fiddle_46,12,0.053,265.136,60,23
sprightly_fiddle_46,13,0.053,413.181,68,-9
sprightly_fiddle_46,14,0.051,269.173,60,49
sprightly_fiddle_47,1,1.000,248.985,59,14
sprightly_fiddle_47,2,0.178,500.662,71,24
sprightly_fiddle_47,3,0.170,496.625,71,10
sprightly_fiddle_47,4,0.104,752.339,78,29
sprightly_fiddle_48,1,1.000,262.444,60,5
sprightly_fiddle_48,2,0.280,522.196,72,-3
sprightly_fiddle_48,3,0.136,792.715,79,19
sprightly_fiddle_48,4,0.070,288.015,62,-34
sprightly_fiddle_48,5,0.056,238.218,58,38
sprightly_fiddle_48,6,0.053,296.091,62,14
sprightly_fiddle_48,7,0.051,551.805,73,-8
sprightly_fiddle_49,1,1.000,278.594,61,9
sprightly_fiddle_49,2,0.284,561.226,73,21
sprightly_fiddle_49,3,0.121,839.821,80,19
sprightly_fiddle_49,4,0.098,270.519,61,-42
sprightly_fiddle_49,5,0.068,292.053,62,-10
sprightly_fiddle_49,6,0.065,1122.45,85,21
sprightly_fiddle_49,7,0.056,2247.6,97,23
sprightly_fiddle_49,8,0.053,2530.23,99,28
sprightly_fiddle_50,1,1.000,296.091,62,14
sprightly_fiddle_50,2,0.282,596.219,74,26
sprightly_fiddle_50,3,0.119,892.309,81,24
sprightly_fiddle_50,4,0.111,288.015,62,-34
sprightly_fiddle_50,5,0.067,1192.44,86,26
sprightly_fiddle_50,6,0.065,310.895,63,-1
sprightly_fiddle_50,7,0.059,2387.57,98,28
sprightly_fiddle_50,8,0.057,2686.35,100,32
sprightly_fiddle_51,1,1.000,313.587,63,14
sprightly_fiddle_51,2,0.135,628.52,75,17
sprightly_fiddle_51,3,0.071,327.046,64,-14
sprightly_fiddle_51,4,0.056,294.745,62,6
sprightly_fiddle_51,5,0.054,331.083,64,8
sprightly_fiddle_52,1,1.000,331.083,64,8
sprightly_fiddle_52,2,0.135,662.166,76,8
sprightly_fiddle_52,3,0.078,344.542,65,-23
sprightly_fiddle_52,4,0.074,316.279,63,28
sprightly_fiddle_52,5,0.061,348.579,65,-3
sprightly_fiddle_52,6,0.052,308.203,63,-16
sprightly_fiddle_53,1,1.000,347.233,65,-10
sprightly_fiddle_53,2,0.174,695.813,77,-7
sprightly_fiddle_53,3,0.108,701.196,77,7
sprightly_fiddle_53,4,0.104,1047.08,84,1
sprightly_fiddle_53,5,0.100,1395.66,89,-2
sprightly_fiddle_54,1,1.000,370.113,66,1
sprightly_fiddle_54,2,0.354,742.918,78,7
sprightly_fiddle_54,3,0.336,2234.14,97,13
sprightly_fiddle_54,4,0.242,1114.38,85,9
sprightly_fiddle_54,5,0.148,1861.33,94,-3
sprightly_fiddle_54,6,0.108,2246.25,97,22
sprightly_fiddle_54,7,0.090,1487.18,90,8
sprightly_fiddle_54,8,0.069,358,65,43
sprightly_fiddle_54,9,0.067,2598.87,100,-25
sprightly_fiddle_54,10,0.065,3719.97,106,-4
sprightly_fiddle_54,11,0.059,2216.64,97,-1
sprightly_fiddle_54,12,0.057,383.572,67,-38
sprightly_fiddle_55,1,1.000,391.647,67,-2
sprightly_fiddle_55,2,0.242,784.64,79,1
sprightly_fiddle_55,3,0.058,406.452,68,-37
sprightly_fiddle_55,4,0.054,370.113,66,1
sprightly_fiddle_56,1,1.000,414.527,68,-3
sprightly_fiddle_56,2,0.321,833.091,80,5
sprightly_fiddle_56,3,0.192,1668.87,92,8
sprightly_fiddle_56,4,0.144,2507.35,99,13
sprightly_fiddle_56,5,0.127,406.452,68,-37
sprightly_fiddle_56,6,0.086,1250.31,87,8
sprightly_fiddle_56,7,0.081,427.985,69,-48
sprightly_fiddle_56,8,0.075,823.67,80,-15
sprightly_fiddle_56,9,0.053,2493.89,99,3
sprightly_fiddle_56,10,0.052,1658.11,92,-3
sprightly_fiddle_56,11,0.050,3757.66,106,13
sprightly_fiddle_57,1,1.000,441.444,69,6
sprightly_fiddle_57,2,0.339,884.234,81,8
sprightly_fiddle_57,3,0.227,1771.16,93,11
sprightly_fiddle_57,4,0.175,2658.09,100,14
sprightly_fiddle_57,5,0.142,450.865,69,42
sprightly_fiddle_57,6,0.123,877.505,81,-5
sprightly_fiddle_57,7,0.100,1327.02,88,11
sprightly_fiddle_57,8,0.080,427.985,69,-48
sprightly_fiddle_57,9,0.076,2648.66,100,8
sprightly_fiddle_57,10,0.068,1761.74,93,2
sprightly_fiddle_57,11,0.053,3986.46,107,15
sprightly_fiddle_57,12,0.053,456.249,70,-37
sprightly_fiddle_57,13,0.052,2213.95,97,-3
sprightly_fiddle_58,1,1.000,936.723,82,8
sprightly_fiddle_58,2,0.637,468.361,70,8
sprightly_fiddle_58,3,0.399,1405.08,89,10
sprightly_fiddle_58,4,0.286,1873.45,94,8
sprightly_fiddle_58,5,0.181,3279.88,104,-22
sprightly_fiddle_58,6,0.163,944.798,82,23
sprightly_fiddle_58,7,0.161,928.648,82,-7
sprightly_fiddle_58,8,0.146,3745.55,106,8
sprightly_fiddle_58,9,0.141,458.94,70,-27
sprightly_fiddle_58,10,0.089,4216.6,108,13
sprightly_fiddle_58,11,0.087,2344.5,98,-4
sprightly_fiddle_58,12,0.085,1397.01,89,0
sprightly_fiddle_58,13,0.075,1865.37,94,1
sprightly_fiddle_58,14,0.067,477.783,70,43
sprightly_fiddle_58,15,0.061,2810.17,101,10
sprightly_fiddle_58,16,0.060,3756.31,106,12
sprightly_fiddle_58,17,0.057,6561.1,116,-22
sprightly_fiddle_58,18,0.056,921.918,82,-19
sprightly_fiddle_58,19,0.056,3289.3,104,-17
sprightly_fiddle_59,1,1.000,499.316,71,19
sprightly_fiddle_59,2,0.375,999.979,83,21
sprightly_fiddle_59,3,0.263,2503.31,99,10
sprightly_fiddle_59,4,0.204,2001.3,95,22
sprightly_fiddle_59,5,0.152,510.083,72,-44
sprightly_fiddle_59,6,0.148,491.241,71,-9
sprightly_fiddle_59,7,0.107,2493.89,99,3
sprightly_fiddle_59,8,0.065,3005.32,102,26
sprightly_fiddle_59,9,0.059,3503.29,105,-8
sprightly_fiddle_59,10,0.058,1991.88,95,14
sprightly_fiddle_59,11,0.057,991.903,83,7
sprightly_fiddle_59,12,0.052,516.813,72,-21
sprightly_fiddle_59,13,0.051,2485.81,99,-2
sprightly_fiddle_60,1,1.000,526.234,72,10
sprightly_fiddle_60,2,0.364,1053.81,84,12
sprightly_fiddle_60,3,0.243,2637.9,100,1
sprightly_fiddle_60,4,0.191,2108.97,96,13
sprightly_fiddle_60,5,0.186,519.504,72,-12
sprightly_fiddle_60,6,0.137,2628.48,100,-6
sprightly_fiddle_60,7,0.082,1047.08,84,1
sprightly_fiddle_60,8,0.064,2100.9,96,7
sprightly_fiddle_60,9,0.060,3166.82,103,17
sprightly_fiddle_60,10,0.059,2650.01,100,9
sprightly_fiddle_60,11,0.054,2119.74,96,22
sprightly_fiddle_61,1,1.000,2238.18,97,16
sprightly_fiddle_61,2,0.896,559.88,73,17
sprightly_fiddle_61,3,0.646,1118.41,85,15
sprightly_fiddle_61,4,0.146,1110.34,85,3
sprightly_fiddle_61,5,0.124,3357.94,104,18
sprightly_fiddle_61,6,0.120,2223.37,97,5
sprightly_fiddle_61,7,0.118,1678.3,92,18
sprightly_fiddle_61,8,0.115,2798.06,101,3
sprightly_fiddle_61,9,0.101,2248.94,97,24
sprightly_fiddle_61,10,0.091,550.459,73,-12
sprightly_fiddle_61,11,0.069,1127.84,85,30
sprightly_fiddle_61,12,0.067,2216.64,97,-1
sprightly_fiddle_61,13,0.064,567.956,73,42
sprightly_fiddle_61,14,0.058,1670.22,92,9
sprightly_fiddle_61,15,0.050,4477.7,109,17
sprightly_fiddle_62,1,1.000,588.144,74,2
sprightly_fiddle_62,2,0.262,594.873,74,22
sprightly_fiddle_62,3,0.076,611.023,75,-32
sprightly_fiddle_62,4,0.065,615.061,75,-20
sprightly_fiddle_62,5,0.059,562.572,73,25
sprightly_fiddle_62,6,0.051,1177.63,86,4
sprightly_fiddle_62,7,0.050,558.535,73,13
sprightly_fiddle_63,1,1.000,624.482,75,6
sprightly_fiddle_63,2,0.841,1250.31,87,8
sprightly_fiddle_63,3,0.432,1876.14,94,11
sprightly_fiddle_63,4,0.253,2501.97,99,9
sprightly_fiddle_63,5,0.166,4382.14,109,-21
sprightly_fiddle_63,6,0.159,3127.79,103,-5
sprightly_fiddle_63,7,0.145,617.753,75,-13
sprightly_fiddle_63,8,0.142,3752.28,106,11
sprightly_fiddle_63,9,0.127,1259.73,87,21
sprightly_fiddle_63,10,0.092,633.903,75,32
sprightly_fiddle_63,11,0.078,1236.85,87,-11
sprightly_fiddle_63,12,0.064,3763.04,106,16
sprightly_fiddle_63,13,0.064,2512.73,99,16
sprightly_fiddle_63,14,0.059,5013.35,111,12
sprightly_fiddle_63,15,0.057,4392.91,109,-16
sprightly_fiddle_63,16,0.050,609.677,75,-35
sprightly_fiddle_64,1,1.000,1317.6,88,-1
sprightly_fiddle_64,2,0.545,2637.9,100,1
sprightly_fiddle_64,3,0.509,1977.08,95,1
sprightly_fiddle_64,4,0.429,658.129,76,-3
sprightly_fiddle_64,5,0.255,2631.17,100,-4
sprightly_fiddle_64,6,0.152,1305.49,88,-17
sprightly_fiddle_64,7,0.148,2647.32,100,7
sprightly_fiddle_64,8,0.124,1325.68,88,9
sprightly_fiddle_64,9,0.117,3297.37,104,-13
sprightly_fiddle_64,10,0.076,651.399,76,-21
sprightly_fiddle_64,11,0.067,2623.09,100,-9
sprightly_fiddle_64,12,0.066,4617.67,110,-30
sprightly_fiddle_64,13,0.063,1963.62,95,-10
sprightly_fiddle_64,14,0.062,1298.76,88,-26
sprightly_fiddle_64,15,0.051,3955.5,107,2
sprightly_fiddle_65,1,1.000,1394.32,89,-3
sprightly_fiddle_65,2,0.544,697.159,77,-3
sprightly_fiddle_65,3,0.461,2092.82,96,0
sprightly_fiddle_65,4,0.216,2791.33,101,-2
sprightly_fiddle_65,5,0.213,1384.9,89,-15
sprightly_fiddle_65,6,0.180,4188.34,108,1
sprightly_fiddle_65,7,0.149,2082.06,96,-9
sprightly_fiddle_65,8,0.145,1406.43,89,12
sprightly_fiddle_65,9,0.141,3487.14,105,-16
sprightly_fiddle_65,10,0.076,4174.88,108,-5
sprightly_fiddle_65,11,0.075,687.738,77,-27
sprightly_fiddle_65,12,0.075,1375.48,89,-27
sprightly_fiddle_65,13,0.072,3476.37,105,-22
sprightly_fiddle_65,14,0.069,1415.85,89,23
sprightly_fiddle_65,15,0.056,1367.4,89,-37
sprightly_fiddle_65,16,0.053,4885.49,111,-32
sprightly_fiddle_65,17,0.050,6972.93,117,-17
sprightly_fiddle_66,1,1.000,1477.76,90,-3
sprightly_fiddle_66,2,0.539,738.881,78,-3
sprightly_fiddle_66,3,0.453,2216.64,97,-1
sprightly_fiddle_66,4,0.223,1468.34,90,-14
sprightly_fiddle_66,5,0.221,1487.18,90,8
sprightly_fiddle_66,6,0.203,2956.87,102,-2
sprightly_fiddle_66,7,0.163,2207.22,97,-8
sprightly_fiddle_66,8,0.158,4434.63,109,0
sprightly_fiddle_66,9,0.141,2227.41,97,8
sprightly_fiddle_66,10,0.131,3691.71,106,-18
sprightly_fiddle_66,11,0.105,4444.05,109,4
sprightly_fiddle_66,12,0.098,730.805,78,-22
sprightly_fiddle_66,13,0.097,3702.48,106,-12
sprightly_fiddle_66,14,0.085,4423.86,109,-4
sprightly_fiddle_66,15,0.069,748.302,78,19
sprightly_fiddle_66,16,0.063,1461.61,90,-22
sprightly_fiddle_66,17,0.058,1496.6,90,19
sprightly_fiddle_67,1,1.000,780.602,79,-7
sprightly_fiddle_67,2,0.257,790.023,79,13
sprightly_fiddle_67,3,0.251,792.715,79,19
sprightly_fiddle_67,4,0.129,1565.24,91,-3
sprightly_fiddle_67,5,0.124,2359.3,98,7
sprightly_fiddle_67,6,0.082,2343.15,98,-5
sprightly_fiddle_67,7,0.061,752.339,78,29
sprightly_fiddle_67,8,0.058,3127.79,103,-5
sprightly_fiddle_67,9,0.056,812.903,80,-37
sprightly_fiddle_67,10,0.050,1576.01,91,9
sprightly_fiddle_68,1,1.000,831.745,80,2
sprightly_fiddle_68,2,0.408,2499.27,99,7
sprightly_fiddle_68,3,0.313,1666.18,92,5
sprightly_fiddle_68,4,0.312,825.016,80,-12
sprightly_fiddle_68,5,0.308,3335.06,104,7
sprightly_fiddle_68,6,0.172,2489.85,99,1
sprightly_fiddle_68,7,0.167,4166.8,108,-8
sprightly_fiddle_68,8,0.135,5002.58,111,9
sprightly_fiddle_68,9,0.089,818.287,80,-26
sprightly_fiddle_68,10,0.084,6671.46,116,7
sprightly_fiddle_68,11,0.077,2481.78,99,-5
sprightly_fiddle_68,12,0.075,2512.73,99,16
sprightly_fiddle_68,13,0.064,4156.04,108,-12
sprightly_fiddle_68,14,0.062,1658.11,92,-3
sprightly_fiddle_68,15,0.057,810.211,80,-43
sprightly_fiddle_69,1,1.000,888.272,81,16
sprightly_fiddle_69,2,0.839,881.542,81,3
sprightly_fiddle_69,3,0.706,2672.89,100,23
sprightly_fiddle_69,4,0.534,2662.12,100,16
sprightly_fiddle_69,5,0.406,1779.24,93,19
sprightly_fiddle_69,6,0.372,3566.55,105,23
sprightly_fiddle_69,7,0.229,4452.13,109,7
sprightly_fiddle_69,8,0.210,4440.01,109,2
sprightly_fiddle_69,9,0.183,2641.94,100,3
sprightly_fiddle_69,10,0.129,3549.05,105,14
sprightly_fiddle_69,11,0.121,5349.82,112,25
sprightly_fiddle_69,12,0.089,5339.05,112,21
sprightly_fiddle_69,13,0.087,2635.21,100,-1
sprightly_fiddle_69,14,0.064,6240.78,115,-9
sprightly_fiddle_69,15,0.060,2628.48,100,-6
sprightly_fiddle_69,16,0.060,5326.94,112,17
sprightly_fiddle_69,17,0.050,8003.87,119,22
sprightly_fiddle_70,1,1.000,938.069,82,11
sprightly_fiddle_70,2,0.804,931.339,82,-2
sprightly_fiddle_70,3,0.681,2822.28,101,18
sprightly_fiddle_70,4,0.534,2810.17,101,10
sprightly_fiddle_70,5,0.410,1878.83,94,13
sprightly_fiddle_70,6,0.291,3765.73,106,17
sprightly_fiddle_70,7,0.280,1868.06,94,3
sprightly_fiddle_70,8,0.225,4702.46,110,1
sprightly_fiddle_70,9,0.207,4687.65,110,-4
sprightly_fiddle_70,10,0.187,2792.67,101,-1
sprightly_fiddle_70,11,0.111,5647.25,113,18
sprightly_fiddle_70,12,0.090,4671.5,110,-10
sprightly_fiddle_70,13,0.090,3745.55,106,8
sprightly_fiddle_70,14,0.087,2850.54,101,35
sprightly_fiddle_70,15,0.067,964.986,83,-40
sprightly_fiddle_70,16,0.061,913.843,82,-35
sprightly_fiddle_70,17,0.060,5635.14,113,15
sprightly_fiddle_70,18,0.052,2777.87,101,-10
sprightly_fiddle_70,19,0.052,2870.73,101,47
sprightly_fiddle_70,20,0.052,6590.71,116,-14
sprightly_fiddle_71,1,1.000,993.249,83,10
sprightly_fiddle_71,2,0.814,986.52,83,-2
sprightly_fiddle_71,3,0.637,2989.17,102,17
sprightly_fiddle_71,4,0.544,2978.4,102,11
sprightly_fiddle_71,5,0.405,1990.54,95,13
sprightly_fiddle_71,6,0.275,3989.15,107,17
sprightly_fiddle_71,7,0.267,1979.77,95,4
sprightly_fiddle_71,8,0.210,4966.25,111,-4
sprightly_fiddle_71,9,0.205,4981.05,111,1
sprightly_fiddle_71,10,0.204,2960.91,102,1
sprightly_fiddle_71,11,0.096,5985.07,114,19
sprightly_fiddle_71,12,0.095,3968.96,107,8
sprightly_fiddle_71,13,0.082,4950.1,111,-10
sprightly_fiddle_71,14,0.079,3018.78,102,34
sprightly_fiddle_71,15,0.056,1966.31,95,-8
sprightly_fiddle_71,16,0.056,2944.76,102,-9
sprightly_fiddle_71,17,0.054,5959.5,114,12
sprightly_fiddle_71,18,0.052,969.024,83,-33
sprightly_fiddle_72,1,1.000,2108.94,96,13
sprightly_fiddle_72,2,0.990,2110.96,96,15
sprightly_fiddle_72,3,0.871,2106.92,96,11
sprightly_fiddle_72,4,0.863,2112.98,96,16
sprightly_fiddle_72,5,0.787,1054.47,84,13
sprightly_fiddle_72,6,0.758,2115,96,18
sprightly_fiddle_72,7,0.722,1052.45,84,10
sprightly_fiddle_72,8,0.703,2117.02,96,20
sprightly_fiddle_72,9,0.698,2104.9,96,10
sprightly_fiddle_72,10,0.692,1056.49,84,16
sprightly_fiddle_72,11,0.635,2119.71,96,22
sprightly_fiddle_72,12,0.632,1058.51,84,20
sprightly_fiddle_72,13,0.567,2102.21,96,8
sprightly_fiddle_72,14,0.535,2100.19,96,6
sprightly_fiddle_72,15,0.479,2098.17,96,4
sprightly_fiddle_72,16,0.461,1060.53,84,23
sprightly_fiddle_72,17,0.455,2121.73,96,24
sprightly_fiddle_72,18,0.451,1050.43,84,6
sprightly_fiddle_72,19,0.393,2096.15,96,3
sprightly_fiddle_72,20,0.339,1062.55,84,26
sprightly_fiddle_72,21,0.301,1047.74,84,2
sprightly_fiddle_72,22,0.288,2094.14,96,1
sprightly_fiddle_72,23,0.254,1064.56,84,30
sprightly_fiddle_72,24,0.248,2123.74,96,25
sprightly_fiddle_72,25,0.214,1045.72,84,-1
sprightly_fiddle_72,26,0.201,2092.12,96,-1
sprightly_fiddle_72,27,0.180,3159.37,103,13
sprightly_fiddle_72,28,0.177,3157.35,103,12
sprightly_fiddle_72,29,0.174,3161.39,103,14
sprightly_fiddle_72,30,0.171,3150.62,103,8
sprightly_fiddle_72,31,0.170,3152.64,103,9
sprightly_fiddle_72,32,0.164,3155.34,103,11
sprightly_fiddle_72,33,0.160,3148.61,103,7
sprightly_fiddle_72,34,0.159,3163.41,103,15
sprightly_fiddle_72,35,0.154,2090.1,96,-2
sprightly_fiddle_72,36,0.142,3146.59,103,6
sprightly_fiddle_72,37,0.139,4228.65,108,18
sprightly_fiddle_72,38,0.138,3165.43,103,16
sprightly_fiddle_72,39,0.137,4226.63,108,17
sprightly_fiddle_72,40,0.135,3172.16,103,20
sprightly_fiddle_72,41,0.129,2125.76,96,27
sprightly_fiddle_72,42,0.128,3144.57,103,5
sprightly_fiddle_72,43,0.126,1043.7,84,-5
sprightly_fiddle_72,44,0.125,1066.58,84,33
sprightly_fiddle_72,45,0.125,3170.14,103,19
sprightly_fiddle_72,46,0.123,3167.45,103,17
sprightly_fiddle_72,47,0.120,3174.18,103,21
sprightly_fiddle_72,48,0.120,4230.67,108,18
sprightly_fiddle_72,49,0.119,4224.61,108,16
sprightly_fiddle_72,50,0.112,3142.55,103,4
student_fiddle_36,1,1.000,293.399,62,-2
student_fiddle_36,2,0.155,2650.01,100,9
student_fiddle_36,3,0.150,882.888,81,6
student_fiddle_36,4,0.112,2205.87,97,-9
student_fiddle_36,5,0.109,300.128,62,38
student_fiddle_36,6,0.104,2663.47,100,17
student_fiddle_36,7,0.097,3546.36,105,13
student_fiddle_36,8,0.092,588.144,74,2
student_fiddle_36,9,0.079,438.752,69,-5
student_fiddle_36,10,0.071,283.978,61,42
student_fiddle_36,11,0.064,1764.43,93,4
student_fiddle_36,12,0.063,3531.55,105,6
student_fiddle_36,13,0.060,304.166,63,-39
student_fiddle_36,14,0.060,2655.39,100,12
student_fiddle_36,15,0.057,1322.99,88,6
student_fiddle_36,16,0.053,2222.03,97,4
student_fiddle_36,17,0.051,279.94,61,17
student_fiddle_36,18,0.051,889.618,81,19
student_fiddle_36,19,0.050,44.4136,29,30
student_fiddle_37,1,1.000,512.775,72,-35
student_fiddle_37,2,0.941,472.399,70,23
student_fiddle_37,3,0.824,434.715,69,-21
student_fiddle_37,4,0.811,502.008,71,28
student_fiddle_37,5,0.731,454.903,70,-42
student_fiddle_37,6,0.522,267.827,60,41
student_fiddle_37,7,0.507,806.174,79,48
student_fiddle_37,8,0.422,391.647,67,-2
student_fiddle_37,9,0.420,343.196,65,-30
student_fiddle_37,10,0.407,355.309,65,30
student_fiddle_37,11,0.404,359.346,65,49
student_fiddle_37,12,0.376,290.707,62,-18
student_fiddle_37,13,0.357,286.67,62,-42
student_fiddle_37,14,0.343,302.82,63,-47
student_fiddle_37,15,0.339,306.858,63,-24
student_fiddle_37,16,0.333,838.475,80,16
student_fiddle_37,17,0.332,781.948,79,-5
student_fiddle_37,18,0.319,679.662,77,-47
student_fiddle_37,19,0.297,697.159,77,-3
student_fiddle_37,20,0.286,234.181,58,8
student_fiddle_37,21,0.248,1072.66,84,43
student_fiddle_37,22,0.194,658.129,76,-3
student_fiddle_37,23,0.178,1039.01,84,-12
student_fiddle_37,24,0.175,956.911,82,45
student_fiddle_37,25,0.174,946.144,82,25
student_fiddle_37,26,0.151,1310.87,88,-10
student_fiddle_37,27,0.151,978.445,83,-16
student_fiddle_37,28,0.143,1425.27,89,35
student_fiddle_37,29,0.138,141.316,49,34
student_fiddle_37,30,0.135,590.835,74,10
student_fiddle_37,31,0.133,571.993,74,-46
student_fiddle_37,32,0.130,1337.79,88,25
student_fiddle_37,33,0.126,744.264,78,10
student_fiddle_37,34,0.125,997.287,83,17
student_fiddle_37,35,0.121,737.535,78,-6
student_fiddle_37,36,0.120,989.212,83,3
student_fiddle_37,37,0.120,563.918,73,30
student_fiddle_37,38,0.115,1010.75,83,40
student_fiddle_37,39,0.112,729.46,78,-25
student_fiddle_37,40,0.105,882.888,81,6
student_fiddle_37,41,0.105,246.294,59,-5
student_fiddle_37,42,0.104,13.4587,9,-37
student_fiddle_37,43,0.101,1464.3,90,-18
student_fiddle_37,44,0.096,1236.85,87,-11
student_fiddle_37,45,0.088,613.715,75,-24
student_fiddle_37,46,0.088,908.46,82,-45
student_fiddle_37,47,0.087,24.2256,19,-19
student_fiddle_37,48,0.086,915.189,82,-32
student_fiddle_37,49,0.085,153.429,51,-24
student_fiddle_37,50,0.078,21.5339,17,-23
student_fiddle_38,1,1.000,292.053,62,-10
student_fiddle_38,2,0.153,590.835,74,10
student_fiddle_38,3,0.150,2650.01,100,9
student_fiddle_38,4,0.112,880.197,81,0
student_fiddle_38,5,0.106,269.173,60,49
student_fiddle_38,6,0.104,1469.69,90,-12
student_fiddle_38,7,0.081,438.752,69,-5
student_fiddle_38,8,0.075,2662.12,100,16
student_fiddle_38,9,0.053,1324.33,88,8
theorbo_36,1,1.000,98.2482,43,4
theorbo_36,2,0.781,130.549,48,-3
theorbo_36,3,0.701,64.6016,36,-21
theorbo_36,4,0.332,34.9925,25,17
theorbo_36,5,0.316,164.196,52,-7
theorbo_36,6,0.139,29.6091,22,28
theorbo_36,7,0.121,57.8722,34,-12
theorbo_36,8,0.097,110.361,45,6
theorbo_36,9,0.088,90.173,42,-44
theorbo_36,10,0.084,122.474,47,-14
theorbo_36,11,0.082,118.436,46,28
theorbo_36,12,0.077,47.1053,30,32
theorbo_36,13,0.063,83.4437,40,22
theorbo_36,14,0.062,86.1354,41,-23
theorbo_36,15,0.055,16.1504,12,-21
theorbo_36,16,0.053,145.354,50,-18
theorbo_37,1,1.000,68.6392,37,-16
theorbo_37,2,1.000,34.9925,25,17
theorbo_37,3,0.739,138.624,49,0
theorbo_37,4,0.386,173.617,53,-10
theorbo_37,5,0.380,103.632,44,-3
theorbo_37,6,0.128,142.662,50,-50
theorbo_37,7,0.128,60.564,35,-33
theorbo_37,8,0.092,278.594,61,9
theorbo_37,9,0.087,348.579,65,-3
theorbo_37,10,0.083,80.752,40,-35
theorbo_37,11,0.078,86.1354,41,-23
theorbo_37,12,0.072,88.8272,41,30
theorbo_37,13,0.071,22.8797,18,-18
theorbo_37,14,0.069,16.1504,12,-21
theorbo_37,15,0.069,177.654,53,30
theorbo_37,16,0.064,130.549,48,-3
theorbo_37,17,0.063,98.2482,43,4
theorbo_37,18,0.052,94.2106,42,32
theorbo_38,1,1.000,107.669,45,-37
theorbo_38,2,0.750,72.6768,38,-18
theorbo_38,3,0.440,292.053,62,-10
theorbo_38,4,0.339,181.692,54,-31
theorbo_38,5,0.262,255.715,60,-40
theorbo_38,6,0.214,218.03,57,-16
theorbo_38,7,0.208,144.008,50,-34
theorbo_38,8,0.118,64.6016,36,-21
theorbo_38,9,0.090,118.436,46,28
theorbo_38,10,0.088,329.737,64,1
theorbo_38,11,0.074,34.9925,25,17
theorbo_38,12,0.074,122.474,47,-14
theorbo_38,13,0.073,135.932,49,-34
theorbo_38,14,0.067,129.203,48,-21
theorbo_38,15,0.064,367.421,66,-12
theorbo_38,16,0.063,84.7896,40,49
theorbo_39,1,1.000,115.744,46,-12
theorbo_39,2,0.727,76.7144,39,-24
theorbo_39,3,0.418,312.241,63,6
theorbo_39,4,0.227,234.181,58,8
theorbo_39,5,0.202,273.211,61,-25
theorbo_39,6,0.196,195.151,55,-7
theorbo_39,7,0.176,72.6768,38,-18
theorbo_39,8,0.147,154.775,51,-9
theorbo_39,9,0.101,352.617,65,17
theorbo_39,10,0.081,37.6843,26,45
theorbo_39,11,0.079,129.203,48,-21
theorbo_39,12,0.065,104.978,44,19
theorbo_39,13,0.051,141.316,49,34
theorbo_40,1,1.000,123.82,47,5
theorbo_40,2,0.496,289.361,62,-26
theorbo_40,3,0.482,82.0978,40,-7
theorbo_40,4,0.411,164.196,52,-7
theorbo_40,5,0.269,205.918,56,-15
theorbo_40,6,0.179,247.639,59,5
theorbo_40,7,0.144,331.083,64,8
theorbo_40,8,0.099,113.053,45,47
theorbo_40,9,0.085,106.323,44,41
theorbo_40,10,0.076,135.932,49,-34
theorbo_40,11,0.071,153.429,51,-24
theorbo_40,12,0.059,141.316,49,34
theorbo_41,1,1.000,130.549,48,-3
theorbo_41,2,0.614,87.4813,41,3
theorbo_41,3,0.390,306.858,63,-24
theorbo_41,4,0.305,173.617,53,-10
theorbo_41,5,0.197,218.03,57,-16
theorbo_41,6,0.155,126.511,47,42
theorbo_41,7,0.132,262.444,60,5
theorbo_41,8,0.095,351.271,65,10
theorbo_41,9,0.090,111.707,45,27
theorbo_41,10,0.082,80.752,40,-35
theorbo_41,11,0.081,118.436,46,28
theorbo_41,12,0.074,74.0226,38,14
theorbo_41,13,0.072,63.2557,35,42
theorbo_41,14,0.070,43.0677,29,-23
theorbo_42,1,1.000,91.5189,42,-18
theorbo_42,2,0.286,138.624,49,0
theorbo_42,3,0.147,185.73,54,7
theorbo_42,4,0.119,45.7595,30,-18
theorbo_42,5,0.087,325.7,64,-21
theorbo_42,6,0.074,82.0978,40,-7
theorbo_42,7,0.067,278.594,61,9
theorbo_42,8,0.051,129.203,48,-21
theorbo_43,1,1.000,96.9024,43,-19
theorbo_43,2,0.237,294.745,62,6
theorbo_43,3,0.178,48.4512,31,-19
theorbo_43,4,0.110,103.632,44,-3
theorbo_43,5,0.106,344.542,65,-23
theorbo_43,6,0.076,196.496,55,4
theorbo_43,7,0.066,107.669,45,-37
theorbo_43,8,0.053,83.4437,40,22
theorbo_43,9,0.051,111.707,45,27
theorbo_44,1,1.000,102.286,44,-26
theorbo_44,2,0.588,51.1429,32,-26
theorbo_44,3,0.578,312.241,63,6
theorbo_44,4,0.325,156.12,51,6
theorbo_44,5,0.154,111.707,45,27
theorbo_44,6,0.096,208.609,56,8
theorbo_44,7,0.072,118.436,46,28
theorbo_44,8,0.062,364.73,66,-25
theorbo_44,9,0.054,144.008,50,-34
theorbo_44,10,0.054,259.752,60,-12
theorbo_44,11,0.053,125.166,47,24
theorbo_45,1,1.000,109.015,45,-16
theorbo_45,2,0.248,53.8347,33,-37
theorbo_45,3,0.067,331.083,64,8
theorbo_45,4,0.052,165.542,52,8
theorbo_46,1,1.000,114.399,46,-32
theorbo_46,2,0.688,292.053,62,-10
theorbo_46,3,0.376,176.308,53,17
theorbo_46,4,0.340,234.181,58,8
theorbo_46,5,0.306,56.5264,33,47
theorbo_46,6,0.165,351.271,65,10
theorbo_46,7,0.066,134.587,48,49
theorbo_46,8,0.057,141.316,49,34
theorbo_46,9,0.053,153.429,51,-24
theorbo_46,10,0.053,283.978,61,42
theorbo_47,1,1.000,60.564,35,-33
theorbo_47,2,0.995,185.73,54,7
theorbo_47,3,0.784,247.639,59,5
theorbo_47,4,0.541,309.549,63,-9
theorbo_47,5,0.355,121.128,47,-33
theorbo_47,6,0.169,111.707,45,27
theorbo_47,7,0.108,371.459,66,7
theorbo_47,8,0.094,68.6392,37,-16
theorbo_47,9,0.080,74.0226,38,14
theorbo_47,10,0.078,131.895,48,14
theorbo_47,11,0.075,79.4061,39,36
theorbo_47,12,0.069,104.978,44,19
theorbo_47,13,0.067,91.5189,42,-18
theorbo_47,14,0.063,100.94,44,-49
theorbo_47,15,0.062,95.5565,43,-44
theorbo_47,16,0.056,621.79,75,-1
theorbo_47,17,0.053,173.617,53,-10
theorbo_47,18,0.051,317.624,63,36
theorbo_48,1,1.000,130.549,48,-3
theorbo_48,2,0.594,196.496,55,4
theorbo_48,3,0.361,262.444,60,5
theorbo_48,4,0.316,67.2933,36,49
theorbo_48,5,0.298,61.9098,35,5
theorbo_48,6,0.278,328.391,64,-7
theorbo_48,7,0.149,125.166,47,24
theorbo_48,8,0.075,78.0602,39,6
theorbo_48,9,0.072,191.113,55,-44
theorbo_48,10,0.070,110.361,45,6
theorbo_48,11,0.064,526.234,72,10
theorbo_48,12,0.059,118.436,46,28
theorbo_48,13,0.059,172.271,53,-23
theorbo_48,14,0.057,161.504,52,-35
theorbo_48,15,0.057,153.429,51,-24
theorbo_48,16,0.053,48.4512,31,-19
theorbo_49,1,1.000,69.985,37,17
theorbo_49,2,0.974,137.278,49,-16
theorbo_49,3,0.576,207.263,56,-3
theorbo_49,4,0.532,275.903,61,-8
theorbo_49,5,0.160,345.888,65,-17
theorbo_49,6,0.154,144.008,50,-34
theorbo_49,7,0.122,131.895,48,14
theorbo_49,8,0.103,555.843,73,5
theorbo_49,9,0.093,129.203,48,-21
theorbo_49,10,0.092,203.226,56,-37
theorbo_49,11,0.091,211.301,56,30
theorbo_49,12,0.089,59.2181,34,28
theorbo_49,13,0.088,148.045,50,14
theorbo_49,14,0.066,271.865,61,-34
theorbo_49,15,0.057,152.083,51,-39
theorbo_49,16,0.056,695.813,77,-7
theorbo_49,17,0.051,283.978,61,42
theorbo_50,1,1.000,72.6768,38,-18
theorbo_50,2,0.963,293.399,62,-2
theorbo_50,3,0.373,219.376,57,-5
theorbo_50,4,0.119,67.2933,36,49
theorbo_50,5,0.099,63.2557,35,42
theorbo_50,6,0.098,145.354,50,-18
theorbo_50,7,0.079,285.324,62,-50
theorbo_50,8,0.077,366.076,66,-18
theorbo_50,9,0.062,57.8722,34,-12
theorbo_50,10,0.062,55.1805,33,6
theorbo_50,11,0.059,87.4813,41,3
theorbo_50,12,0.054,309.549,63,-9
theorbo_50,13,0.051,51.1429,32,-26
theorbo_51,1,1.000,76.7144,39,-24
theorbo_51,2,0.276,309.549,63,-9
theorbo_51,3,0.139,232.835,58,-2
theorbo_51,4,0.111,154.775,51,-9
theorbo_51,5,0.101,83.4437,40,22
theorbo_51,6,0.095,67.2933,36,49
theorbo_51,7,0.084,387.609,67,-19
theorbo_51,8,0.058,87.4813,41,3
theorbo_51,9,0.054,121.128,47,-33
theorbo_52,1,1.000,82.0978,40,-7
theorbo_52,2,0.250,165.542,52,8
theorbo_52,3,0.237,246.294,59,-5
theorbo_52,4,0.110,328.391,64,-7
theorbo_52,5,0.073,71.3309,38,-50
theorbo_52,6,0.073,160.158,52,-50
theorbo_52,7,0.060,107.669,45,-37
theorbo_53,1,1.000,87.4813,41,3
theorbo_53,2,0.608,348.579,65,-3
theorbo_53,3,0.395,261.098,60,-3
theorbo_53,4,0.188,173.617,53,-10
theorbo_53,5,0.158,80.752,40,-35
theorbo_53,6,0.126,64.6016,36,-21
theorbo_53,7,0.087,165.542,52,8
theorbo_53,8,0.077,55.1805,33,6
theorbo_53,9,0.066,437.407,69,-10
theorbo_53,10,0.062,119.782,46,47
theorbo_53,11,0.059,109.015,45,-16
theorbo_53,12,0.057,104.978,44,19
theorbo_53,13,0.057,100.94,44,-49
theorbo_54,1,1.000,91.5189,42,-18
theorbo_54,2,0.572,185.73,54,7
theorbo_54,3,0.217,277.248,61,0
theorbo_54,4,0.165,368.767,66,-6
theorbo_54,5,0.080,83.4437,40,22
theorbo_54,6,0.062,63.2557,35,42
theorbo_54,7,0.053,174.963,53,3
theorbo_55,1,1.000,96.9024,43,-19
theorbo_55,2,0.620,293.399,62,-2
theorbo_55,3,0.070,196.496,55,4
theorbo_55,4,0.056,109.015,45,-16
theorbo_55,5,0.055,83.4437,40,22
theorbo_56,1,1.000,102.286,44,-26
theorbo_56,2,0.472,312.241,63,6
theorbo_56,3,0.237,208.609,56,8
theorbo_56,4,0.100,96.9024,43,-19
theorbo_56,5,0.099,109.015,45,-16
theorbo_56,6,0.088,113.053,45,47
theorbo_56,7,0.062,92.8648,42,7
theorbo_56,8,0.051,118.436,46,28
theorbo_57,1,1.000,109.015,45,-16
theorbo_57,2,0.143,222.068,57,16
theorbo_57,3,0.094,332.429,64,15
theorbo_57,4,0.085,119.782,46,47
theorbo_58,1,1.000,115.744,46,-12
theorbo_58,2,0.299,235.527,58,18
theorbo_58,3,0.093,352.617,65,17
theorbo_58,4,0.078,104.978,44,19
theorbo_58,5,0.063,133.241,48,32
theorbo_59,1,1.000,121.128,47,-33
theorbo_59,2,0.106,495.279,71,5
theorbo_59,3,0.080,371.459,66,7
theorbo_59,4,0.080,619.098,75,-9
theorbo_59,5,0.062,130.549,48,-3
theorbo_59,6,0.051,134.587,48,49
theorbo_60,1,1.000,261.098,60,-3
theorbo_60,2,0.270,127.857,48,-40
theorbo_60,3,0.128,110.361,45,6
theorbo_60,4,0.058,253.023,59,42
theorbo_60,5,0.056,99.5941,43,28
theorbo_61,1,1.000,137.278,49,-16
theorbo_61,2,0.677,277.248,61,0
theorbo_61,3,0.295,122.474,47,-14
theorbo_61,4,0.125,130.549,48,-3
theorbo_61,5,0.120,417.219,68,8
theorbo_62,1,1.000,293.399,62,-2
theorbo_62,2,0.200,144.008,50,-34
theorbo_62,3,0.074,288.015,62,-34
theorbo_62,4,0.071,123.82,47,5
theorbo_62,5,0.071,149.391,50,30
theorbo_62,6,0.052,115.744,46,-12
theorbo_63,1,1.000,310.895,63,-1
theorbo_63,2,0.808,156.12,51,6
theorbo_63,3,0.167,121.128,47,-33
theorbo_63,4,0.097,144.008,50,-34
theorbo_63,5,0.088,318.97,63,43
theorbo_63,6,0.060,165.542,52,8
theorbo_63,7,0.054,465.67,70,-2
theorbo_64,1,1.000,164.196,52,-7
theorbo_64,2,0.550,329.737,64,1
theorbo_64,3,0.224,169.579,52,49
theorbo_64,4,0.165,158.812,51,36
theorbo_64,5,0.071,323.008,64,-35
theorbo_64,6,0.071,146.699,50,-2
theorbo_64,7,0.063,122.474,47,-14
theorbo_64,8,0.061,125.166,47,24
theorbo_64,9,0.060,183.038,54,-18
theorbo_64,10,0.055,493.933,71,0
theorbo_64,11,0.054,188.421,54,32
theorbo_65,1,1.000,173.617,53,-10
theorbo_65,2,0.470,348.579,65,-3
theorbo_65,3,0.067,352.617,65,17
theorbo_65,4,0.064,160.158,52,-50
theorbo_66,1,1.000,184.384,54,-6
theorbo_66,2,0.205,368.767,66,-6
theorbo_66,3,0.050,170.925,53,-37
theorbo_67,1,1.000,195.151,55,-7
theorbo_67,2,0.523,588.144,74,2
theorbo_67,3,0.080,392.993,67,4
theorbo_67,4,0.079,204.572,56,-26
theorbo_67,5,0.064,184.384,54,-6
theorbo_67,6,0.053,179,53,43
theorbo_68,1,1.000,205.918,56,-15
theorbo_68,2,0.330,624.482,75,6
theorbo_68,3,0.143,417.219,68,8
theorbo_68,4,0.116,200.534,55,40
theorbo_68,5,0.097,212.647,56,41
theorbo_68,6,0.065,196.496,55,4
theorbo_68,7,0.059,216.684,57,-26
theorbo_69,1,1.000,219.376,57,-5
theorbo_69,2,0.113,656.783,76,-7
theorbo_69,3,0.101,440.098,69,0
theorbo_69,4,0.062,187.075,54,19
theorbo_69,5,0.058,64.6016,36,-21
theorbo_69,6,0.057,183.038,54,-18
theorbo_69,7,0.052,204.572,56,-26
theorbo_69,8,0.051,162.85,52,-21
theorbo_69,9,0.050,195.151,55,-7
theorbo_69,10,0.050,173.617,53,-10
theorbo_70,1,1.000,232.835,58,-2
theorbo_70,2,0.143,465.67,70,-2
theorbo_70,3,0.105,238.218,58,38
theorbo_70,4,0.059,695.813,77,-7
theorbo_71,1,1.000,247.639,59,5
theorbo_71,2,0.202,239.564,58,47
theorbo_71,3,0.162,253.023,59,42
theorbo_71,4,0.115,257.06,60,-30
theorbo_71,5,0.107,738.881,78,-3
theorbo_71,6,0.059,267.827,60,41
theorbo_72,1,1.000,261.098,60,-3
theorbo_72,2,0.249,266.482,60,32
theorbo_72,3,0.168,254.369,60,-49
theorbo_72,4,0.149,781.948,79,-5
theorbo_72,5,0.105,270.519,61,-42
theorbo_72,6,0.060,244.948,59,-14
theorbo_72,7,0.056,522.196,72,-3
travellers_fiddle_36,1,1.000,129.203,48,-21
travellers_fiddle_36,2,0.943,261.098,60,-3
travellers_fiddle_36,3,0.205,523.542,72,1
travellers_fiddle_36,4,0.181,392.993,67,4
travellers_fiddle_36,5,0.132,123.82,47,5
travellers_fiddle_36,6,0.119,135.932,49,-34
travellers_fiddle_36,7,0.097,656.783,76,-7
travellers_fiddle_36,8,0.075,119.782,46,47
travellers_fiddle_36,9,0.066,139.97,49,17
travellers_fiddle_36,10,0.064,32.3008,24,-21
travellers_fiddle_36,11,0.061,115.744,46,-12
travellers_fiddle_36,12,0.054,275.903,61,-8
travellers_fiddle_36,13,0.051,144.008,50,-34
travellers_fiddle_37,1,1.000,137.278,49,-16
travellers_fiddle_37,2,0.819,277.248,61,0
travellers_fiddle_37,3,0.188,141.316,49,34
travellers_fiddle_37,4,0.188,554.497,73,0
travellers_fiddle_37,5,0.166,417.219,68,8
travellers_fiddle_37,6,0.161,133.241,48,32
travellers_fiddle_37,7,0.093,694.467,77,-10
travellers_fiddle_37,8,0.093,145.354,50,-18
travellers_fiddle_37,9,0.083,286.67,62,-42
travellers_fiddle_37,10,0.077,129.203,48,-21
travellers_fiddle_37,11,0.066,149.391,50,30
travellers_fiddle_38,1,1.000,145.354,50,-18
travellers_fiddle_38,2,0.885,293.399,62,-2
travellers_fiddle_38,3,0.186,588.144,74,2
travellers_fiddle_38,4,0.174,441.444,69,6
travellers_fiddle_38,5,0.101,736.189,78,-9
travellers_fiddle_38,6,0.086,153.429,51,-24
travellers_fiddle_38,7,0.072,137.278,49,-16
travellers_fiddle_38,8,0.056,131.895,48,14
travellers_fiddle_38,9,0.055,28.2632,21,47
travellers_fiddle_38,10,0.053,157.466,51,21
travellers_fiddle_39,1,1.000,154.775,51,-9
travellers_fiddle_39,2,0.923,310.895,63,-1
travellers_fiddle_39,3,0.199,623.136,75,2
travellers_fiddle_39,4,0.169,468.361,70,8
travellers_fiddle_39,5,0.101,318.97,63,43
travellers_fiddle_39,6,0.100,780.602,79,-7
travellers_fiddle_39,7,0.090,148.045,50,14
travellers_fiddle_39,8,0.084,298.782,62,30
travellers_fiddle_39,9,0.074,164.196,52,-7
travellers_fiddle_39,10,0.062,294.745,62,6
travellers_fiddle_39,11,0.061,168.233,52,36
travellers_fiddle_39,12,0.055,144.008,50,-34
travellers_fiddle_40,1,1.000,164.196,52,-7
travellers_fiddle_40,2,0.920,329.737,64,1
travellers_fiddle_40,3,0.206,659.474,76,1
travellers_fiddle_40,4,0.188,495.279,71,5
travellers_fiddle_40,5,0.139,169.579,52,49
travellers_fiddle_40,6,0.116,157.466,51,21
travellers_fiddle_40,7,0.106,826.362,80,-9
travellers_fiddle_40,8,0.082,173.617,53,-10
travellers_fiddle_40,9,0.067,153.429,51,-24
travellers_fiddle_40,10,0.057,177.654,53,30
travellers_fiddle_40,11,0.054,34.9925,25,17
travellers_fiddle_41,1,1.000,173.617,53,-10
travellers_fiddle_41,2,0.898,348.579,65,-3
travellers_fiddle_41,3,0.199,698.505,77,0
travellers_fiddle_41,4,0.177,524.888,72,5
travellers_fiddle_41,5,0.163,177.654,53,30
travellers_fiddle_41,6,0.101,874.813,81,-10
travellers_fiddle_41,7,0.088,165.542,52,8
travellers_fiddle_41,8,0.077,181.692,54,-31
travellers_fiddle_41,9,0.066,336.467,64,36
travellers_fiddle_41,10,0.061,161.504,52,-35
travellers_fiddle_41,11,0.051,364.73,66,-25
travellers_fiddle_42,1,1.000,184.384,54,-6
travellers_fiddle_42,2,0.925,370.113,66,1
travellers_fiddle_42,3,0.207,740.226,78,1
travellers_fiddle_42,4,0.185,555.843,73,5
travellers_fiddle_42,5,0.132,189.767,54,44
travellers_fiddle_42,6,0.123,177.654,53,30
travellers_fiddle_42,7,0.108,927.302,82,-9
travellers_fiddle_42,8,0.073,193.805,55,-19
travellers_fiddle_42,9,0.073,173.617,53,-10
travellers_fiddle_42,10,0.056,197.842,55,16
travellers_fiddle_42,11,0.051,41.7219,28,22
travellers_fiddle_42,12,0.050,387.609,67,-19
travellers_fiddle_43,1,1.000,195.151,55,-7
travellers_fiddle_43,2,0.946,391.647,67,-2
travellers_fiddle_43,3,0.211,784.64,79,1
travellers_fiddle_43,4,0.186,589.489,74,6
travellers_fiddle_43,5,0.104,982.482,83,-9
travellers_fiddle_43,6,0.091,188.421,54,32
travellers_fiddle_43,7,0.070,203.226,56,-37
travellers_fiddle_43,8,0.056,375.497,66,26
travellers_fiddle_43,9,0.056,184.384,54,-6
travellers_fiddle_43,10,0.056,41.7219,28,22
travellers_fiddle_43,11,0.051,208.609,56,8
travellers_fiddle_44,1,1.000,205.918,56,-15
travellers_fiddle_44,2,0.868,414.527,68,-3
travellers_fiddle_44,3,0.189,623.136,75,2
travellers_fiddle_44,4,0.163,830.399,80,0
travellers_fiddle_44,5,0.129,200.534,55,40
travellers_fiddle_44,6,0.116,212.647,56,41
travellers_fiddle_44,7,0.090,1040.35,84,-10
travellers_fiddle_44,8,0.076,196.496,55,4
travellers_fiddle_44,9,0.072,41.7219,28,22
travellers_fiddle_44,10,0.072,216.684,57,-26
travellers_fiddle_44,11,0.059,192.459,55,-32
travellers_fiddle_44,12,0.053,429.331,69,-42
travellers_fiddle_44,13,0.053,220.722,57,6
travellers_fiddle_45,1,1.000,442.79,69,11
travellers_fiddle_45,2,0.981,220.722,57,6
travellers_fiddle_45,3,0.118,664.858,76,15
travellers_fiddle_45,4,0.058,884.234,81,8
travellers_fiddle_45,5,0.057,460.286,70,-22
travellers_fiddle_45,6,0.055,888.272,81,16
travellers_fiddle_45,7,0.053,203.226,56,-37
travellers_fiddle_46,1,1.000,234.181,58,8
travellers_fiddle_46,2,0.506,469.707,70,13
travellers_fiddle_46,3,0.133,705.234,77,17
travellers_fiddle_46,4,0.052,942.106,82,18
travellers_fiddle_47,1,1.000,247.639,59,5
travellers_fiddle_47,2,0.132,497.971,71,14
travellers_fiddle_47,3,0.126,746.956,78,16
travellers_fiddle_48,1,1.000,263.79,60,14
travellers_fiddle_48,2,0.144,790.023,79,13
travellers_fiddle_48,3,0.139,528.925,72,19
travellers_fiddle_48,4,0.085,236.872,58,28
travellers_fiddle_48,5,0.072,232.835,58,-2
travellers_fiddle_48,6,0.064,1053.81,84,12
travellers_fiddle_48,7,0.059,297.436,62,22
travellers_fiddle_49,1,1.000,278.594,61,9
travellers_fiddle_49,2,0.146,561.226,73,21
travellers_fiddle_49,3,0.130,837.129,80,14
travellers_fiddle_49,4,0.061,246.294,59,-5
travellers_fiddle_49,5,0.058,1115.72,85,11
travellers_fiddle_50,1,1.000,296.091,62,14
travellers_fiddle_50,2,0.138,594.873,74,22
travellers_fiddle_50,3,0.138,886.926,81,14
travellers_fiddle_50,4,0.063,1183.02,86,12
travellers_fiddle_50,5,0.059,257.06,60,-30
travellers_fiddle_51,1,1.000,314.933,63,21
travellers_fiddle_51,2,0.110,306.858,63,-24
travellers_fiddle_51,3,0.085,327.046,64,-14
travellers_fiddle_51,4,0.076,302.82,63,-47
travellers_fiddle_51,5,0.065,331.083,64,8
travellers_fiddle_51,6,0.061,631.211,75,25
travellers_fiddle_51,7,0.055,298.782,62,30
travellers_fiddle_52,1,1.000,331.083,64,8
travellers_fiddle_52,2,0.171,662.166,76,8
travellers_fiddle_52,3,0.084,344.542,65,-23
travellers_fiddle_52,4,0.066,348.579,65,-3
travellers_fiddle_52,5,0.065,997.287,83,17
travellers_fiddle_52,6,0.056,306.858,63,-24
travellers_fiddle_52,7,0.055,391.647,67,-2
travellers_fiddle_52,8,0.053,352.617,65,17
travellers_fiddle_53,1,1.000,348.579,65,-3
travellers_fiddle_53,2,0.104,698.505,77,0
travellers_fiddle_53,3,0.090,355.309,65,30
travellers_fiddle_53,4,0.075,391.647,67,-2
travellers_fiddle_54,1,1.000,370.113,66,1
travellers_fiddle_54,2,0.363,364.73,66,-25
travellers_fiddle_54,3,0.209,391.647,67,-2
travellers_fiddle_54,4,0.140,738.881,78,-3
travellers_fiddle_54,5,0.114,378.188,66,38
travellers_fiddle_54,6,0.104,41.7219,28,22
travellers_fiddle_54,7,0.071,745.61,78,13
travellers_fiddle_54,8,0.066,45.7595,30,-18
travellers_fiddle_54,9,0.058,18.8421,14,45
travellers_fiddle_54,10,0.054,353.963,65,23
travellers_fiddle_55,1,1.000,391.647,67,-2
travellers_fiddle_55,2,0.254,413.181,68,-9
travellers_fiddle_55,3,0.176,399.722,67,34
travellers_fiddle_55,4,0.155,783.294,79,-2
travellers_fiddle_55,5,0.081,406.452,68,-37
travellers_fiddle_55,6,0.077,41.7219,28,22
travellers_fiddle_55,7,0.070,47.1053,30,32
travellers_fiddle_55,8,0.058,18.8421,14,45
travellers_fiddle_55,9,0.052,379.534,66,44
travellers_fiddle_56,1,1.000,414.527,68,-3
travellers_fiddle_56,2,0.306,391.647,67,-2
travellers_fiddle_56,3,0.237,829.054,80,-3
travellers_fiddle_56,4,0.166,409.143,68,-26
travellers_fiddle_56,5,0.054,1244.93,87,1
travellers_fiddle_56,6,0.052,18.8421,14,45
travellers_fiddle_57,1,1.000,440.098,69,0
travellers_fiddle_57,2,0.291,881.542,81,3
travellers_fiddle_57,3,0.123,1322.99,88,6
travellers_fiddle_57,4,0.111,430.677,69,-37
travellers_fiddle_57,5,0.073,426.64,68,47
travellers_fiddle_57,6,0.072,452.211,69,47
travellers_fiddle_57,7,0.059,422.602,68,30
travellers_fiddle_57,8,0.053,456.249,70,-37
travellers_fiddle_58,1,1.000,467.016,70,3
travellers_fiddle_58,2,0.304,934.031,82,3
travellers_fiddle_58,3,0.146,472.399,70,23
travellers_fiddle_58,4,0.122,1402.39,89,7
travellers_fiddle_58,5,0.081,476.437,70,38
travellers_fiddle_58,6,0.073,452.211,69,47
travellers_fiddle_58,7,0.061,480.474,71,-48
travellers_fiddle_58,8,0.050,446.828,69,27
travellers_fiddle_59,1,1.000,495.279,71,5
travellers_fiddle_59,2,0.295,991.903,83,7
travellers_fiddle_59,3,0.141,502.008,71,28
travellers_fiddle_59,4,0.109,1489.87,90,12
travellers_fiddle_59,5,0.099,485.858,71,-28
travellers_fiddle_59,6,0.091,506.046,71,42
travellers_fiddle_59,7,0.075,510.083,72,-44
travellers_fiddle_59,8,0.070,477.783,70,43
travellers_fiddle_59,9,0.066,481.82,71,-43
travellers_fiddle_59,10,0.065,998.633,83,19
travellers_fiddle_59,11,0.054,18.8421,14,45
travellers_fiddle_59,12,0.050,473.745,70,28
travellers_fiddle_60,1,1.000,526.234,72,10
travellers_fiddle_60,2,0.633,520.85,72,-8
travellers_fiddle_60,3,0.315,539.692,73,-46
travellers_fiddle_60,4,0.126,1052.47,84,10
travellers_fiddle_60,5,0.101,1056.51,84,16
travellers_fiddle_60,6,0.082,1044.39,84,-3
travellers_fiddle_60,7,0.073,585.452,74,-6
travellers_fiddle_60,8,0.068,293.399,62,-2
travellers_fiddle_60,9,0.065,449.519,69,37
travellers_fiddle_60,10,0.062,391.647,67,-2
travellers_fiddle_60,11,0.056,433.369,69,-26
travellers_fiddle_60,12,0.055,594.873,74,22
travellers_fiddle_61,1,1.000,557.189,73,9
travellers_fiddle_61,2,0.815,551.805,73,-8
travellers_fiddle_61,3,0.241,569.301,73,46
travellers_fiddle_61,4,0.092,1119.76,85,17
travellers_fiddle_61,5,0.086,1106.3,85,-4
travellers_fiddle_61,6,0.084,461.632,70,-17
travellers_fiddle_61,7,0.069,1113.03,85,7
travellers_fiddle_61,8,0.068,290.707,62,-18
travellers_fiddle_61,9,0.056,488.549,71,-19
travellers_fiddle_61,10,0.054,275.903,61,-8
travellers_fiddle_62,1,1.000,588.144,74,2
travellers_fiddle_62,2,0.397,592.181,74,14
travellers_fiddle_62,3,0.236,1177.63,86,4
travellers_fiddle_62,4,0.145,576.031,74,-34
travellers_fiddle_62,5,0.133,604.294,74,49
travellers_fiddle_62,6,0.111,571.993,74,-46
travellers_fiddle_62,7,0.105,608.332,75,-39
travellers_fiddle_62,8,0.088,567.956,73,42
travellers_fiddle_62,9,0.087,612.369,75,-28
travellers_fiddle_62,10,0.075,616.407,75,-16
travellers_fiddle_62,11,0.073,563.918,73,30
travellers_fiddle_62,12,0.067,391.647,67,-2
travellers_fiddle_62,13,0.067,620.444,75,-5
travellers_fiddle_62,14,0.066,293.399,62,-2
travellers_fiddle_62,15,0.062,558.535,73,13
travellers_fiddle_62,16,0.062,18.8421,14,45
travellers_fiddle_62,17,0.058,624.482,75,6
travellers_fiddle_62,18,0.054,554.497,73,0
travellers_fiddle_62,19,0.053,1767.12,93,7
travellers_fiddle_62,20,0.052,628.52,75,17
travellers_fiddle_63,1,1.000,624.472,75,6
travellers_fiddle_63,2,0.855,622.454,75,1
travellers_fiddle_63,3,0.666,626.491,75,12
travellers_fiddle_63,4,0.583,620.435,75,-5
travellers_fiddle_63,5,0.457,628.51,75,17
travellers_fiddle_63,6,0.434,618.416,75,-11
travellers_fiddle_63,7,0.324,1242.89,87,-2
travellers_fiddle_63,8,0.318,1244.91,87,1
travellers_fiddle_63,9,0.316,616.397,75,-16
travellers_fiddle_63,10,0.312,630.529,75,23
travellers_fiddle_63,11,0.311,1248.94,87,6
travellers_fiddle_63,12,0.302,590.153,74,8
travellers_fiddle_63,13,0.292,1250.96,87,9
travellers_fiddle_63,14,0.271,1240.87,87,-5
travellers_fiddle_63,15,0.261,1246.93,87,3
travellers_fiddle_63,16,0.254,1252.98,87,12
travellers_fiddle_63,17,0.230,614.379,75,-22
travellers_fiddle_63,18,0.228,1238.85,87,-8
travellers_fiddle_63,19,0.224,592.172,74,14
travellers_fiddle_63,20,0.220,515.459,72,-26
travellers_fiddle_63,21,0.219,632.547,75,28
travellers_fiddle_63,22,0.218,588.135,74,2
travellers_fiddle_63,23,0.217,517.478,72,-19
travellers_fiddle_63,24,0.216,513.44,72,-33
travellers_fiddle_63,25,0.215,1255,87,15
travellers_fiddle_63,26,0.210,511.421,72,-40
travellers_fiddle_63,27,0.209,594.191,74,20
travellers_fiddle_63,28,0.208,519.496,72,-12
travellers_fiddle_63,29,0.205,509.403,72,-46
travellers_fiddle_63,30,0.197,521.515,72,-6
travellers_fiddle_63,31,0.196,596.21,74,26
travellers_fiddle_63,32,0.195,1236.83,87,-11
travellers_fiddle_63,33,0.193,507.384,71,47
travellers_fiddle_63,34,0.187,1257.02,87,17
travellers_fiddle_63,35,0.185,523.534,72,1
travellers_fiddle_63,36,0.183,598.228,74,32
travellers_fiddle_63,37,0.181,505.365,71,40
travellers_fiddle_63,38,0.179,612.36,75,-28
travellers_fiddle_63,39,0.174,525.553,72,8
travellers_fiddle_63,40,0.174,1875.44,94,10
travellers_fiddle_63,41,0.173,535.647,72,41
travellers_fiddle_63,42,0.171,503.346,71,33
travellers_fiddle_63,43,0.169,533.628,72,34
travellers_fiddle_63,44,0.168,537.665,72,47
travellers_fiddle_63,45,0.167,527.572,72,14
travellers_fiddle_63,46,0.166,1234.81,87,-14
travellers_fiddle_63,47,0.166,1877.45,94,12
travellers_fiddle_63,48,0.163,531.609,72,27
travellers_fiddle_63,49,0.163,529.59,72,21
travellers_fiddle_63,50,0.163,602.266,74,43
travellers_fiddle_64,1,1.000,658.129,76,-3
travellers_fiddle_64,2,0.485,1324.33,88,8
travellers_fiddle_64,3,0.402,663.512,76,11
travellers_fiddle_64,4,0.289,589.489,74,6
travellers_fiddle_64,5,0.135,391.647,67,-2
travellers_fiddle_64,6,0.109,293.399,62,-2
travellers_fiddle_64,7,0.094,784.64,79,1
travellers_fiddle_64,8,0.083,2650.01,100,9
travellers_fiddle_64,9,0.072,263.79,60,14
travellers_fiddle_64,10,0.070,18.8421,14,45
travellers_fiddle_64,11,0.062,49.7971,31,28
travellers_fiddle_64,12,0.057,461.632,70,-17
travellers_fiddle_64,13,0.056,44.4136,29,30
travellers_fiddle_65,1,1.000,703.888,77,13
travellers_fiddle_65,2,0.926,1405.08,89,10
travellers_fiddle_65,3,0.137,585.452,74,-6
travellers_fiddle_65,4,0.136,434.715,69,-21
travellers_fiddle_65,5,0.128,716.001,77,43
travellers_fiddle_65,6,0.128,779.257,79,-10
travellers_fiddle_65,7,0.126,262.444,60,5
travellers_fiddle_65,8,0.096,292.053,62,-10
travellers_fiddle_65,9,0.083,1476.42,90,-4
travellers_fiddle_65,10,0.079,387.609,67,-19
travellers_fiddle_65,11,0.077,1491.22,90,13
travellers_fiddle_65,12,0.077,1464.3,90,-18
travellers_fiddle_65,13,0.076,1483.14,90,4
travellers_fiddle_65,14,0.074,1460.26,90,-23
travellers_fiddle_65,15,0.069,726.768,78,-31
travellers_fiddle_65,16,0.067,250.331,59,24
travellers_fiddle_65,17,0.058,460.286,70,-22
travellers_fiddle_65,18,0.057,1520.83,90,47
travellers_fiddle_65,19,0.055,2807.48,101,8
travellers_fiddle_65,20,0.054,2161.46,97,-44
travellers_fiddle_66,1,1.000,745.61,78,13
travellers_fiddle_66,2,0.544,738.881,78,-3
travellers_fiddle_66,3,0.277,2230.1,97,10
travellers_fiddle_66,4,0.264,756.377,78,38
travellers_fiddle_66,5,0.250,784.64,79,1
travellers_fiddle_66,6,0.182,1484.49,90,5
travellers_fiddle_66,7,0.156,438.752,69,-5
travellers_fiddle_66,8,0.127,266.482,60,32
travellers_fiddle_66,9,0.123,293.399,62,-2
travellers_fiddle_66,10,0.118,765.798,79,-41
travellers_fiddle_66,11,0.118,693.121,77,-13
travellers_fiddle_66,12,0.110,2248.94,97,24
travellers_fiddle_66,13,0.100,18.8421,14,45
travellers_fiddle_66,14,0.099,589.489,74,6
travellers_fiddle_66,15,0.097,1469.69,90,-12
travellers_fiddle_66,16,0.094,705.234,77,17
travellers_fiddle_66,17,0.081,1501.99,90,26
travellers_fiddle_66,18,0.068,391.647,67,-2
travellers_fiddle_66,19,0.065,679.662,77,-47
travellers_fiddle_66,20,0.061,3710.55,106,-9
travellers_fiddle_66,21,0.058,2209.91,97,-6
travellers_fiddle_66,22,0.058,2956.87,102,-2
travellers_fiddle_66,23,0.056,2968.98,102,5
travellers_fiddle_66,24,0.055,12.1128,7,-19
travellers_fiddle_66,25,0.054,666.204,76,18
travellers_fiddle_66,26,0.053,28.2632,21,47
travellers_fiddle_66,27,0.051,25.5715,20,-26
travellers_fiddle_67,1,1.000,780.602,79,-7
travellers_fiddle_67,2,0.075,763.106,79,-47
travellers_fiddle_67,3,0.053,1566.59,91,-2
travellers_fiddle_68,1,1.000,831.745,80,2
travellers_fiddle_68,2,0.168,775.219,79,-19
travellers_fiddle_68,3,0.152,838.475,80,16
travellers_fiddle_68,4,0.120,846.55,80,33
travellers_fiddle_68,5,0.103,869.43,81,-21
travellers_fiddle_68,6,0.067,803.482,79,43
travellers_fiddle_68,7,0.067,585.452,74,-6
travellers_fiddle_68,8,0.061,288.015,62,-34
travellers_fiddle_68,9,0.051,17.4963,13,17
travellers_fiddle_68,10,0.050,795.407,79,25
travellers_fiddle_69,1,1.000,884.234,81,8
travellers_fiddle_69,2,0.078,787.332,79,7
travellers_fiddle_69,3,0.055,896.347,81,32
travellers_fiddle_70,1,1.000,936.723,82,8
travellers_fiddle_70,2,0.101,927.302,82,-9
travellers_fiddle_70,3,0.076,950.182,82,33
travellers_fiddle_70,4,0.066,829.054,80,-3
travellers_fiddle_70,5,0.064,952.873,82,38
travellers_fiddle_70,6,0.059,920.573,82,-22
travellers_fiddle_70,7,0.054,834.437,80,8
travellers_fiddle_70,8,0.053,1876.14,94,11
travellers_fiddle_71,1,1.000,993.249,83,10
travellers_fiddle_71,2,0.654,998.633,83,19
travellers_fiddle_71,3,0.217,3013.39,102,31
travellers_fiddle_71,4,0.212,981.137,83,-12
travellers_fiddle_71,5,0.192,3001.28,102,24
travellers_fiddle_71,6,0.184,2982.44,102,13
travellers_fiddle_71,7,0.145,975.753,83,-21
travellers_fiddle_71,8,0.121,963.64,83,-43
travellers_fiddle_71,9,0.102,942.106,82,18
travellers_fiddle_71,10,0.068,4006.64,107,24
travellers_fiddle_71,11,0.061,1985.15,95,8
travellers_fiddle_71,12,0.059,1079.38,85,-46
travellers_fiddle_71,13,0.057,799.445,79,34
travellers_fiddle_71,14,0.056,429.331,69,-42
travellers_fiddle_71,15,0.051,514.121,72,-30
travellers_fiddle_72,1,1.000,1055.82,84,15
travellers_fiddle_72,2,0.955,1053.8,84,12
travellers_fiddle_72,3,0.873,1051.11,84,8
travellers_fiddle_72,4,0.763,1065.91,84,32
travellers_fiddle_72,5,0.736,1073.31,84,44
travellers_fiddle_72,6,0.732,1068.6,84,36
travellers_fiddle_72,7,0.713,1071.29,84,41
travellers_fiddle_72,8,0.697,1063.22,84,27
travellers_fiddle_72,9,0.671,1076,84,48
travellers_fiddle_72,10,0.657,1048.41,84,3
travellers_fiddle_72,11,0.613,1078.7,85,-48
travellers_fiddle_72,12,0.604,1080.71,85,-44
travellers_fiddle_72,13,0.558,1083.41,85,-40
travellers_fiddle_72,14,0.549,1061.2,84,24
travellers_fiddle_72,15,0.503,1058.51,84,20
travellers_fiddle_72,16,0.492,1086.1,85,-36
travellers_fiddle_72,17,0.469,1008.71,83,36
travellers_fiddle_72,18,0.461,1006.02,83,32
travellers_fiddle_72,19,0.450,1088.12,85,-32
travellers_fiddle_72,20,0.439,1001.31,83,24
travellers_fiddle_72,21,0.429,1004,83,28
travellers_fiddle_72,22,0.427,1011.4,83,41
travellers_fiddle_72,23,0.421,998.618,83,19
travellers_fiddle_72,24,0.420,1090.81,85,-28
travellers_fiddle_72,25,0.419,1046.4,84,0
travellers_fiddle_72,26,0.392,1013.42,83,44
travellers_fiddle_72,27,0.388,993.907,83,11
travellers_fiddle_72,28,0.376,995.926,83,14
travellers_fiddle_72,29,0.375,991.215,83,6
travellers_fiddle_72,30,0.375,1016.11,83,49
travellers_fiddle_72,31,0.361,1093.5,85,-24
travellers_fiddle_72,32,0.354,2104.9,96,10
travellers_fiddle_72,33,0.344,2107.59,96,12
travellers_fiddle_72,34,0.337,2137.2,96,36
travellers_fiddle_72,35,0.336,2132.49,96,32
travellers_fiddle_72,36,0.336,2129.8,96,30
travellers_fiddle_72,37,0.334,1018.81,84,-46
travellers_fiddle_72,38,0.332,988.524,83,1
travellers_fiddle_72,39,0.331,263.786,60,14
travellers_fiddle_72,40,0.324,266.477,60,32
travellers_fiddle_72,41,0.323,2134.51,96,34
travellers_fiddle_72,42,0.315,2102.21,96,8
travellers_fiddle_72,43,0.314,1096.19,85,-20
travellers_fiddle_72,44,0.312,986.505,83,-2
travellers_fiddle_72,45,0.311,1026.21,84,-34
travellers_fiddle_72,46,0.308,2127.11,96,28
travellers_fiddle_72,47,0.307,1023.52,84,-38
travellers_fiddle_72,48,0.305,2109.61,96,14
travellers_fiddle_72,49,0.304,1098.21,85,-17
travellers_fiddle_72,50,0.304,2139.89,96,38